id,timestamp,price,market_cap,total_volume,ath,atl,open,high,low,close
bitcoin,2025-09-23,112692.49699542264,2245276233641.6846,69429706182.08765,126080.0,67.81,112692.49699542264,112692.49699542264,112692.49699542264,112692.49699542264
bitcoin,2025-09-24,112002.46136592983,2232047791436.3643,46102035931.6177,126080.0,67.81,112002.46136592983,112002.46136592983,112002.46136592983,112002.46136592983
bitcoin,2025-09-25,113317.1626894919,2257709115962.068,46524713093.00272,126080.0,67.81,113317.1626894919,113317.1626894919,113317.1626894919,113317.1626894919
bitcoin,2025-09-26,109233.05041611978,2174880943300.0088,74632502319.236,126080.0,67.81,109233.05041611978,109233.05041611978,109233.05041611978,109233.05041611978
bitcoin,2025-09-27,109660.37389675,2186075315820.048,55614979705.47469,126080.0,67.81,109660.37389675,109660.37389675,109660.37389675,109660.37389675
bitcoin,2025-09-28,109675.14319507511,2185277342378.6892,23211636962.190052,126080.0,67.81,109675.14319507511,109675.14319507511,109675.14319507511,109675.14319507511
bitcoin,2025-09-29,112179.39882976888,2235609066822.1436,31224411359.38822,126080.0,67.81,112179.39882976888,112179.39882976888,112179.39882976888,112179.39882976888
bitcoin,2025-09-30,114327.17133804818,2277867378927.1157,58127995123.524475,126080.0,67.81,114327.17133804818,114327.17133804818,114327.17133804818,114327.17133804818
bitcoin,2025-10-01,114087.51383151024,2273504154331.4,57502030257.13929,126080.0,67.81,114087.51383151024,114087.51383151024,114087.51383151024,114087.51383151024
bitcoin,2025-10-02,118930.95511416093,2362725829233.926,71115681447.90572,126080.0,67.81,118930.95511416093,118930.95511416093,118930.95511416093,118930.95511416093
bitcoin,2025-10-03,120514.57785586917,2404248760305.848,70708858533.94963,126080.0,67.81,120514.57785586917,120514.57785586917,120514.57785586917,120514.57785586917
bitcoin,2025-10-04,122294.92441742844,2437130562668.8506,82671538752.18507,126080.0,67.81,122294.92441742844,122294.92441742844,122294.92441742844,122294.92441742844
bitcoin,2025-10-05,122428.89063350527,2438832157552.7866,34849439420.54489,126080.0,67.81,122428.89063350527,122428.89063350527,122428.89063350527,122428.89063350527
bitcoin,2025-10-06,123488.7305970136,2461262484402.037,72019647929.19965,126080.0,67.81,123488.7305970136,123488.7305970136,123488.7305970136,123488.7305970136
bitcoin,2025-10-07,124739.81088811433,2486786743153.339,69590622748.93546,126080.0,67.81,124739.81088811433,124739.81088811433,124739.81088811433,124739.81088811433
bitcoin,2025-10-08,121463.11808164183,2419756015403.5737,76267785779.67648,126080.0,67.81,121463.11808164183,121463.11808164183,121463.11808164183,121463.11808164183
bitcoin,2025-10-09,123342.98469750278,2458603013498.3677,62477310406.27758,126080.0,67.81,123342.98469750278,123342.98469750278,123342.98469750278,123342.98469750278
bitcoin,2025-10-10,121718.66757741552,2425643508379.291,70251676816.29187,126080.0,67.81,121718.66757741552,121718.66757741552,121718.66757741552,121718.66757741552
bitcoin,2025-10-11,113043.67586321976,2255299161767.251,144943015938.3649,126080.0,67.81,113043.67586321976,113043.67586321976,113043.67586321976,113043.67586321976
bitcoin,2025-10-12,110655.26975977032,2208268263699.5435,107157298680.41296,126080.0,67.81,110655.26975977032,110655.26975977032,110655.26975977032,110655.26975977032
bitcoin,2025-10-13,115060.88417839336,2296145057231.311,94708784245.21095,126080.0,67.81,115060.88417839336,115060.88417839336,115060.88417839336,115060.88417839336
bitcoin,2025-10-14,115226.58429002496,2297230038136.1206,69763980483.05035,126080.0,67.81,115226.58429002496,115226.58429002496,115226.58429002496,115226.58429002496
bitcoin,2025-10-15,113066.35078450407,2255593612790.7695,90869410253.5259,126080.0,67.81,113066.35078450407,113066.35078450407,113066.35078450407,113066.35078450407
bitcoin,2025-10-16,110844.40417180728,2207806038542.883,69122428610.59442,126080.0,67.81,110844.40417180728,110844.40417180728,110844.40417180728,110844.40417180728
bitcoin,2025-10-17,108168.17353436728,2154964541836.455,84082093222.60306,126080.0,67.81,108168.17353436728,108168.17353436728,108168.17353436728,108168.17353436728
bitcoin,2025-10-18,106483.89143637568,2122018970045.2217,93367527992.40788,126080.0,67.81,106483.89143637568,106483.89143637568,106483.89143637568,106483.89143637568
bitcoin,2025-10-19,107210.0961099579,2137453218003.543,34274045674.98172,126080.0,67.81,107210.0961099579,107210.0961099579,107210.0961099579,107210.0961099579
bitcoin,2025-10-20,108655.50525004532,2165876768810.395,45408363377.72644,126080.0,67.81,108655.50525004532,108655.50525004532,108655.50525004532,108655.50525004532
bitcoin,2025-10-21,110535.86301373685,2204762231502.6216,60485991981.36072,126080.0,67.81,110535.86301373685,110535.86301373685,110535.86301373685,110535.86301373685
bitcoin,2025-10-22,108301.75462476298,2160928131234.672,106023290697.83669,126080.0,67.81,108301.75462476298,108301.75462476298,108301.75462476298,108301.75462476298
bitcoin,2025-10-23,107591.4605093986,2146123605489.606,83845139284.72319,126080.0,67.81,107591.4605093986,107591.4605093986,107591.4605093986,107591.4605093986
bitcoin,2025-10-24,110109.30522515893,2194925940893.7788,56491079757.07301,126080.0,67.81,110109.30522515893,110109.30522515893,110109.30522515893,110109.30522515893
bitcoin,2025-10-25,111030.1833786475,2213139524569.58,48872190916.663475,126080.0,67.81,111030.1833786475,111030.1833786475,111030.1833786475,111030.1833786475
bitcoin,2025-10-26,111631.63726547628,2226000980105.0205,23134490005.056484,126080.0,67.81,111631.63726547628,111631.63726547628,111631.63726547628,111631.63726547628
bitcoin,2025-10-27,114419.22169689646,2282298627073.1055,42750060282.16964,126080.0,67.81,114419.22169689646,114419.22169689646,114419.22169689646,114419.22169689646
bitcoin,2025-10-28,114085.33123756813,2275880103405.9155,63590066600.175964,126080.0,67.81,114085.33123756813,114085.33123756813,114085.33123756813,114085.33123756813
bitcoin,2025-10-29,112893.85203624627,2252121103480.7026,66364500455.87147,126080.0,67.81,112893.85203624627,112893.85203624627,112893.85203624627,112893.85203624627
bitcoin,2025-10-30,110026.087620204,2195202860989.228,63857391864.357346,126080.0,67.81,110026.087620204,110026.087620204,110026.087620204,110026.087620204
bitcoin,2025-10-31,108409.379924928,2159719137272.1077,72745717851.83144,126080.0,67.81,108409.379924928,108409.379924928,108409.379924928,108409.379924928
bitcoin,2025-11-01,109566.6066188076,2184958376796.8809,58440602313.48507,126080.0,67.81,109566.6066188076,109566.6066188076,109566.6066188076,109566.6066188076
bitcoin,2025-11-02,110066.94174051796,2194472770726.0208,25245930840.49496,126080.0,67.81,110066.94174051796,110066.94174051796,110066.94174051796,110066.94174051796
bitcoin,2025-11-03,110499.52238345638,2206951286346.512,36196258871.740746,126080.0,67.81,110499.52238345638,110499.52238345638,110499.52238345638,110499.52238345638
bitcoin,2025-11-04,106451.70653262926,2125234946159.2783,74958013879.9072,126080.0,67.81,106451.70653262926,106451.70653262926,106451.70653262926,106451.70653262926
bitcoin,2025-11-05,101480.76659609628,2027117373395.1697,112885195780.5525,126080.0,67.81,101480.76659609628,101480.76659609628,101480.76659609628,101480.76659609628
bitcoin,2025-11-06,103878.9335997028,2072420580091.9111,77092678814.22162,126080.0,67.81,103878.9335997028,103878.9335997028,103878.9335997028,103878.9335997028
bitcoin,2025-11-07,101261.6455104612,2019505617727.349,64007649509.20418,126080.0,67.81,101261.6455104612,101261.6455104612,101261.6455104612,101261.6455104612
bitcoin,2025-11-08,103191.7560668328,2061483488853.8977,93538572265.21951,126080.0,67.81,103191.7560668328,103191.7560668328,103191.7560668328,103191.7560668328
bitcoin,2025-11-09,102286.82524827348,2040163403275.169,50894858647.50912,126080.0,67.81,102286.82524827348,102286.82524827348,102286.82524827348,102286.82524827348
bitcoin,2025-11-10,104610.22853607994,2088246864454.0945,60194546960.33833,126080.0,67.81,104610.22853607994,104610.22853607994,104610.22853607994,104610.22853607994
bitcoin,2025-11-11,105951.49599987874,2113691346622.1785,68564010180.83136,126080.0,67.81,105951.49599987874,105951.49599987874,105951.49599987874,105951.49599987874
bitcoin,2025-11-12,103112.21006199118,2055081880355.954,70852634666.83731,126080.0,67.81,103112.21006199118,103112.21006199118,103112.21006199118,103112.21006199118
bitcoin,2025-11-13,101633.69431605682,2025171098463.4424,63477601852.15417,126080.0,67.81,101633.69431605682,101633.69431605682,101633.69431605682,101633.69431605682
bitcoin,2025-11-14,99480.3070908126,1989587716654.155,102195102447.30595,126080.0,67.81,99480.3070908126,99480.3070908126,99480.3070908126,99480.3070908126
bitcoin,2025-11-15,94772.61435799382,1883528419611.1135,115272175140.32063,126080.0,67.81,94772.61435799382,94772.61435799382,94772.61435799382,94772.61435799382
bitcoin,2025-11-16,95380.13316661112,1906286799108.28,54387419306.11884,126080.0,67.81,95380.13316661112,95380.13316661112,95380.13316661112,95380.13316661112
bitcoin,2025-11-17,94188.27668924726,1879821625636.488,72739120446.02757,126080.0,67.81,94188.27668924726,94188.27668924726,94188.27668924726,94188.27668924726
bitcoin,2025-11-18,92100.36452360668,1836812997467.337,95883316484.1477,126080.0,67.81,92100.36452360668,92100.36452360668,92100.36452360668,92100.36452360668
bitcoin,2025-11-19,92903.18008511196,1852965766035.4404,103824226263.22484,126080.0,67.81,92903.18008511196,92903.18008511196,92903.18008511196,92903.18008511196
bitcoin,2025-11-20,91408.3573343969,1824001855237.545,82382857264.52737,126080.0,67.81,91408.3573343969,91408.3573343969,91408.3573343969,91408.3573343969
bitcoin,2025-11-21,86618.47155915352,1730169291917.76,99655978116.57716,126080.0,67.81,86618.47155915352,86618.47155915352,86618.47155915352,86618.47155915352
bitcoin,2025-11-22,85087.95256265256,1696834479574.6868,134153421262.54707,126080.0,67.81,85087.95256265256,85087.95256265256,85087.95256265256,85087.95256265256
bitcoin,2025-11-23,84675.50764856212,1689663589864.315,42625485730.96879,126080.0,67.81,84675.50764856212,84675.50764856212,84675.50764856212,84675.50764856212
bitcoin,2025-11-24,86740.11773876166,1731240703090.288,60729919440.15148,126080.0,67.81,86740.11773876166,86740.11773876166,86740.11773876166,86740.11773876166
bitcoin,2025-11-25,88256.04395603726,1760876158638.0408,77456583961.57693,126080.0,67.81,88256.04395603726,88256.04395603726,88256.04395603726,88256.04395603726
bitcoin,2025-11-26,87317.00455056976,1742579106347.7073,67713695255.755325,126080.0,67.81,87317.00455056976,87317.00455056976,87317.00455056976,87317.00455056976
bitcoin,2025-11-27,90515.94357835098,1805319494740.8276,69936036009.3311,126080.0,67.81,90515.94357835098,90515.94357835098,90515.94357835098,90515.94357835098
bitcoin,2025-11-28,91323.62827620257,1821686350208.8733,59468780651.35936,126080.0,67.81,91323.62827620257,91323.62827620257,91323.62827620257,91323.62827620257
bitcoin,2025-11-29,90904.86767344688,1814035459752.682,62799469481.10599,126080.0,67.81,90904.86767344688,90904.86767344688,90904.86767344688,90904.86767344688
bitcoin,2025-11-30,90832.18685385384,1812771321410.944,39065687179.607704,126080.0,67.81,90832.18685385384,90832.18685385384,90832.18685385384,90832.18685385384
bitcoin,2025-12-01,90359.86873169734,1804580223118.8345,41014032387.06181,126080.0,67.81,90359.86873169734,90359.86873169734,90359.86873169734,90359.86873169734
bitcoin,2025-12-02,86303.89766361401,1722165915578.808,91924719323.89912,126080.0,67.81,86303.89766361401,86303.89766361401,86303.89766361401,86303.89766361401
bitcoin,2025-12-03,91320.07942505728,1823014041001.2756,82893667270.3484,126080.0,67.81,91320.07942505728,91320.07942505728,91320.07942505728,91320.07942505728
bitcoin,2025-12-04,93428.59451478458,1867918440559.5425,81350005230.38739,126080.0,67.81,93428.59451478458,93428.59451478458,93428.59451478458,93428.59451478458
bitcoin,2025-12-05,92119.19047831658,1838202452874.2395,67905527468.52411,126080.0,67.81,92119.19047831658,92119.19047831658,92119.19047831658,92119.19047831658
bitcoin,2025-12-06,89264.22915485654,1783420367861.1216,51013012514.85347,126080.0,67.81,89264.22915485654,89264.22915485654,89264.22915485654,89264.22915485654
bitcoin,2025-12-07,89227.45274823112,1781473275096.9917,24891684287.76675,126080.0,67.81,89227.45274823112,89227.45274823112,89227.45274823112,89227.45274823112
bitcoin,2025-12-08,90398.44875659447,1802958541728.722,34924915303.026115,126080.0,67.81,90398.44875659447,90398.44875659447,90398.44875659447,90398.44875659447
bitcoin,2025-12-09,90626.0373431212,1808501444019.7495,45380679058.39334,126080.0,67.81,90626.0373431212,90626.0373431212,90626.0373431212,90626.0373431212
bitcoin,2025-12-10,92686.10402025311,1850293655502.181,54394509374.267654,126080.0,67.81,92686.10402025311,92686.10402025311,92686.10402025311,92686.10402025311
bitcoin,2025-12-11,91986.58107213798,1837368941062.516,52450001646.09194,126080.0,67.81,91986.58107213798,91986.58107213798,91986.58107213798,91986.58107213798
bitcoin,2025-12-12,92525.8680026296,1847119089483.3413,52726615852.23652,126080.0,67.81,92525.8680026296,92525.8680026296,92525.8680026296,92525.8680026296
bitcoin,2025-12-13,90260.54242242372,1801893841647.4097,67594286634.22623,126080.0,67.81,90260.54242242372,90260.54242242372,90260.54242242372,90260.54242242372
bitcoin,2025-12-14,90253.11813342397,1802028910320.9023,35192318973.6756,126080.0,67.81,90253.11813342397,90253.11813342397,90253.11813342397,90253.11813342397
bitcoin,2025-12-15,88184.41093067056,1760354230589.3552,34281959962.42461,126080.0,67.81,88184.41093067056,88184.41093067056,88184.41093067056,88184.41093067056
bitcoin,2025-12-16,86413.22138097929,1725206666830.8127,50413200076.564606,126080.0,67.81,86413.22138097929,86413.22138097929,86413.22138097929,86413.22138097929
bitcoin,2025-12-17,87719.68139798648,1753485223429.683,48224383878.115395,126080.0,67.81,87719.68139798648,87719.68139798648,87719.68139798648,87719.68139798648
bitcoin,2025-12-18,86196.82137334664,1718910200047.374,49522842150.097435,126080.0,67.81,86196.82137334664,86196.82137334664,86196.82137334664,86196.82137334664
bitcoin,2025-12-19,85450.17964790671,1705923883033.444,58379753047.75993,126080.0,67.81,85450.17964790671,85450.17964790671,85450.17964790671,85450.17964790671
bitcoin,2025-12-20,88091.69571216944,1758617508011.9905,51459353843.34712,126080.0,67.81,88091.69571216944,88091.69571216944,88091.69571216944,88091.69571216944
bitcoin,2025-12-21,88348.27802016199,1763949555471.3745,16933441829.084406,126080.0,67.81,88348.27802016199,88348.27802016199,88348.27802016199,88348.27802016199
bitcoin,2025-12-22,88672.32967904503,1769182018548.0688,22542141406.091,126080.0,67.81,88672.32967904503,88672.32967904503,88672.32967904503,88672.32967904503
bitcoin,2025-12-23,88489.72404150236,1767230408064.2593,42394679738.146996,126080.0,67.81,88489.72404150236,88489.72404150236,88489.72404150236,88489.72404150236
bitcoin,2025-12-24,87496.14669239183,1745170281695.8684,48245169577.68594,126080.0,67.81,87496.14669239183,87496.14669239183,87496.14669239183,87496.14669239183
bitcoin,2025-12-25,87589.01664996856,1749380269942.6577,28866214135.263428,126080.0,67.81,87589.01664996856,87589.01664996856,87589.01664996856,87589.01664996856
bitcoin,2025-12-26,87192.23473670239,1741524937162.2537,22750463865.458553,126080.0,67.81,87192.23473670239,87192.23473670239,87192.23473670239,87192.23473670239
bitcoin,2025-12-27,87303.04428036696,1743265213477.923,46518276271.203316,126080.0,67.81,87303.04428036696,87303.04428036696,87303.04428036696,87303.04428036696
bitcoin,2025-12-28,87852.98655230374,1753170406449.7837,15521583398.6969,126080.0,67.81,87852.98655230374,87852.98655230374,87852.98655230374,87852.98655230374
bitcoin,2025-12-29,87867.03943448896,1753776420254.8835,17379845114.74183,126080.0,67.81,87867.03943448896,87867.03943448896,87867.03943448896,87867.03943448896
bitcoin,2025-12-30,87154.68240604762,1740448227093.1155,53486264296.63849,126080.0,67.81,87154.68240604762,87154.68240604762,87154.68240604762,87154.68240604762
bitcoin,2025-12-31,88363.72223633934,1765901370591.8586,39887379620.636406,126080.0,67.81,88363.72223633934,88363.72223633934,88363.72223633934,88363.72223633934
bitcoin,2026-01-01,87575.04615968224,1748854230148.607,39392066176.06047,126080.0,67.81,87575.04615968224,87575.04615968224,87575.04615968224,87575.04615968224
bitcoin,2026-01-02,88764.12624075128,1772643389813.6357,20428177253.73692,126080.0,67.81,88764.12624075128,88764.12624075128,88764.12624075128,88764.12624075128
bitcoin,2026-01-03,89978.91920361611,1796943351423.4443,45168875313.07379,126080.0,67.81,89978.91920361611,89978.91920361611,89978.91920361611,89978.91920361611
bitcoin,2026-01-04,90614.40684381907,1809678441959.2795,22325348071.737984,126080.0,67.81,90614.40684381907,90614.40684381907,90614.40684381907,90614.40684381907
bitcoin,2026-01-05,91879.5772256957,1834987309777.0288,26083966420.127327,126080.0,67.81,91879.5772256957,91879.5772256957,91879.5772256957,91879.5772256957
bitcoin,2026-01-06,93879.9479734475,1874977643561.6355,55002520537.91729,126080.0,67.81,93879.9479734475,93879.9479734475,93879.9479734475,93879.9479734475
bitcoin,2026-01-07,93649.6319764084,1870414277860.5935,54207403508.290565,126080.0,67.81,93649.6319764084,93649.6319764084,93649.6319764084,93649.6319764084
bitcoin,2026-01-08,91286.03314397692,1823249641248.364,43637876514.88601,126080.0,67.81,91286.03314397692,91286.03314397692,91286.03314397692,91286.03314397692
bitcoin,2026-01-09,91027.66616983686,1818127709176.3096,45523345076.77888,126080.0,67.81,91027.66616983686,91027.66616983686,91027.66616983686,91027.66616983686
bitcoin,2026-01-10,90551.71363174269,1808660912220.566,40577564756.70896,126080.0,67.81,90551.71363174269,90551.71363174269,90551.71363174269,90551.71363174269
bitcoin,2026-01-11,90420.29795170767,1806081524434.709,13130560424.187477,126080.0,67.81,90420.29795170767,90420.29795170767,90420.29795170767,90420.29795170767
bitcoin,2026-01-12,90856.55910152226,1814830239671.1992,18738794931.937737,126080.0,67.81,90856.55910152226,90856.55910152226,90856.55910152226,90856.55910152226
bitcoin,2026-01-13,91200.62761511702,1821743571887.9038,44068501423.7581,126080.0,67.81,91200.62761511702,91200.62761511702,91200.62761511702,91200.62761511702
bitcoin,2026-01-14,95429.1573224277,1906249903552.0205,62945393253.68035,126080.0,67.81,95429.1573224277,95429.1573224277,95429.1573224277,95429.1573224277
bitcoin,2026-01-15,96898.76071081961,1935642376552.2793,61382472736.98417,126080.0,67.81,96898.76071081961,96898.76071081961,96898.76071081961,96898.76071081961
bitcoin,2026-01-16,95593.30783680787,1909607764838.513,55642771728.32982,126080.0,67.81,95593.30783680787,95593.30783680787,95593.30783680787,95593.30783680787
bitcoin,2026-01-17,95523.1861982478,1908245771104.619,34566775915.66836,126080.0,67.81,95523.1861982478,95523.1861982478,95523.1861982478,95523.1861982478
bitcoin,2026-01-18,94802.88170431636,1893940780540.7515,339120955.93127555,126080.0,67.81,94802.88170431636,94802.88170431636,94802.88170431636,94802.88170431636
bitcoin,2026-01-19,93344.2194849136,1864801600128.905,21298841865.41941,126080.0,67.81,93344.2194849136,93344.2194849136,93344.2194849136,93344.2194849136
bitcoin,2026-01-20,92566.01277952259,1849293615306.6567,39097643741.27547,126080.0,67.81,92566.01277952259,92566.01277952259,92566.01277952259,92566.01277952259
bitcoin,2026-01-21,88416.88686186896,1766441725515.5132,56511733044.1349,126080.0,67.81,88416.88686186896,88416.88686186896,88416.88686186896,88416.88686186896
bitcoin,2026-01-22,89453.90473719541,1787198131481.9512,57881569376.12667,126080.0,67.81,89453.90473719541,89453.90473719541,89453.90473719541,89453.90473719541
bitcoin,2026-01-23,89483.65163014928,1787836917555.1865,36359870189.76939,126080.0,67.81,89483.65163014928,89483.65163014928,89483.65163014928,89483.65163014928
bitcoin,2026-01-24,89524.84864062016,1788698866227.4563,39792198050.71474,126080.0,67.81,89524.84864062016,89524.84864062016,89524.84864062016,89524.84864062016
bitcoin,2026-01-25,89149.95970929884,1781238125881.8794,15238062167.099787,126080.0,67.81,89149.95970929884,89149.95970929884,89149.95970929884,89149.95970929884
bitcoin,2026-01-26,86625.33128140382,1730823322190.6162,36938952712.340645,126080.0,67.81,86625.33128140382,86625.33128140382,86625.33128140382,86625.33128140382
bitcoin,2026-01-27,88249.90141827049,1763317661992.5044,46474269066.90061,126080.0,67.81,88249.90141827049,88249.90141827049,88249.90141827049,88249.90141827049
bitcoin,2026-01-28,89141.65035979386,1781169624000.1633,36377691323.13106,126080.0,67.81,89141.65035979386,89141.65035979386,89141.65035979386,89141.65035979386
bitcoin,2026-01-29,89212.20824183176,1782608191361.8965,42462716313.97241,126080.0,67.81,89212.20824183176,89212.20824183176,89212.20824183176,89212.20824183176
bitcoin,2026-01-30,84630.42066738439,1691092174731.011,65376348930.41441,126080.0,67.81,84630.42066738439,84630.42066738439,84630.42066738439,84630.42066738439
bitcoin,2026-01-31,84091.63017682909,1680358897717.733,75170512251.03844,126080.0,67.81,84091.63017682909,84091.63017682909,84091.63017682909,84091.63017682909
bitcoin,2026-02-01,78647.02739790398,1571576493914.8904,71926455760.10817,126080.0,67.81,78647.02739790398,78647.02739790398,78647.02739790398,78647.02739790398
bitcoin,2026-02-02,76895.58665593083,1536578056063.6562,48233643712.95648,126080.0,67.81,76895.58665593083,76895.58665593083,76895.58665593083,76895.58665593083
bitcoin,2026-02-03,78670.58922752787,1572047321850.9954,73991985457.52467,126080.0,67.81,78670.58922752787,78670.58922752787,78670.58922752787,78670.58922752787
bitcoin,2026-02-04,75628.04173330522,1511249141910.282,72233317228.06505,126080.0,67.81,75628.04173330522,75628.04173330522,75628.04173330522,75628.04173330522
bitcoin,2026-02-05,73059.17986713687,1460053444889.3728,68374355882.45056,126080.0,67.81,73059.17986713687,73059.17986713687,73059.17986713687,73059.17986713687
bitcoin,2026-02-06,62778.217566354324,1254617718584.4033,129134440971.82802,126080.0,67.81,62778.217566354324,62778.217566354324,62778.217566354324,62778.217566354324
bitcoin,2026-02-07,70272.52223140873,1404422427900.4514,126396906616.22752,126080.0,67.81,70272.52223140873,70272.52223140873,70272.52223140873,70272.52223140873
bitcoin,2026-02-08,69245.78200906444,1383938789934.4868,64250664588.4053,126080.0,67.81,69245.78200906444,69245.78200906444,69245.78200906444,69245.78200906444
bitcoin,2026-02-09,70398.0850329669,1407004286702.8896,40089087531.667786,126080.0,67.81,70398.0850329669,70398.0850329669,70398.0850329669,70398.0850329669
bitcoin,2026-02-10,70175.14749173766,1402584286978.939,53925112157.0578,126080.0,67.81,70175.14749173766,70175.14749173766,70175.14749173766,70175.14749173766
bitcoin,2026-02-11,68841.8723764457,1376158047090.4307,41873860130.18897,126080.0,67.81,68841.8723764457,68841.8723764457,68841.8723764457,68841.8723764457
bitcoin,2026-02-12,67090.5793396472,1340996637525.7053,52281220867.25625,126080.0,67.81,67090.5793396472,67090.5793396472,67090.5793396472,67090.5793396472
bitcoin,2026-02-13,66258.52954947444,1324400733134.6533,45369992005.59255,126080.0,67.81,66258.52954947444,66258.52954947444,66258.52954947444,66258.52954947444
bitcoin,2026-02-14,68837.58112429692,1375985529045.6062,40892558813.499725,126080.0,67.81,68837.58112429692,68837.58112429692,68837.58112429692,68837.58112429692
bitcoin,2026-02-15,69799.5509626349,1395251772208.4526,36727480880.995705,126080.0,67.81,69799.5509626349,69799.5509626349,69799.5509626349,69799.5509626349
bitcoin,2026-02-16,68778.84298479716,1374891409746.7566,40162771612.068054,126080.0,67.81,68778.84298479716,68778.84298479716,68778.84298479716,68778.84298479716
bitcoin,2026-02-17,68859.77618747062,1376546726938.174,34628731308.789856,126080.0,67.81,68859.77618747062,68859.77618747062,68859.77618747062,68859.77618747062
bitcoin,2026-02-18,67559.29573331702,1350583353307.6948,35232805957.963844,126080.0,67.81,67559.29573331702,67559.29573331702,67559.29573331702,67559.29573331702
bitcoin,2026-02-19,66426.61953458567,1327971882876.0806,33982301570.40156,126080.0,67.81,66426.61953458567,66426.61953458567,66426.61953458567,66426.61953458567
bitcoin,2026-02-20,66976.02936410521,1338989802249.3938,32382298212.42231,126080.0,67.81,66976.02936410521,66976.02936410521,66976.02936410521,66976.02936410521
bitcoin,2026-02-21,68002.9401106256,1359548508149.9219,50312214815.706154,126080.0,67.81,68002.9401106256,68002.9401106256,68002.9401106256,68002.9401106256
bitcoin,2026-02-22,68026.03124326779,1360035939392.7476,19319150166.173923,126080.0,67.81,68026.03124326779,68026.03124326779,68026.03124326779,68026.03124326779
bitcoin,2026-02-23,65192.18870120006,1303412071350.4219,21560319889.519894,126080.0,67.81,65192.18870120006,65192.18870120006,65192.18870120006,65192.18870120006
bitcoin,2026-02-24,64737.90196985264,1294359253920.9185,48924949103.35122,126080.0,67.81,64737.90196985264,64737.90196985264,64737.90196985264,64737.90196985264
bitcoin,2026-02-25,64073.54894566756,1281109347803.1018,41350119554.20219,126080.0,67.81,64073.54894566756,64073.54894566756,64073.54894566756,64073.54894566756
bitcoin,2026-02-26,67850.10521282951,1356652404814.3232,47180923359.080025,126080.0,67.81,67850.10521282951,67850.10521282951,67850.10521282951,67850.10521282951
bitcoin,2026-02-27,67496.84163950248,1349617910213.303,39031524535.381454,126080.0,67.81,67496.84163950248,67496.84163950248,67496.84163950248,67496.84163950248
bitcoin,2026-02-28,65891.22197698704,1317542293327.2354,37742232580.72011,126080.0,67.81,65891.22197698704,65891.22197698704,65891.22197698704,65891.22197698704
bitcoin,2026-03-01,67017.07604771722,1340085381689.69,41709946431.8835,126080.0,67.81,67017.07604771722,67017.07604771722,67017.07604771722,67017.07604771722
bitcoin,2026-03-02,65824.42166938317,1316266670911.0593,38811585997.47521,126080.0,67.81,65824.42166938317,65824.42166938317,65824.42166938317,65824.42166938317
bitcoin,2026-03-03,68815.9363388441,1376116545555.9185,54357544833.320946,126080.0,67.81,68815.9363388441,68815.9363388441,68815.9363388441,68815.9363388441
bitcoin,2026-03-04,68287.46303403362,1365575947099.492,46018172072.016,126080.0,67.81,68287.46303403362,68287.46303403362,68287.46303403362,68287.46303403362
bitcoin,2026-03-05,72752.30156666112,1454892523976.9167,73011893269.31757,126080.0,67.81,72752.30156666112,72752.30156666112,72752.30156666112,72752.30156666112
bitcoin,2026-03-06,70868.21819643723,1417251399988.9395,47524397870.037544,126080.0,67.81,70868.21819643723,70868.21819643723,70868.21819643723,70868.21819643723
bitcoin,2026-03-07,68142.88312387785,1362780115876.562,39123856299.45234,126080.0,67.81,68142.88312387785,68142.88312387785,68142.88312387785,68142.88312387785
bitcoin,2026-03-08,67339.67440056572,1346745070785.4204,21800679517.848392,126080.0,67.81,67339.67440056572,67339.67440056572,67339.67440056572,67339.67440056572
bitcoin,2026-03-09,66042.7510790264,1320834944584.2002,30233312686.233253,126080.0,67.81,66042.7510790264,66042.7510790264,66042.7510790264,66042.7510790264
bitcoin,2026-03-10,68430.60926017091,1368620260015.3108,43658034305.22108,126080.0,67.81,68430.60926017091,68430.60926017091,68430.60926017091,68430.60926017091
bitcoin,2026-03-11,69849.2035305081,1397023116314.9353,45913537650.7469,126080.0,67.81,69849.2035305081,69849.2035305081,69849.2035305081,69849.2035305081
bitcoin,2026-03-12,70028.95987601393,1400647685843.0374,384518713.1022658,126080.0,67.81,70028.95987601393,70028.95987601393,70028.95987601393,70028.95987601393
bitcoin,2026-03-13,70417.19388567522,1408442180116.169,35693537178.30585,126080.0,67.81,70417.19388567522,70417.19388567522,70417.19388567522,70417.19388567522
bitcoin,2026-03-14,70838.93230193328,1416903889270.9753,53200875874.63812,126080.0,67.81,70838.93230193328,70838.93230193328,70838.93230193328,70838.93230193328
bitcoin,2026-03-15,71149.2823885419,1423139472519.362,20019694459.73024,126080.0,67.81,71149.2823885419,71149.2823885419,71149.2823885419,71149.2823885419
bitcoin,2026-03-16,72934.2940718683,1458870696938.544,24398877932.69607,126080.0,67.81,72934.2940718683,72934.2940718683,72934.2940718683,72934.2940718683
bitcoin,2026-03-17,74679.37090810013,1493807199550.5852,46895173926.528305,126080.0,67.81,74679.37090810013,74679.37090810013,74679.37090810013,74679.37090810013
bitcoin,2026-03-18,74004.69080880683,1480319012450.2678,41402228682.37158,126080.0,67.81,74004.69080880683,74004.69080880683,74004.69080880683,74004.69080880683
bitcoin,2026-03-19,71220.04730260483,1424617668656.0383,39350060117.86037,126080.0,67.81,71220.04730260483,71220.04730260483,71220.04730260483,71220.04730260483
bitcoin,2026-03-20,69936.19932093748,1398936802273.2832,38065438932.54481,126080.0,67.81,69936.19932093748,69936.19932093748,69936.19932093748,69936.19932093748
bitcoin,2026-03-21,70526.28915957874,1410740394689.4873,32603143140.635445,126080.0,67.81,70526.28915957874,70526.28915957874,70526.28915957874,70526.28915957874
bitcoin,2026-03-22,68424.07687771624,1368689752020.2637,19470795501.026283,126080.0,67.81,68424.07687771624,68424.07687771624,68424.07687771624,68424.07687771624
bitcoin,2026-03-23,67933.42948137881,1358875311053.488,25352216480.721107,126080.0,67.81,67933.42948137881,67933.42948137881,67933.42948137881,67933.42948137881
bitcoin,2026-03-24,70987.25185405998,1419961051288.5916,46905271506.270256,126080.0,67.81,70987.25185405998,70987.25185405998,70987.25185405998,70987.25185405998
bitcoin,2026-03-25,70528.86345595501,1410791888450.5967,32603022085.42079,126080.0,67.81,70528.86345595501,70528.86345595501,70528.86345595501,70528.86345595501
bitcoin,2026-03-26,71303.58545062262,1426288685822.9785,31347153732.467434,126080.0,67.81,71303.58545062262,71303.58545062262,71303.58545062262,71303.58545062262
bitcoin,2026-03-27,68727.2122901201,1374753382709.4006,45867404479.40452,126080.0,67.81,68727.2122901201,68727.2122901201,68727.2122901201,68727.2122901201
bitcoin,2026-03-28,66329.88185741157,1326825214972.8843,43169558848.59394,126080.0,67.81,66329.88185741157,66329.88185741157,66329.88185741157,66329.88185741157
bitcoin,2026-03-29,66388.84446013413,1328338671604.5044,21059002641.18555,126080.0,67.81,66388.84446013413,66388.84446013413,66388.84446013413,66388.84446013413
bitcoin,2026-03-30,65947.03192607871,1319528951993.3867,22702400222.698208,126080.0,67.81,65947.03192607871,65947.03192607871,65947.03192607871,65947.03192607871
bitcoin,2026-03-31,66691.27147786925,1334447058898.83,34064201546.291615,126080.0,67.81,66691.27147786925,66691.27147786925,66691.27147786925,66691.27147786925
bitcoin,2026-04-01,68107.47456405059,1362813266728.113,51983877859.265175,126080.0,67.81,68107.47456405059,68107.47456405059,68107.47456405059,68107.47456405059
bitcoin,2026-04-02,67959.87524726024,1362985792271.1128,48409464466.14032,126080.0,67.81,67959.87524726024,67959.87524726024,67959.87524726024,67959.87524726024
bitcoin,2026-04-03,66887.51063938277,1341478723293.2266,48489330158.05017,126080.0,67.81,66887.51063938277,66887.51063938277,66887.51063938277,66887.51063938277
bitcoin,2026-04-04,66822.55230312092,1340175935595.4512,27881704293.27623,126080.0,67.81,66822.55230312092,66822.55230312092,66822.55230312092,66822.55230312092
bitcoin,2026-04-05,67077.1500532805,1345282082641.0298,18349404855.726543,126080.0,67.81,67077.1500532805,67077.1500532805,67077.1500532805,67077.1500532805
bitcoin,2026-04-06,69002.03847938096,1383887150218.5754,23859752469.910007,126080.0,67.81,69002.03847938096,69002.03847938096,69002.03847938096,69002.03847938096
bitcoin,2026-04-07,68672.24657456316,1377272928532.069,46866527625.05277,126080.0,67.81,68672.24657456316,68672.24657456316,68672.24657456316,68672.24657456316
bitcoin,2026-04-08,71661.76372427847,1437229916180.8518,59114621689.24899,126080.0,67.81,71661.76372427847,71661.76372427847,71661.76372427847,71661.76372427847
bitcoin,2026-04-09,70644.79416156793,1416833835992.307,42187302136.25613,126080.0,67.81,70644.79416156793,70644.79416156793,70644.79416156793,70644.79416156793
bitcoin,2026-04-10,71367.80291658688,1431334313769.7168,41307213904.3155,126080.0,67.81,71367.80291658688,71367.80291658688,71367.80291658688,71367.80291658688
bitcoin,2026-04-11,72920.25491187068,1459433492592.4358,32133663126.52619,126080.0,67.81,72920.25491187068,72920.25491187068,72920.25491187068,72920.25491187068
bitcoin,2026-04-12,73021.85968305328,1461495718539.031,20344402241.871456,126080.0,67.81,73021.85968305328,73021.85968305328,73021.85968305328,73021.85968305328
bitcoin,2026-04-13,70660.63961180339,1414271995223.8486,25034828600.5945,126080.0,67.81,70660.63961180339,70660.63961180339,70660.63961180339,70660.63961180339
bitcoin,2026-04-14,74481.64142860245,1490782825115.7065,46453393066.73657,126080.0,67.81,74481.64142860245,74481.64142860245,74481.64142860245,74481.64142860245
bitcoin,2026-04-15,74297.34759499803,1487131028728.5823,48364585958.60738,126080.0,67.81,74297.34759499803,74297.34759499803,74297.34759499803,74297.34759499803
bitcoin,2026-04-16,74826.31308825641,1497750345420.939,30548536736.731777,126080.0,67.81,74826.31308825641,74826.31308825641,74826.31308825641,74826.31308825641
bitcoin,2026-04-17,75111.95674547968,1503501691790.5283,37873936871.25348,126080.0,67.81,75111.95674547968,75111.95674547968,75111.95674547968,75111.95674547968
bitcoin,2026-04-18,77125.73357198425,1543846478607.006,56342990648.43905,126080.0,67.81,77125.73357198425,77125.73357198425,77125.73357198425,77125.73357198425
bitcoin,2026-04-19,75716.15083727139,1515666221261.281,62821159706.721344,126080.0,67.81,75716.15083727139,75716.15083727139,75716.15083727139,75716.15083727139
bitcoin,2026-04-20,73841.02173808741,1478167516521.3162,57237273536.28347,126080.0,67.81,73841.02173808741,73841.02173808741,73841.02173808741,73841.02173808741
bitcoin,2026-04-21,75858.03546790924,1518576144441.9805,38028896900.98471,126080.0,67.81,75858.03546790924,75858.03546790924,75858.03546790924,75858.03546790924
bitcoin,2026-04-22,76326.19170242558,1527978534936.1682,36823423505.230736,126080.0,67.81,76326.19170242558,76326.19170242558,76326.19170242558,76326.19170242558
bitcoin,2026-04-23,78238.81675008619,1566300505390.8323,43578270461.27342,126080.0,67.81,78238.81675008619,78238.81675008619,78238.81675008619,78238.81675008619
bitcoin,2026-04-24,78275.32582745969,1567060751418.8237,35972701648.49312,126080.0,67.81,78275.32582745969,78275.32582745969,78275.32582745969,78275.32582745969
bitcoin,2026-04-25,77447.61757991764,1550525699949.4888,30716822790.47169,126080.0,67.81,77447.61757991764,77447.61757991764,77447.61757991764,77447.61757991764
bitcoin,2026-04-26,77634.51592192693,1554301467547.4663,16174475761.220406,126080.0,67.81,77634.51592192693,77634.51592192693,77634.51592192693,77634.51592192693
bitcoin,2026-04-27,78637.74356150378,1574424193250.3992,20900479735.89463,126080.0,67.81,78637.74356150378,78637.74356150378,78637.74356150378,78637.74356150378
bitcoin,2026-04-28,77366.78442217235,1549011607727.6,36623099926.89533,126080.0,67.81,77366.78442217235,77366.78442217235,77366.78442217235,77366.78442217235
bitcoin,2026-04-29,76331.86443470464,1528322543597.082,31323204486.623787,126080.0,67.81,76331.86443470464,76331.86443470464,76331.86443470464,76331.86443470464
bitcoin,2026-04-30,75784.95743624517,1517396428631.6455,40874217836.06377,126080.0,67.81,75784.95743624517,75784.95743624517,75784.95743624517,75784.95743624517
bitcoin,2026-05-01,76296.7964844269,1527677404068.2952,30542237537.2747,126080.0,67.81,76296.7964844269,76296.7964844269,76296.7964844269,76296.7964844269
bitcoin,2026-05-02,78207.76425489692,1565978464498.2485,38346005217.71241,126080.0,67.81,78207.76425489692,78207.76425489692,78207.76425489692,78207.76425489692
bitcoin,2026-05-03,78677.4246327222,1575399064359.2305,17470305785.684418,126080.0,67.81,78677.4246327222,78677.4246327222,78677.4246327222,78677.4246327222
bitcoin,2026-05-04,78512.09246456268,1572088532218.1125,21039106932.465828,126080.0,67.81,78512.09246456268,78512.09246456268,78512.09246456268,78512.09246456268
bitcoin,2026-05-05,79825.8751129579,1598395086667.69,52799152390.05931,126080.0,67.81,79825.8751129579,79825.8751129579,79825.8751129579,79825.8751129579
bitcoin,2026-05-06,80913.9613749304,1620321738625.5952,39631525763.1694,126080.0,67.81,80913.9613749304,80913.9613749304,80913.9613749304,80913.9613749304
bitcoin,2026-05-07,81436.85936825167,1630826287118.407,40136984275.35361,126080.0,67.81,81436.85936825167,81436.85936825167,81436.85936825167,81436.85936825167
bitcoin,2026-05-08,80024.90767231231,1602589764458.0776,36710760520.09051,126080.0,67.81,80024.90767231231,80024.90767231231,80024.90767231231,80024.90767231231
bitcoin,2026-05-09,80197.2669977041,1606077785283.5508,33093795788.664837,126080.0,67.81,80197.2669977041,80197.2669977041,80197.2669977041,80197.2669977041
bitcoin,2026-05-10,80677.64981723971,1615741619629.0364,17383014966.83854,126080.0,67.81,80677.64981723971,80677.64981723971,80677.64981723971,80677.64981723971
bitcoin,2026-05-11,82018.3711243874,1645004741191.1208,19419025189.8614,126080.0,67.81,82018.3711243874,82018.3711243874,82018.3711243874,82018.3711243874
bitcoin,2026-05-12,81627.56604995472,1637166543583.5588,28389853562.446438,126080.0,67.81,81627.56604995472,81627.56604995472,81627.56604995472,81627.56604995472
bitcoin,2026-05-13,80482.14377829393,1611939835949.311,30589600639.610733,126080.0,67.81,80482.14377829393,80482.14377829393,80482.14377829393,80482.14377829393
bitcoin,2026-05-14,79288.8420865621,1588073918775.3318,32707131746.748478,126080.0,67.81,79288.8420865621,79288.8420865621,79288.8420865621,79288.8420865621
bitcoin,2026-05-15,81059.11595417073,1623569996402.9607,42298040589.51437,126080.0,67.81,81059.11595417073,81059.11595417073,81059.11595417073,81059.11595417073
bitcoin,2026-05-16,79068.6684041429,1583735228276.758,36216900888.56351,126080.0,67.81,79068.6684041429,79068.6684041429,79068.6684041429,79068.6684041429
bitcoin,2026-05-17,78132.7535126921,1565026633721.2126,23762381350.057053,126080.0,67.81,78132.7535126921,78132.7535126921,78132.7535126921,78132.7535126921
bitcoin,2026-05-18,77428.51866052429,1550931401030.0012,20316786825.924442,126080.0,67.81,77428.51866052429,77428.51866052429,77428.51866052429,77428.51866052429
bitcoin,2026-05-19,76959.40571528324,1541593557490.7017,42702548815.67563,126080.0,67.81,76959.40571528324,76959.40571528324,76959.40571528324,76959.40571528324
bitcoin,2026-05-20,76758.73155866472,1537607115376.3884,27147623318.02886,126080.0,67.81,76758.73155866472,76758.73155866472,76758.73155866472,76758.73155866472
bitcoin,2026-05-21,77470.39614899461,1551898053923.3093,26876818823.914783,126080.0,67.81,77470.39614899461,77470.39614899461,77470.39614899461,77470.39614899461
bitcoin,2026-05-22,77550.38308320483,1553532857238.0518,26822828450.39911,126080.0,67.81,77550.38308320483,77550.38308320483,77550.38308320483,77550.38308320483
bitcoin,2026-05-23,75478.38285862996,1512062217726.077,28286947097.462727,126080.0,67.81,75478.38285862996,75478.38285862996,75478.38285862996,75478.38285862996
bitcoin,2026-05-24,76684.37097078416,1536256575896.3174,30932098861.218105,126080.0,67.81,76684.37097078416,76684.37097078416,76684.37097078416,76684.37097078416
bitcoin,2026-05-25,77016.06581859986,1542935472694.078,21763916479.84379,126080.0,67.81,77016.06581859986,77016.06581859986,77016.06581859986,77016.06581859986
bitcoin,2026-05-26,77258.39912360838,1547829534321.9758,19879317349.277992,126080.0,67.81,77258.39912360838,77258.39912360838,77258.39912360838,77258.39912360838
bitcoin,2026-05-27,75851.10409561773,1521310703337.921,21937550660.277542,126080.0,67.81,75851.10409561773,75851.10409561773,75851.10409561773,75851.10409561773
bitcoin,2026-05-28,74339.61694703094,1489416527418.8489,34389389567.3329,126080.0,67.81,74339.61694703094,74339.61694703094,74339.61694703094,74339.61694703094
bitcoin,2026-05-29,73651.64255141478,1477197114898.1526,33586238604.416878,126080.0,67.81,73651.64255141478,73651.64255141478,73651.64255141478,73651.64255141478
bitcoin,2026-05-30,73500.91507629369,1474174043264.2876,38828038484.70212,126080.0,67.81,73500.91507629369,73500.91507629369,73500.91507629369,73500.91507629369
bitcoin,2026-05-31,73820.30385315015,1479111074457.094,18374444051.152412,126080.0,67.81,73820.30385315015,73820.30385315015,73820.30385315015,73820.30385315015
bitcoin,2026-06-01,73598.6681238158,1474670238472.3772,16617912637.659142,126080.0,67.81,73598.6681238158,73598.6681238158,73598.6681238158,73598.6681238158
bitcoin,2026-06-02,71320.29306465392,1429084366219.4146,48870728373.42597,126080.0,67.81,71320.29306465392,71320.29306465392,71320.29306465392,71320.29306465392
bitcoin,2026-06-03,66727.26415497709,1337077983137.808,61786877126.25958,126080.0,67.81,66727.26415497709,66727.26415497709,66727.26415497709,66727.26415497709
bitcoin,2026-06-04,64046.61064609333,1283384941923.1694,43649392701.85552,126080.0,67.81,64046.61064609333,64046.61064609333,64046.61064609333,64046.61064609333
bitcoin,2026-06-05,63810.65923840883,1278676276214.779,60995145201.16938,126080.0,67.81,63810.65923840883,63810.65923840883,63810.65923840883,63810.65923840883
bitcoin,2026-06-06,60960.10140035313,1221584775490.4983,45506430145.38753,126080.0,67.81,60960.10140035313,60960.10140035313,60960.10140035313,60960.10140035313
bitcoin,2026-06-07,60855.25426528331,1219483734629.1333,31010313650.452156,126080.0,67.81,60855.25426528331,60855.25426528331,60855.25426528331,60855.25426528331
bitcoin,2026-06-08,63273.537430635515,1267943921370.2615,33326211424.640003,126080.0,67.81,63273.537430635515,63273.537430635515,63273.537430635515,63273.537430635515
bitcoin,2026-06-09,63069.147792658114,1263848139632.9338,32495793038.066757,126080.0,67.81,63069.147792658114,63069.147792658114,63069.147792658114,63069.147792658114
bitcoin,2026-06-10,61669.76384194788,1235805762898.2478,35017939157.83543,126080.0,67.81,61669.76384194788,61669.76384194788,61669.76384194788,61669.76384194788
bitcoin,2026-06-11,61480.144432833426,1232005963062.1147,26327022779.7125,126080.0,67.81,61480.144432833426,61480.144432833426,61480.144432833426,61480.144432833426
bitcoin,2026-06-12,63555.66181107698,1273749779296.1104,28342001883.939762,126080.0,67.81,63555.66181107698,63555.66181107698,63555.66181107698,63555.66181107698
bitcoin,2026-06-13,63532.27782485316,1273309909632.204,26198317555.20565,126080.0,67.81,63532.27782485316,63532.27782485316,63532.27782485316,63532.27782485316
bitcoin,2026-06-14,64408.80975375945,1290903457306.5925,16875136749.718493,126080.0,67.81,64408.80975375945,64408.80975375945,64408.80975375945,64408.80975375945
bitcoin,2026-06-15,65709.31094599118,1316997723207.2698,21124197393.114784,126080.0,67.81,65709.31094599118,65709.31094599118,65709.31094599118,65709.31094599118
bitcoin,2026-06-16,66292.50117921834,1328716312457.8525,30758717645.22543,126080.0,67.81,66292.50117921834,66292.50117921834,66292.50117921834,66292.50117921834
bitcoin,2026-06-17,65619.28080038042,1315255606491.9746,25251031908.02844,126080.0,67.81,65619.28080038042,65619.28080038042,65619.28080038042,65619.28080038042
bitcoin,2026-06-18,64444.545329668814,1291736519936.9531,31384852552.080708,126080.0,67.81,64444.545329668814,64444.545329668814,64444.545329668814,64444.545329668814
bitcoin,2026-06-19,62897.23855524796,1260755460004.2776,30204028640.80352,126080.0,67.81,62897.23855524796,62897.23855524796,62897.23855524796,62897.23855524796
bitcoin,2026-06-20,63489.81094752525,1272662339486.1091,23645282131.211132,126080.0,67.81,63489.81094752525,63489.81094752525,63489.81094752525,63489.81094752525
bitcoin,2026-06-21,64253.39869532133,1287998314407.3254,18855396681.673313,126080.0,67.81,64253.39869532133,64253.39869532133,64253.39869532133,64253.39869532133
bitcoin,2026-06-22,63255.48525259375,1268020785738.6846,16915246357.834028,126080.0,67.81,63255.48525259375,63255.48525259375,63255.48525259375,63255.48525259375
bitcoin,2026-06-23,63937.28526422244,1281722561349.0657,27569840544.502632,126080.0,67.81,63937.28526422244,63937.28526422244,63937.28526422244,63937.28526422244
bitcoin,2026-06-24,62662.29201921944,1256197234338.4941,30689271786.405464,126080.0,67.81,62662.29201921944,62662.29201921944,62662.29201921944,62662.29201921944
bitcoin,2026-06-25,60989.57352152134,1222695488973.654,43171393360.53368,126080.0,67.81,60989.57352152134,60989.57352152134,60989.57352152134,60989.57352152134
bitcoin,2026-06-26,59726.73653480851,1197409796612.7463,41007492811.17548,126080.0,67.81,59726.73653480851,59726.73653480851,59726.73653480851,59726.73653480851
bitcoin,2026-06-27,60022.32566638378,1203364318622.97,39614814581.667755,126080.0,67.81,60022.32566638378,60022.32566638378,60022.32566638378,60022.32566638378
bitcoin,2026-06-28,59953.443344011124,1202013480250.0635,16056335655.741009,126080.0,67.81,59953.443344011124,59953.443344011124,59953.443344011124,59953.443344011124
bitcoin,2026-06-29,59494.606386317784,1192836694280.2336,17361816169.775818,126080.0,67.81,59494.606386317784,59494.606386317784,59494.606386317784,59494.606386317784
bitcoin,2026-06-30,60152.35872063589,1206050822293.0742,32075473636.027355,126080.0,67.81,60152.35872063589,60152.35872063589,60152.35872063589,60152.35872063589
bitcoin,2026-07-01,58566.091991843154,1174271521060.0322,32381442094.945057,126080.0,67.81,58566.091991843154,58566.091991843154,58566.091991843154,58566.091991843154
bitcoin,2026-07-02,59967.685041718134,1202400598943.6472,39101214529.08516,126080.0,67.81,59967.685041718134,59967.685041718134,59967.685041718134,59967.685041718134
bitcoin,2026-07-03,61490.21448471664,1232955847657.318,40481809940.94352,126080.0,67.81,61490.21448471664,61490.21448471664,61490.21448471664,61490.21448471664
bitcoin,2026-07-04,62553.61289177051,1254308594105.5916,26816869526.90458,126080.0,67.81,62553.61289177051,62553.61289177051,62553.61289177051,62553.61289177051
bitcoin,2026-07-05,63088.406753852214,1265061539174.8157,19151546833.425976,126080.0,67.81,63088.406753852214,63088.406753852214,63088.406753852214,63088.406753852214
bitcoin,2026-07-06,63586.102141021256,1275068261445.5964,18666512398.727943,126080.0,67.81,63586.102141021256,63586.102141021256,63586.102141021256,63586.102141021256
bitcoin,2026-07-07,64001.23542391328,1283414917919.9055,36365921502.667404,126080.0,67.81,64001.23542391328,64001.23542391328,64001.23542391328,64001.23542391328
bitcoin,2026-07-08,63335.30929080668,1270088861350.0464,31452448064.454205,126080.0,67.81,63335.30929080668,63335.30929080668,63335.30929080668,63335.30929080668
bitcoin,2026-07-09,62247.1304822092,1248292438971.084,27882580909.181175,126080.0,67.81,62247.1304822092,62247.1304822092,62247.1304822092,62247.1304822092
bitcoin,2026-07-10,63192.8789720319,1267284402881.5332,26707343178.318974,126080.0,67.81,63192.8789720319,63192.8789720319,63192.8789720319,63192.8789720319
bitcoin,2026-07-11,64110.97482196822,1285721301995.1152,27782860991.65925,126080.0,67.81,64110.97482196822,64110.97482196822,64110.97482196822,64110.97482196822
bitcoin,2026-07-12,63791.35305345348,1279338966428.7214,14235365169.719538,126080.0,67.81,63791.35305345348,63791.35305345348,63791.35305345348,63791.35305345348
bitcoin,2026-07-13,63746.65595793199,1278471632284.2085,19015013213.72812,126080.0,67.81,63746.65595793199,63746.65595793199,63746.65595793199,63746.65595793199
bitcoin,2026-07-14,62278.96301585648,1249064515645.423,31361911542.918644,126080.0,67.81,62278.96301585648,62278.96301585648,62278.96301585648,62278.96301585648
bitcoin,2026-07-15,64983.51907427709,1303338246252.6511,32016409409.06845,126080.0,67.81,64983.51907427709,64983.51907427709,64983.51907427709,64983.51907427709
bitcoin,2026-07-16,64717.168891130066,1298025137560.8176,28397592354.339935,126080.0,67.81,64717.168891130066,64717.168891130066,64717.168891130066,64717.168891130066
bitcoin,2026-07-17,63792.28742743447,1279500217318.545,27825917044.490063,126080.0,67.81,63792.28742743447,63792.28742743447,63792.28742743447,63792.28742743447
bitcoin,2026-07-18,63904.954014943025,1281784159472.132,28871351366.178684,126080.0,67.81,63904.954014943025,63904.954014943025,63904.954014943025,63904.954014943025
bitcoin,2026-07-19,64795.70382303786,1299683566530.6624,15451966881.20787,126080.0,67.81,64795.70382303786,64795.70382303786,64795.70382303786,64795.70382303786
bitcoin,2026-07-20,64670.40117470696,1297204952087.9087,16372745607.748148,126080.0,67.81,64670.40117470696,64670.40117470696,64670.40117470696,64670.40117470696
bitcoin,2026-07-21,65184.92144270268,1307555290285.9756,32520098295.98486,126080.0,67.81,65184.92144270268,65184.92144270268,65184.92144270268,65184.92144270268
bitcoin,2026-07-22,66520.98164575922,1334382819959.6755,30875118859.101532,126080.0,67.81,66520.98164575922,66520.98164575922,66520.98164575922,66520.98164575922
bitcoin,2026-07-23,66077.05646514206,1325502184529.7004,28939202566.320488,126080.0,67.81,66077.05646514206,66077.05646514206,66077.05646514206,66077.05646514206
bitcoin,2026-07-24,65052.47667067735,1304974799855.8557,25573855466.75085,126080.0,67.81,65052.47667067735,65052.47667067735,65052.47667067735,65052.47667067735
bitcoin,2026-07-25,64092.64739795451,1285752729182.6663,26949656279.25039,126080.0,67.81,64092.64739795451,64092.64739795451,64092.64739795451,64092.64739795451
bitcoin,2026-07-26,64318.24520120312,1290305361316.3142,14475620140.07091,126080.0,67.81,64318.24520120312,64318.24520120312,64318.24520120312,64318.24520120312
bitcoin,2026-07-27,65343.824510845894,1310910033816.3235,14859985103.945753,126080.0,67.81,65343.824510845894,65343.824510845894,65343.824510845894,65343.824510845894
bitcoin,2026-07-28,63701.35288114535,1277986670016.6462,25830118462.162563,126080.0,67.81,63701.35288114535,63701.35288114535,63701.35288114535,63701.35288114535
bitcoin,2026-07-29,63881.94327943538,1281635447724.1555,24427415031.02056,126080.0,67.81,63881.94327943538,63881.94327943538,63881.94327943538,63881.94327943538
bitcoin,2026-07-30,63916.59794922001,1282357106740.2524,28201903973.511047,126080.0,67.81,63916.59794922001,63916.59794922001,63916.59794922001,63916.59794922001
bitcoin,2026-07-31,64743.33714554026,1298974060219.3184,26380169353.78833,126080.0,67.81,64743.33714554026,64743.33714554026,64743.33714554026,64743.33714554026
bitcoin,2026-08-01,62820.08613814001,1260419444191.851,29578746588.718693,126080.0,67.81,62820.08613814001,62820.08613814001,62820.08613814001,62820.08613814001
bitcoin,2026-08-02,62772.57726413174,1259498179475.967,13867068846.899143,126080.0,67.81,62772.57726413174,62772.57726413174,62772.57726413174,62772.57726413174
bitcoin,2026-08-03,63504.41559755184,1274211082116.0454,15928756965.753572,126080.0,67.81,63504.41559755184,63504.41559755184,63504.41559755184,63504.41559755184
bitcoin,2026-08-04,63465.19968911304,1273453221607.5356,25488990096.917442,126080.0,67.81,63465.19968911304,63465.19968911304,63465.19968911304,63465.19968911304
bitcoin,2026-08-05,64062.173729779366,1285462929668.2993,22979346232.877865,126080.0,67.81,64062.173729779366,64062.173729779366,64062.173729779366,64062.173729779366
bitcoin,2026-08-06,64608.705388357404,1296457212673.4585,23456084571.954884,126080.0,67.81,64608.705388357404,64608.705388357404,64608.705388357404,64608.705388357404
bitcoin,2026-08-07,64262.74830979173,1289540648880.6145,18543020925.31411,126080.0,67.81,64262.74830979173,64262.74830979173,64262.74830979173,64262.74830979173
bitcoin,2026-08-08,64879.7560855934,1301953613966.186,21708815799.29666,126080.0,67.81,64879.7560855934,64879.7560855934,64879.7560855934,64879.7560855934
bitcoin,2026-08-09,64917.23929330571,1302733775497.4954,12399729091.279987,126080.0,67.81,64917.23929330571,64917.23929330571,64917.23929330571,64917.23929330571
bitcoin,2026-08-10,64856.097825382276,1301536386806.1301,12957668413.087194,126080.0,67.81,64856.097825382276,64856.097825382276,64856.097825382276,64856.097825382276
bitcoin,2026-08-11,63915.71213556821,1282693235981.1963,20628873466.305775,126080.0,67.81,63915.71213556821,63915.71213556821,63915.71213556821,63915.71213556821
bitcoin,2026-08-12,63537.55988964766,1275130714721.0269,20095612608.80128,126080.0,67.81,63537.55988964766,63537.55988964766,63537.55988964766,63537.55988964766
bitcoin,2026-08-13,63408.625697113624,1272571233715.507,22071166502.05402,126080.0,67.81,63408.625697113624,63408.625697113624,63408.625697113624,63408.625697113624
bitcoin,2026-08-14,63429.17906286841,1273011889393.6423,18868048226.436295,126080.0,67.81,63429.17906286841,63429.17906286841,63429.17906286841,63429.17906286841
bitcoin,2026-08-15,62984.28959582886,1264110816166.4216,20141227880.901295,126080.0,67.81,62984.28959582886,62984.28959582886,62984.28959582886,62984.28959582886
bitcoin,2026-08-16,63031.04825975698,1265078583959.118,10409218158.399632,126080.0,67.81,63031.04825975698,63031.04825975698,63031.04825975698,63031.04825975698
bitcoin,2026-08-17,62843.70368466329,1261349110988.947,9661851536.935368,126080.0,67.81,62843.70368466329,62843.70368466329,62843.70368466329,62843.70368466329
bitcoin,2026-08-18,64491.345282946255,1294439197690.8708,21603650491.523956,126080.0,67.81,64491.345282946255,64491.345282946255,64491.345282946255,64491.345282946255
bitcoin,2026-08-19,64686.25782561655,1298351388299.5034,18173594957.816174,126080.0,67.81,64686.25782561655,64686.25782561655,64686.25782561655,64686.25782561655
bitcoin,2026-08-20,69291.0104297816,1390775763079.549,43990704909.19695,126080.0,67.81,69291.0104297816,69291.0104297816,69291.0104297816,69291.0104297816
bitcoin,2026-08-21,73020.94563440893,1465641224678.0603,54562051680.33916,126080.0,67.81,73020.94563440893,73020.94563440893,73020.94563440893,73020.94563440893
bitcoin,2026-08-22,78317.77716345884,1571956674056.353,71451157994.9994,126080.0,67.81,78317.77716345884,78317.77716345884,78317.77716345884,78317.77716345884
bitcoin,2026-08-23,77081.02299000922,1547133140402.384,36689774596.6109,126080.0,67.81,77081.02299000922,77081.02299000922,77081.02299000922,77081.02299000922
bitcoin,2026-08-24,77712.3200924702,1559804231557.777,29643785728.58765,126080.0,67.81,77712.3200924702,77712.3200924702,77712.3200924702,77712.3200924702
bitcoin,2026-08-25,78973.88693602335,1585379062421.7615,51335516518.744095,126080.0,67.81,78973.88693602335,78973.88693602335,78973.88693602335,78973.88693602335
bitcoin,2026-08-26,78511.2331116067,1576126744181.299,42844457202.96398,126080.0,67.81,78511.2331116067,78511.2331116067,78511.2331116067,78511.2331116067
bitcoin,2026-08-27,79018.03405750773,1586333891398.6638,28508064828.85475,126080.0,67.81,79018.03405750773,79018.03405750773,79018.03405750773,79018.03405750773
bitcoin,2026-08-28,80268.37474707834,1611476640675.1921,33271382525.81097,126080.0,67.81,80268.37474707834,80268.37474707834,80268.37474707834,80268.37474707834
bitcoin,2026-08-29,77820.76428719184,1562365617022.764,36320805552.04175,126080.0,67.81,77820.76428719184,77820.76428719184,77820.76428719184,77820.76428719184
bitcoin,2026-08-30,78225.13950818499,1570516817114.2285,15083877886.534477,126080.0,67.81,78225.13950818499,78225.13950818499,78225.13950818499,78225.13950818499
bitcoin,2026-08-31,77658.23133225394,1559173121661.4866,18928816149.23794,126080.0,67.81,77658.23133225394,77658.23133225394,77658.23133225394,77658.23133225394
bitcoin,2026-09-01,78552.77932895812,1577171863083.2737,29723745445.38036,126080.0,67.81,78552.77932895812,78552.77932895812,78552.77932895812,78552.77932895812
bitcoin,2026-09-02,77416.44110979848,1554389755370.4558,30118812390.414185,126080.0,67.81,77416.44110979848,77416.44110979848,77416.44110979848,77416.44110979848
bitcoin,2026-09-03,77297.13347191992,1552036311658.5237,26617233991.00716,126080.0,67.81,77297.13347191992,77297.13347191992,77297.13347191992,77297.13347191992
bitcoin,2026-09-04,81264.70153038795,1631720768263.5881,39842820911.97599,126080.0,67.81,81264.70153038795,81264.70153038795,81264.70153038795,81264.70153038795
bitcoin,2026-09-05,79671.25767420157,1599775191734.4382,35605666977.42856,126080.0,67.81,79671.25767420157,79671.25767420157,79671.25767420157,79671.25767420157
bitcoin,2026-09-06,79821.69873179746,1602832641649.6875,18822345309.3012,126080.0,67.81,79821.69873179746,79821.69873179746,79821.69873179746,79821.69873179746
bitcoin,2026-09-07,80329.3478460037,1613068250021.681,19671698954.25346,126080.0,67.81,80329.3478460037,80329.3478460037,80329.3478460037,80329.3478460037
bitcoin,2026-09-08,79093.4641898418,1588284950144.5952,23156361224.106297,126080.0,67.81,79093.4641898418,79093.4641898418,79093.4641898418,79093.4641898418
bitcoin,2026-09-09,78450.75303870205,1575415387009.9504,36832978946.46288,126080.0,67.81,78450.75303870205,78450.75303870205,78450.75303870205,78450.75303870205
bitcoin,2026-09-10,78283.06047169256,1572081359789.2556,34938279858.59001,126080.0,67.81,78283.06047169256,78283.06047169256,78283.06047169256,78283.06047169256
bitcoin,2026-09-11,76554.98664973286,1537413069633.6875,30257901047.74022,126080.0,67.81,76554.98664973286,76554.98664973286,76554.98664973286,76554.98664973286
bitcoin,2026-09-12,77203.53444805603,1550479277152.1194,35407367571.01674,126080.0,67.81,77203.53444805603,77203.53444805603,77203.53444805603,77203.53444805603
bitcoin,2026-09-13,77261.62722069985,1551683581240.4167,15195615506.929926,126080.0,67.81,77261.62722069985,77261.62722069985,77261.62722069985,77261.62722069985
bitcoin,2026-09-14,76819.04496746542,1542831471374.2715,16138951580.829597,126080.0,67.81,76819.04496746542,76819.04496746542,76819.04496746542,76819.04496746542
bitcoin,2026-09-15,78173.35158344489,1570066504182.9238,32369566520.9512,126080.0,67.81,78173.35158344489,78173.35158344489,78173.35158344489,78173.35158344489
bitcoin,2026-09-16,75590.24471973324,1518224622698.2222,39803154169.39753,126080.0,67.81,75590.24471973324,75590.24471973324,75590.24471973324,75590.24471973324
bitcoin,2026-09-17,76146.81236783884,1529436748434.9944,30782581511.828445,126080.0,67.81,76146.81236783884,76146.81236783884,76146.81236783884,76146.81236783884
bitcoin,2026-09-18,76371.3617203135,1533982493868.1716,23628097103.02466,126080.0,67.81,76371.3617203135,76371.3617203135,76371.3617203135,76371.3617203135
bitcoin,2026-09-19,80873.58287659245,1624449753756.773,44737458821.40004,126080.0,67.81,80873.58287659245,80873.58287659245,80873.58287659245,80873.58287659245
bitcoin,2026-09-20,81236.41383660372,1631766599626.8777,24055616822.501354,126080.0,67.81,81236.41383660372,81236.41383660372,81236.41383660372,81236.41383660372
ethereum,2025-09-23,4201.889983622676,506993249580.1887,52868706124.10381,4946.05,0.432979,4201.889983622676,4201.889983622676,4201.889983622676,4201.889983622676
ethereum,2025-09-24,4164.826037505126,502831514628.2847,29633470698.882874,4946.05,0.432979,4164.826037505126,4164.826037505126,4164.826037505126,4164.826037505126
ethereum,2025-09-25,4152.852648081888,501350879604.1728,28177218725.33708,4946.05,0.432979,4152.852648081888,4152.852648081888,4152.852648081888,4152.852648081888
ethereum,2025-09-26,3896.063017617365,469419907496.9152,64172878515.0926,4946.05,0.432979,3896.063017617365,3896.063017617365,3896.063017617365,3896.063017617365
ethereum,2025-09-27,4028.908465637633,486313141744.0519,43998560595.903854,4946.05,0.432979,4028.908465637633,4028.908465637633,4028.908465637633,4028.908465637633
ethereum,2025-09-28,4018.704458176895,484881796566.8053,16968627601.94127,4946.05,0.432979,4018.704458176895,4018.704458176895,4018.704458176895,4018.704458176895
ethereum,2025-09-29,4139.675726866035,500004553306.3428,21737396079.49406,4946.05,0.432979,4139.675726866035,4139.675726866035,4139.675726866035,4139.675726866035
ethereum,2025-09-30,4214.498317525192,508664190377.5008,34701070490.43777,4946.05,0.432979,4214.498317525192,4214.498317525192,4214.498317525192,4214.498317525192
ethereum,2025-10-01,4147.316186865383,500498863633.9376,34307788006.807034,4946.05,0.432979,4147.316186865383,4147.316186865383,4147.316186865383,4147.316186865383
ethereum,2025-10-02,4354.37875727111,524323391189.31995,43093556980.63828,4946.05,0.432979,4354.37875727111,4354.37875727111,4354.37875727111,4354.37875727111
ethereum,2025-10-03,4484.180377056455,541331048609.44464,44246030007.49464,4946.05,0.432979,4484.180377056455,4484.180377056455,4484.180377056455,4484.180377056455
ethereum,2025-10-04,4514.148616548543,544868897938.4474,45756049478.05154,4946.05,0.432979,4514.148616548543,4514.148616548543,4514.148616548543,4514.148616548543
ethereum,2025-10-05,4488.802917459776,541611848322.7991,20425604688.928185,4946.05,0.432979,4488.802917459776,4488.802917459776,4488.802917459776,4488.802917459776
ethereum,2025-10-06,4513.31014835462,544967202194.44385,40101083291.83619,4946.05,0.432979,4513.31014835462,4513.31014835462,4513.31014835462,4513.31014835462
ethereum,2025-10-07,4690.837856263482,566222103249.5619,40587548780.66794,4946.05,0.432979,4690.837856263482,4690.837856263482,4690.837856263482,4690.837856263482
ethereum,2025-10-08,4453.781265556171,537051357270.459,49952935289.519135,4946.05,0.432979,4453.781265556171,4453.781265556171,4453.781265556171,4453.781265556171
ethereum,2025-10-09,4526.062095378305,546305254353.1228,36859862237.294106,4946.05,0.432979,4526.062095378305,4526.062095378305,4526.062095378305,4526.062095378305
ethereum,2025-10-10,4368.419616565288,527286567755.6974,42746609485.53989,4946.05,0.432979,4368.419616565288,4368.419616565288,4368.419616565288,4368.419616565288
ethereum,2025-10-11,3841.6736803824847,462926668230.6871,89935918939.21315,4946.05,0.432979,3841.6736803824847,3841.6736803824847,3841.6736803824847,3841.6736803824847
ethereum,2025-10-12,3747.4570446607986,452649887571.15,54218043539.763245,4946.05,0.432979,3747.4570446607986,3747.4570446607986,3747.4570446607986,3747.4570446607986
ethereum,2025-10-13,4151.918863184718,502075589618.4089,58639398857.891815,4946.05,0.432979,4151.918863184718,4151.918863184718,4151.918863184718,4151.918863184718
ethereum,2025-10-14,4245.447076633256,512338329574.94464,46398150619.24684,4946.05,0.432979,4245.447076633256,4245.447076633256,4245.447076633256,4245.447076633256
ethereum,2025-10-15,4126.235352870518,498150410985.407,62839726299.69757,4946.05,0.432979,4126.235352870518,4126.235352870518,4126.235352870518,4126.235352870518
ethereum,2025-10-16,3991.5442355212426,481689276437.4471,45253630670.08184,4946.05,0.432979,3991.5442355212426,3991.5442355212426,3991.5442355212426,3991.5442355212426
ethereum,2025-10-17,3893.756037568491,469582926617.4159,44974702873.89933,4946.05,0.432979,3893.756037568491,3893.756037568491,3893.756037568491,3893.756037568491
ethereum,2025-10-18,3835.007248476607,462483442503.1668,52622088158.93824,4946.05,0.432979,3835.007248476607,3835.007248476607,3835.007248476607,3835.007248476607
ethereum,2025-10-19,3890.016062101197,469537704877.8051,19867784025.6314,4946.05,0.432979,3890.016062101197,3890.016062101197,3890.016062101197,3890.016062101197
ethereum,2025-10-20,3982.3558612703023,480800504808.295,29256291805.263657,4946.05,0.432979,3982.3558612703023,3982.3558612703023,3982.3558612703023,3982.3558612703023
ethereum,2025-10-21,3980.07327974389,480366784228.9499,35123529484.36126,4946.05,0.432979,3980.07327974389,3980.07327974389,3980.07327974389,3980.07327974389
ethereum,2025-10-22,3866.151782774292,467519423220.8764,46704826317.34672,4946.05,0.432979,3866.151782774292,3866.151782774292,3866.151782774292,3866.151782774292
ethereum,2025-10-23,3805.881864350947,459088216890.3367,42044581096.01017,4946.05,0.432979,3805.881864350947,3805.881864350947,3805.881864350947,3805.881864350947
ethereum,2025-10-24,3857.590008571872,465635527448.3024,32156715130.348736,4946.05,0.432979,3857.590008571872,3857.590008571872,3857.590008571872,3857.590008571872
ethereum,2025-10-25,3935.956503436005,474992460054.59576,30034213292.758736,4946.05,0.432979,3935.956503436005,3935.956503436005,3935.956503436005,3935.956503436005
ethereum,2025-10-26,3954.0041199084208,477147951160.52856,12353862303.857664,4946.05,0.432979,3954.0041199084208,3954.0041199084208,3954.0041199084208,3954.0041199084208
ethereum,2025-10-27,4158.567621968615,502002782659.0379,25883399675.759956,4946.05,0.432979,4158.567621968615,4158.567621968615,4158.567621968615,4158.567621968615
ethereum,2025-10-28,4117.287077707286,497305665524.5466,36385943761.52509,4946.05,0.432979,4117.287077707286,4117.287077707286,4117.287077707286,4117.287077707286
ethereum,2025-10-29,3978.812010414271,480647742723.29193,35671783550.23295,4946.05,0.432979,3978.812010414271,3978.812010414271,3978.812010414271,3978.812010414271
ethereum,2025-10-30,3902.8019474292696,470857249494.70953,32806950695.069782,4946.05,0.432979,3902.8019474292696,3902.8019474292696,3902.8019474292696,3902.8019474292696
ethereum,2025-10-31,3801.551504718387,459169677106.2288,37193378561.10616,4946.05,0.432979,3801.551504718387,3801.551504718387,3801.551504718387,3801.551504718387
ethereum,2025-11-01,3846.95863062356,464258991447.4072,32764029085.038177,4946.05,0.432979,3846.95863062356,3846.95863062356,3846.95863062356,3846.95863062356
ethereum,2025-11-02,3872.926054735507,467495673481.22,12963577620.647104,4946.05,0.432979,3872.926054735507,3872.926054735507,3872.926054735507,3872.926054735507
ethereum,2025-11-03,3905.342929555584,471728931087.62933,16505905832.7532,4946.05,0.432979,3905.342929555584,3905.342929555584,3905.342929555584,3905.342929555584
ethereum,2025-11-04,3600.363768411873,434830766166.5589,47754595370.98098,4946.05,0.432979,3600.363768411873,3600.363768411873,3600.363768411873,3600.363768411873
ethereum,2025-11-05,3285.2318395878847,397573700002.6509,70971936439.57846,4946.05,0.432979,3285.2318395878847,3285.2318395878847,3285.2318395878847,3285.2318395878847
ethereum,2025-11-06,3425.9698058908884,413773447437.8882,44016731327.195274,4946.05,0.432979,3425.9698058908884,3425.9698058908884,3425.9698058908884,3425.9698058908884
ethereum,2025-11-07,3312.4503070158717,399656276442.011,33740482063.273483,4946.05,0.432979,3312.4503070158717,3312.4503070158717,3312.4503070158717,3312.4503070158717
ethereum,2025-11-08,3426.4012405987837,414507643190.6567,39541026326.49069,4946.05,0.432979,3426.4012405987837,3426.4012405987837,3426.4012405987837,3426.4012405987837
ethereum,2025-11-09,3399.6637755492966,410476200008.4793,20336279641.495083,4946.05,0.432979,3399.6637755492966,3399.6637755492966,3399.6637755492966,3399.6637755492966
ethereum,2025-11-10,3578.8023059041866,432140258282.28656,25306062473.02298,4946.05,0.432979,3578.8023059041866,3578.8023059041866,3578.8023059041866,3578.8023059041866
ethereum,2025-11-11,3566.049867115414,430495589767.3192,31527602956.56814,4946.05,0.432979,3566.049867115414,3566.049867115414,3566.049867115414,3566.049867115414
ethereum,2025-11-12,3416.071508998829,412487940491.5636,35964365184.38774,4946.05,0.432979,3416.071508998829,3416.071508998829,3416.071508998829,3416.071508998829
ethereum,2025-11-13,3412.5432368287225,411695018306.3992,31867019731.549423,4946.05,0.432979,3412.5432368287225,3412.5432368287225,3412.5432368287225,3412.5432368287225
ethereum,2025-11-14,3223.175778614162,389149953098.6491,48625450123.82115,4946.05,0.432979,3223.175778614162,3223.175778614162,3223.175778614162,3223.175778614162
ethereum,2025-11-15,3118.7143444311273,374583156499.2539,44971508554.9072,4946.05,0.432979,3118.7143444311273,3118.7143444311273,3118.7143444311273,3118.7143444311273
ethereum,2025-11-16,3169.6972672382008,382171821174.872,18620710912.32086,4946.05,0.432979,3169.6972672382008,3169.6972672382008,3169.6972672382008,3169.6972672382008
ethereum,2025-11-17,3091.905045683136,373455751267.06415,30603488973.76373,4946.05,0.432979,3091.905045683136,3091.905045683136,3091.905045683136,3091.905045683136
ethereum,2025-11-18,3026.218255338726,365025720800.0176,38548325745.12055,4946.05,0.432979,3026.218255338726,3026.218255338726,3026.218255338726,3026.218255338726
ethereum,2025-11-19,3121.5138481614545,376627472214.8123,39769047587.844025,4946.05,0.432979,3121.5138481614545,3121.5138481614545,3121.5138481614545,3121.5138481614545
ethereum,2025-11-20,3020.935787720369,364624974074.7031,38984541011.264854,4946.05,0.432979,3020.935787720369,3020.935787720369,3020.935787720369,3020.935787720369
ethereum,2025-11-21,2832.5307976375693,341919899025.5803,41506608161.76037,4946.05,0.432979,2832.5307976375693,2832.5307976375693,2832.5307976375693,2832.5307976375693
ethereum,2025-11-22,2763.897390488984,333625188127.77344,49471335177.09487,4946.05,0.432979,2763.897390488984,2763.897390488984,2763.897390488984,2763.897390488984
ethereum,2025-11-23,2768.1536567521325,334202138387.9657,15227137733.353577,4946.05,0.432979,2768.1536567521325,2768.1536567521325,2768.1536567521325,2768.1536567521325
ethereum,2025-11-24,2798.913101183697,338086242481.6212,20117555262.314224,4946.05,0.432979,2798.913101183697,2798.913101183697,2798.913101183697,2798.913101183697
ethereum,2025-11-25,2952.334906852989,356375311640.8533,32463159649.035435,4946.05,0.432979,2952.334906852989,2952.334906852989,2952.334906852989,2952.334906852989
ethereum,2025-11-26,2958.5732175211965,357081428337.2704,23379516621.412125,4946.05,0.432979,2958.5732175211965,2958.5732175211965,2958.5732175211965,2958.5732175211965
ethereum,2025-11-27,3026.421534805452,365401603025.40247,20975481627.490208,4946.05,0.432979,3026.421534805452,3026.421534805452,3026.421534805452,3026.421534805452
ethereum,2025-11-28,3014.8198499491664,363871486260.152,16425620742.708153,4946.05,0.432979,3014.8198499491664,3014.8198499491664,3014.8198499491664,3014.8198499491664
ethereum,2025-11-29,3031.245855716179,365929010495.9888,20119280037.55597,4946.05,0.432979,3031.245855716179,3031.245855716179,3031.245855716179,3031.245855716179
ethereum,2025-11-30,2989.6497957851875,361028197396.32526,12587660538.295284,4946.05,0.432979,2989.6497957851875,2989.6497957851875,2989.6497957851875,2989.6497957851875
ethereum,2025-12-01,2990.797383294047,361323261616.5661,11717224359.873058,4946.05,0.432979,2990.797383294047,2990.797383294047,2990.797383294047,2990.797383294047
ethereum,2025-12-02,2796.73386904882,337936232248.04846,36758673924.641594,4946.05,0.432979,2796.73386904882,2796.73386904882,2796.73386904882,2796.73386904882
ethereum,2025-12-03,2997.602427194639,361886352850.66064,27128828869.360863,4946.05,0.432979,2997.602427194639,2997.602427194639,2997.602427194639,2997.602427194639
ethereum,2025-12-04,3188.8819447300766,385647238454.8962,31057577560.27413,4946.05,0.432979,3188.8819447300766,3188.8819447300766,3188.8819447300766,3188.8819447300766
ethereum,2025-12-05,3134.3486408160215,378254547725.5433,27504485182.888542,4946.05,0.432979,3134.3486408160215,3134.3486408160215,3134.3486408160215,3134.3486408160215
ethereum,2025-12-06,3019.826038059256,364479179010.7497,27866527351.545456,4946.05,0.432979,3019.826038059256,3019.826038059256,3019.826038059256,3019.826038059256
ethereum,2025-12-07,3036.875646714073,366362808813.6567,11301292406.636791,4946.05,0.432979,3036.875646714073,3036.875646714073,3036.875646714073,3036.875646714073
ethereum,2025-12-08,3060.9948319527766,369159022672.3001,21104749281.741245,4946.05,0.432979,3060.9948319527766,3060.9948319527766,3060.9948319527766,3060.9948319527766
ethereum,2025-12-09,3123.8052523660685,377187495543.50055,25543422220.52588,4946.05,0.432979,3123.8052523660685,3123.8052523660685,3123.8052523660685,3123.8052523660685
ethereum,2025-12-10,3318.7209450428563,400924984363.3934,34598672977.962814,4946.05,0.432979,3318.7209450428563,3318.7209450428563,3318.7209450428563,3318.7209450428563
ethereum,2025-12-11,3323.292012600325,401715584457.2677,31640384767.618507,4946.05,0.432979,3323.292012600325,3323.292012600325,3323.292012600325,3323.292012600325
ethereum,2025-12-12,3238.4136151525354,390860899752.5878,29527281577.263348,4946.05,0.432979,3238.4136151525354,3238.4136151525354,3238.4136151525354,3238.4136151525354
ethereum,2025-12-13,3086.7327669850124,372234573732.5013,26199365793.50417,4946.05,0.432979,3086.7327669850124,3086.7327669850124,3086.7327669850124,3086.7327669850124
ethereum,2025-12-14,3115.271399958073,376120275278.15094,10115726138.168154,4946.05,0.432979,3115.271399958073,3115.271399958073,3115.271399958073,3115.271399958073
ethereum,2025-12-15,3063.5454528219575,369722328464.4331,17436601534.892895,4946.05,0.432979,3063.5454528219575,3063.5454528219575,3063.5454528219575,3063.5454528219575
ethereum,2025-12-16,2963.8945572517114,357774924554.9611,30387579458.755245,4946.05,0.432979,2963.8945572517114,2963.8945572517114,2963.8945572517114,2963.8945572517114
ethereum,2025-12-17,2957.8602493045723,357683002971.8731,25193138558.564495,4946.05,0.432979,2957.8602493045723,2957.8602493045723,2957.8602493045723,2957.8602493045723
ethereum,2025-12-18,2832.4683268792255,341631454024.48834,26934376839.542957,4946.05,0.432979,2832.4683268792255,2832.4683268792255,2832.4683268792255,2832.4683268792255
ethereum,2025-12-19,2826.6732476964435,341165495574.4765,30288692450.546524,4946.05,0.432979,2826.6732476964435,2826.6732476964435,2826.6732476964435,2826.6732476964435
ethereum,2025-12-20,2977.664503683636,359331722373.2621,28523528730.892265,4946.05,0.432979,2977.664503683636,2977.664503683636,2977.664503683636,2977.664503683636
ethereum,2025-12-21,2977.3342562903294,359359718209.9075,8310167969.389112,4946.05,0.432979,2977.3342562903294,2977.3342562903294,2977.3342562903294,2977.3342562903294
ethereum,2025-12-22,3004.2204920824893,362237625179.74133,11541888974.224104,4946.05,0.432979,3004.2204920824893,3004.2204920824893,3004.2204920824893,3004.2204920824893
ethereum,2025-12-23,3005.3755577051465,362826622916.6392,20802090114.584797,4946.05,0.432979,3005.3755577051465,3005.3755577051465,3005.3755577051465,3005.3755577051465
ethereum,2025-12-24,2965.21878516193,357695762330.7423,23215144844.485134,4946.05,0.432979,2965.21878516193,2965.21878516193,2965.21878516193,2965.21878516193
ethereum,2025-12-25,2945.367282877598,355504570722.50146,11172260132.203032,4946.05,0.432979,2945.367282877598,2945.367282877598,2945.367282877598,2945.367282877598
ethereum,2025-12-26,2901.680790122988,350427548560.45105,12005781929.156887,4946.05,0.432979,2901.680790122988,2901.680790122988,2901.680790122988,2901.680790122988
ethereum,2025-12-27,2926.4701674105486,353219445854.79834,18903895818.69645,4946.05,0.432979,2926.4701674105486,2926.4701674105486,2926.4701674105486,2926.4701674105486
ethereum,2025-12-28,2947.7123005407134,355789194202.7286,7524342177.165679,4946.05,0.432979,2947.7123005407134,2947.7123005407134,2947.7123005407134,2947.7123005407134
ethereum,2025-12-29,2948.8317693857384,355886730370.1094,9476414204.840725,4946.05,0.432979,2948.8317693857384,2948.8317693857384,2948.8317693857384,2948.8317693857384
ethereum,2025-12-30,2934.356280609806,354128526675.7914,28082271198.718864,4946.05,0.432979,2934.356280609806,2934.356280609806,2934.356280609806,2934.356280609806
ethereum,2025-12-31,2967.9804137872784,358627284965.09863,19289785214.006233,4946.05,0.432979,2967.9804137872784,2967.9804137872784,2967.9804137872784,2967.9804137872784
ethereum,2026-01-01,2970.028682356399,358467366367.18896,20381481311.55118,4946.05,0.432979,2970.028682356399,2970.028682356399,2970.028682356399,2970.028682356399
ethereum,2026-01-02,3003.8548082170178,362549964638.6268,11171495754.153849,4946.05,0.432979,3003.8548082170178,3003.8548082170178,3003.8548082170178,3003.8548082170178
ethereum,2026-01-03,3135.108477674636,378391580872.4133,2968683098.009085,4946.05,0.432979,3135.108477674636,3135.108477674636,3135.108477674636,3135.108477674636
ethereum,2026-01-04,3130.7963686371836,377871070454.3231,1833399982.7407174,4946.05,0.432979,3130.7963686371836,3130.7963686371836,3130.7963686371836,3130.7963686371836
ethereum,2026-01-05,3153.1033957378954,380563376620.20197,13358809647.653217,4946.05,0.432979,3153.1033957378954,3153.1033957378954,3153.1033957378954,3153.1033957378954
ethereum,2026-01-06,3227.3933194586493,389529756944.73987,26428294466.340294,4946.05,0.432979,3227.3933194586493,3227.3933194586493,3227.3933194586493,3227.3933194586493
ethereum,2026-01-07,3291.912961414173,397316871893.3528,28469573226.50492,4946.05,0.432979,3291.912961414173,3291.912961414173,3291.912961414173,3291.912961414173
ethereum,2026-01-08,3167.4127745767946,382290206190.8564,5848182737.430389,4946.05,0.432979,3167.4127745767946,3167.4127745767946,3167.4127745767946,3167.4127745767946
ethereum,2026-01-09,3106.059127932304,374885083400.75244,23170125276.17499,4946.05,0.432979,3106.059127932304,3106.059127932304,3106.059127932304,3106.059127932304
ethereum,2026-01-10,3085.4102699805294,372392811824.29297,19145157092.87242,4946.05,0.432979,3085.4102699805294,3085.4102699805294,3085.4102699805294,3085.4102699805294
ethereum,2026-01-11,3086.1247025890502,372478999268.31433,7690354756.801953,4946.05,0.432979,3086.1247025890502,3086.1247025890502,3086.1247025890502,3086.1247025890502
ethereum,2026-01-12,3120.1733886182465,376588474098.12317,3657548648.4503293,4946.05,0.432979,3120.1733886182465,3120.1733886182465,3120.1733886182465,3120.1733886182465
ethereum,2026-01-13,3091.684735239076,373150020016.49835,20575353540.85714,4946.05,0.432979,3091.684735239076,3091.684735239076,3091.684735239076,3091.684735239076
ethereum,2026-01-14,3330.50442935756,401974251658.0505,33330862704.46805,4946.05,0.432979,3330.50442935756,3330.50442935756,3330.50442935756,3330.50442935756
ethereum,2026-01-15,3351.816081641762,404546373479.0561,32668598575.116543,4946.05,0.432979,3351.816081641762,3351.816081641762,3351.816081641762,3351.816081641762
ethereum,2026-01-16,3319.2231658916444,400612477635.317,27127627892.625633,4946.05,0.432979,3319.2231658916444,3319.2231658916444,3319.2231658916444,3319.2231658916444
ethereum,2026-01-17,3292.5138978949726,397388689792.2721,9232226643.603647,4946.05,0.432979,3292.5138978949726,3292.5138978949726,3292.5138978949726,3292.5138978949726
ethereum,2026-01-18,3307.0701203970584,399145479765.2144,9590348432.129143,4946.05,0.432979,3307.0701203970584,3307.0701203970584,3307.0701203970584,3307.0701203970584
ethereum,2026-01-19,3277.768640868265,395608949640.7952,2106331225.2783458,4946.05,0.432979,3277.768640868265,3277.768640868265,3277.768640868265,3277.768640868265
ethereum,2026-01-20,3186.780739691063,384627179057.7912,26066522055.12842,4946.05,0.432979,3186.780739691063,3186.780739691063,3186.780739691063,3186.780739691063
ethereum,2026-01-21,2941.883255665837,355069320367.48303,31623540888.00539,4946.05,0.432979,2941.883255665837,2941.883255665837,2941.883255665837,2941.883255665837
ethereum,2026-01-22,2984.174965536145,360173623557.21564,35069368657.97486,4946.05,0.432979,2984.174965536145,2984.174965536145,2984.174965536145,2984.174965536145
ethereum,2026-01-23,2951.3870755868147,356216160217.3739,7553069376.804171,4946.05,0.432979,2951.3870755868147,2951.3870755868147,2951.3870755868147,2951.3870755868147
ethereum,2026-01-24,2955.1225550231966,356666947300.5546,21687027147.554882,4946.05,0.432979,2955.1225550231966,2955.1225550231966,2955.1225550231966,2955.1225550231966
ethereum,2026-01-25,2950.844309906184,356150528554.6088,8693090188.785778,4946.05,0.432979,2950.844309906184,2950.844309906184,2950.844309906184,2950.844309906184
ethereum,2026-01-26,2812.935403888694,339505649535.07916,21087108890.108875,4946.05,0.432979,2812.935403888694,2812.935403888694,2812.935403888694,2812.935403888694
ethereum,2026-01-27,2925.763833023022,353123365404.17914,28713656315.699368,4946.05,0.432979,2925.763833023022,2925.763833023022,2925.763833023022,2925.763833023022
ethereum,2026-01-28,3020.015731085415,364498969960.27167,26350282942.671562,4946.05,0.432979,3020.015731085415,3020.015731085415,3020.015731085415,3020.015731085415
ethereum,2026-01-29,3011.815000270356,363509125447.9493,3496364326.608271,4946.05,0.432979,3011.815000270356,3011.815000270356,3011.815000270356,3011.815000270356
ethereum,2026-01-30,2822.633841401332,340675959362.1641,35484717267.64361,4946.05,0.432979,2822.633841401332,2822.633841401332,2822.633841401332,2822.633841401332
ethereum,2026-01-31,2702.9166772970834,326226524185.7266,39407721389.72321,4946.05,0.432979,2702.9166772970834,2702.9166772970834,2702.9166772970834,2702.9166772970834
ethereum,2026-02-01,2450.663546893,295780761628.6315,45050027923.664215,4946.05,0.432979,2450.663546893,2450.663546893,2450.663546893,2450.663546893
ethereum,2026-02-02,2264.345387690806,273292483045.14944,33868246011.930717,4946.05,0.432979,2264.345387690806,2264.345387690806,2264.345387690806,2264.345387690806
ethereum,2026-02-03,2343.45854365222,282840794551.86694,45984376029.69217,4946.05,0.432979,2343.45854365222,2343.45854365222,2343.45854365222,2343.45854365222
ethereum,2026-02-04,2226.41311845928,268713942139.8216,46544998382.51254,4946.05,0.432979,2226.41311845928,2226.41311845928,2226.41311845928,2226.41311845928
ethereum,2026-02-05,2143.2933986604808,258681747901.23593,42499007789.320724,4946.05,0.432979,2143.2933986604808,2143.2933986604808,2143.2933986604808,2143.2933986604808
ethereum,2026-02-06,1823.8053314217489,220121462581.44495,55829473443.1791,4946.05,0.432979,1823.8053314217489,1823.8053314217489,1823.8053314217489,1823.8053314217489
ethereum,2026-02-07,2055.7743792337988,248117411003.78403,62686208935.47836,4946.05,0.432979,2055.7743792337988,2055.7743792337988,2055.7743792337988,2055.7743792337988
ethereum,2026-02-08,2087.9866273523585,252004649364.45456,38641220745.576004,4946.05,0.432979,2087.9866273523585,2087.9866273523585,2087.9866273523585,2087.9866273523585
ethereum,2026-02-09,2092.4274588224594,252540566503.86624,18373761018.921764,4946.05,0.432979,2092.4274588224594,2092.4274588224594,2092.4274588224594,2092.4274588224594
ethereum,2026-02-10,2106.7856442624457,254273467471.43976,25326126141.183537,4946.05,0.432979,2106.7856442624457,2106.7856442624457,2106.7856442624457,2106.7856442624457
ethereum,2026-02-11,2021.4415907712967,243972737071.38898,22188086166.935238,4946.05,0.432979,2021.4415907712967,2021.4415907712967,2021.4415907712967,2021.4415907712967
ethereum,2026-02-12,1944.681900647583,234708656146.40756,23015277128.532955,4946.05,0.432979,1944.681900647583,1944.681900647583,1944.681900647583,1944.681900647583
ethereum,2026-02-13,1947.8399217972387,235089752119.26395,18810755096.514824,4946.05,0.432979,1947.8399217972387,1947.8399217972387,1947.8399217972387,1947.8399217972387
ethereum,2026-02-14,2048.3187877857945,247216688708.74347,19455842755.379223,4946.05,0.432979,2048.3187877857945,2048.3187877857945,2048.3187877857945,2048.3187877857945
ethereum,2026-02-15,2085.705591574723,251728954564.07672,16109112029.317335,4946.05,0.432979,2085.705591574723,2085.705591574723,2085.705591574723,2085.705591574723
ethereum,2026-02-16,1967.5499217442239,237468436096.25647,28528944773.46997,4946.05,0.432979,1967.5499217442239,1967.5499217442239,1967.5499217442239,1967.5499217442239
ethereum,2026-02-17,1998.1759871140314,241164754377.35757,18489676867.975807,4946.05,0.432979,1998.1759871140314,1998.1759871140314,1998.1759871140314,1998.1759871140314
ethereum,2026-02-18,1994.3527116895793,240703295934.6862,19627011501.056713,4946.05,0.432979,1994.3527116895793,1994.3527116895793,1994.3527116895793,1994.3527116895793
ethereum,2026-02-19,1954.6531149212074,235911822601.9092,19117626447.143044,4946.05,0.432979,1954.6531149212074,1954.6531149212074,1954.6531149212074,1954.6531149212074
ethereum,2026-02-20,1949.6068369097477,235302740757.12222,16930478555.129438,4946.05,0.432979,1949.6068369097477,1949.6068369097477,1949.6068369097477,1949.6068369097477
ethereum,2026-02-21,1967.928380323993,237513976263.95554,20449925362.10393,4946.05,0.432979,1967.928380323993,1967.928380323993,1967.928380323993,1967.928380323993
ethereum,2026-02-22,1986.9516807466036,239809912412.23102,1379346767.405493,4946.05,0.432979,1986.9516807466036,1986.9516807466036,1986.9516807466036,1986.9516807466036
ethereum,2026-02-23,1886.450366591152,227680153598.7431,2071936733.0620174,4946.05,0.432979,1886.450366591152,1886.450366591152,1886.450366591152,1886.450366591152
ethereum,2026-02-24,1859.2199106790974,224393629610.997,20413977152.977077,4946.05,0.432979,1859.2199106790974,1859.2199106790974,1859.2199106790974,1859.2199106790974
ethereum,2026-02-25,1852.0821618898767,223532130167.85715,18105694898.68343,4946.05,0.432979,1852.0821618898767,1852.0821618898767,1852.0821618898767,1852.0821618898767
ethereum,2026-02-26,2053.097732531376,247793130804.5807,26648965147.76037,4946.05,0.432979,2053.097732531376,2053.097732531376,2053.097732531376,2053.097732531376
ethereum,2026-02-27,2027.5050759088144,244704231364.1244,21617579430.764626,4946.05,0.432979,2027.5050759088144,2027.5050759088144,2027.5050759088144,2027.5050759088144
ethereum,2026-02-28,1931.1188526606693,233071113277.70514,19700104445.7421,4946.05,0.432979,1931.1188526606693,1931.1188526606693,1931.1188526606693,1931.1188526606693
ethereum,2026-03-01,1966.7219163588757,237368088451.83548,20985423314.735542,4946.05,0.432979,1966.7219163588757,1966.7219163588757,1966.7219163588757,1966.7219163588757
ethereum,2026-03-02,1939.7957193912328,234118271380.97858,21599432840.139435,4946.05,0.432979,1939.7957193912328,1939.7957193912328,1939.7957193912328,1939.7957193912328
ethereum,2026-03-03,2028.799011354667,244860251697.49725,24070045894.571983,4946.05,0.432979,2028.799011354667,2028.799011354667,2028.799011354667,2028.799011354667
ethereum,2026-03-04,1982.9514132768732,239326733114.5177,21716084707.508087,4946.05,0.432979,1982.9514132768732,1982.9514132768732,1982.9514132768732,1982.9514132768732
ethereum,2026-03-05,2127.5791778087923,256782106158.73483,31454942233.916515,4946.05,0.432979,2127.5791778087923,2127.5791778087923,2127.5791778087923,2127.5791778087923
ethereum,2026-03-06,2073.3589471780524,250238063998.13748,20704070246.514977,4946.05,0.432979,2073.3589471780524,2073.3589471780524,2073.3589471780524,2073.3589471780524
ethereum,2026-03-07,1979.0781325827184,238859068440.4086,17880928376.383335,4946.05,0.432979,1979.0781325827184,1979.0781325827184,1979.0781325827184,1979.0781325827184
ethereum,2026-03-08,1984.4479694207268,239507117386.64005,1310770979.2352624,4946.05,0.432979,1984.4479694207268,1984.4479694207268,1984.4479694207268,1984.4479694207268
ethereum,2026-03-09,1939.3917593920498,234069173421.49823,15144191039.015755,4946.05,0.432979,1939.3917593920498,1939.3917593920498,1939.3917593920498,1939.3917593920498
ethereum,2026-03-10,1992.982026905004,240537076146.7661,21509559006.41827,4946.05,0.432979,1992.982026905004,1992.982026905004,1992.982026905004,1992.982026905004
ethereum,2026-03-11,2035.1741536034772,245629288936.0344,20433496336.302525,4946.05,0.432979,2035.1741536034772,2035.1741536034772,2035.1741536034772,2035.1741536034772
ethereum,2026-03-12,2051.9341141166024,247652035655.06946,16955024688.993406,4946.05,0.432979,2051.9341141166024,2051.9341141166024,2051.9341141166024,2051.9341141166024
ethereum,2026-03-13,2071.9197307868703,250064089421.84503,18582310202.19868,4946.05,0.432979,2071.9197307868703,2071.9197307868703,2071.9197307868703,2071.9197307868703
ethereum,2026-03-14,2090.073006429967,252254994382.1135,25561303913.200787,4946.05,0.432979,2090.073006429967,2090.073006429967,2090.073006429967,2090.073006429967
ethereum,2026-03-15,2107.1131900776604,254311529453.15802,1301666837.8119001,4946.05,0.432979,2107.1131900776604,2107.1131900776604,2107.1131900776604,2107.1131900776604
ethereum,2026-03-16,2182.0726576096104,263358513956.0199,14142774279.99913,4946.05,0.432979,2182.0726576096104,2182.0726576096104,2182.0726576096104,2182.0726576096104
ethereum,2026-03-17,2343.5310877349557,282845219015.19055,35446059567.200615,4946.05,0.432979,2343.5310877349557,2343.5310877349557,2343.5310877349557,2343.5310877349557
ethereum,2026-03-18,2320.9509267494554,280119875556.8624,23544760984.833347,4946.05,0.432979,2320.9509267494554,2320.9509267494554,2320.9509267494554,2320.9509267494554
ethereum,2026-03-19,2203.1349441544735,265900393517.91376,22377146282.21154,4946.05,0.432979,2203.1349441544735,2203.1349441544735,2203.1349441544735,2203.1349441544735
ethereum,2026-03-20,2139.514195287849,258221821843.73438,20747989001.230663,4946.05,0.432979,2139.514195287849,2139.514195287849,2139.514195287849,2139.514195287849
ethereum,2026-03-21,2146.578814982091,259074401685.337,15655115807.2655,4946.05,0.432979,2146.578814982091,2146.578814982091,2146.578814982091,2146.578814982091
ethereum,2026-03-22,2066.1561868530966,249368009906.10928,6737837915.836869,4946.05,0.432979,2066.1561868530966,2066.1561868530966,2066.1561868530966,2066.1561868530966
ethereum,2026-03-23,2055.681838744274,248103824426.18518,13821408478.563215,4946.05,0.432979,2055.681838744274,2055.681838744274,2055.681838744274,2055.681838744274
ethereum,2026-03-24,2152.471302393496,259785198462.48618,26141021835.50594,4946.05,0.432979,2152.471302393496,2152.471302393496,2152.471302393496,2152.471302393496
ethereum,2026-03-25,2156.3938779843224,260258554389.5669,15077078045.390007,4946.05,0.432979,2156.3938779843224,2156.3938779843224,2156.3938779843224,2156.3938779843224
ethereum,2026-03-26,2172.4163328611644,262192292183.59747,3783113507.931435,4946.05,0.432979,2172.4163328611644,2172.4163328611644,2172.4163328611644,2172.4163328611644
ethereum,2026-03-27,2059.589104363155,248574966495.32648,16416256659.251913,4946.05,0.432979,2059.589104363155,2059.589104363155,2059.589104363155,2059.589104363155
ethereum,2026-03-28,1991.5485477905527,240363008723.19138,17892632129.20947,4946.05,0.432979,1991.5485477905527,1991.5485477905527,1991.5485477905527,1991.5485477905527
ethereum,2026-03-29,2000.0500988359693,241389017276.30966,3680967183.3661385,4946.05,0.432979,2000.0500988359693,2000.0500988359693,2000.0500988359693,2000.0500988359693
ethereum,2026-03-30,1981.7423699353176,239179399783.70428,3126443831.8927627,4946.05,0.432979,1981.7423699353176,1981.7423699353176,1981.7423699353176,1981.7423699353176
ethereum,2026-03-31,2024.0146470848574,244281249742.8913,16073332742.566395,4946.05,0.432979,2024.0146470848574,2024.0146470848574,2024.0146470848574,2024.0146470848574
ethereum,2026-04-01,2095.4159934323757,252878775956.88654,23416069529.556515,4946.05,0.432979,2095.4159934323757,2095.4159934323757,2095.4159934323757,2095.4159934323757
ethereum,2026-04-02,2131.5392771024462,257238202336.49893,21299358479.11906,4946.05,0.432979,2131.5392771024462,2131.5392771024462,2131.5392771024462,2131.5392771024462
ethereum,2026-04-03,2052.336230233669,247679828435.08362,20672789354.697014,4946.05,0.432979,2052.336230233669,2052.336230233669,2052.336230233669,2052.336230233669
ethereum,2026-04-04,2009.4212910268097,242500772185.19867,2391874686.2539997,4946.05,0.432979,2009.4212910268097,2009.4212910268097,2009.4212910268097,2009.4212910268097
ethereum,2026-04-05,2052.0685636243165,247647525921.04834,8763342890.936821,4946.05,0.432979,2052.0685636243165,2052.0685636243165,2052.0685636243165,2052.0685636243165
ethereum,2026-04-06,2066.1981252768373,249352708217.40182,2977633843.3241262,4946.05,0.432979,2066.1981252768373,2066.1981252768373,2066.1981252768373,2066.1981252768373
ethereum,2026-04-07,2100.806140265129,253529269098.853,20057879920.68048,4946.05,0.432979,2100.806140265129,2100.806140265129,2100.806140265129,2100.806140265129
ethereum,2026-04-08,2235.8222062960863,269823263999.8347,25409795947.525566,4946.05,0.432979,2235.8222062960863,2235.8222062960863,2235.8222062960863,2235.8222062960863
ethereum,2026-04-09,2179.7915700795793,263061380561.4504,22458863412.682026,4946.05,0.432979,2179.7915700795793,2179.7915700795793,2179.7915700795793,2179.7915700795793
ethereum,2026-04-10,2177.972586699981,262841862197.574,19099363153.033443,4946.05,0.432979,2177.972586699981,2177.972586699981,2177.972586699981,2177.972586699981
ethereum,2026-04-11,2247.4186221630807,271243406913.34424,2203404978.6048203,4946.05,0.432979,2247.4186221630807,2247.4186221630807,2247.4186221630807,2247.4186221630807
ethereum,2026-04-12,2283.0571149299954,275544608218.2303,10793969205.906853,4946.05,0.432979,2283.0571149299954,2283.0571149299954,2283.0571149299954,2283.0571149299954
ethereum,2026-04-13,2189.221443884993,264219444192.96732,13405623366.831423,4946.05,0.432979,2189.221443884993,2189.221443884993,2189.221443884993,2189.221443884993
ethereum,2026-04-14,2374.0162053338927,286522445815.8492,22227550498.82565,4946.05,0.432979,2374.0162053338927,2374.0162053338927,2374.0162053338927,2374.0162053338927
ethereum,2026-04-15,2326.445177466492,280780975778.5925,21779733467.637848,4946.05,0.432979,2326.445177466492,2326.445177466492,2326.445177466492,2326.445177466492
ethereum,2026-04-16,2360.57614677394,284900194124.0837,2379628193.1620183,4946.05,0.432979,2360.57614677394,2360.57614677394,2360.57614677394,2360.57614677394
ethereum,2026-04-17,2348.987492385873,283501489006.51196,18277840224.2442,4946.05,0.432979,2348.987492385873,2348.987492385873,2348.987492385873,2348.987492385873
ethereum,2026-04-18,2421.2905710664027,292227734041.3285,22875298915.560413,4946.05,0.432979,2421.2905710664027,2421.2905710664027,2421.2905710664027,2421.2905710664027
ethereum,2026-04-19,2351.4600244518356,283799477384.54535,12968820774.047688,4946.05,0.432979,2351.4600244518356,2351.4600244518356,2351.4600244518356,2351.4600244518356
ethereum,2026-04-20,2264.1941982589246,273266828288.31577,15211822330.006557,4946.05,0.432979,2264.1941982589246,2264.1941982589246,2264.1941982589246,2264.1941982589246
ethereum,2026-04-21,2314.6386071300276,279354502380.66516,17060069305.720215,4946.05,0.432979,2314.6386071300276,2314.6386071300276,2314.6386071300276,2314.6386071300276
ethereum,2026-04-22,2326.6640126907014,280805083467.57495,15911266216.065207,4946.05,0.432979,2326.6640126907014,2326.6640126907014,2326.6640126907014,2326.6640126907014
ethereum,2026-04-23,2375.7144533633987,286724723305.0389,19824497898.46676,4946.05,0.432979,2375.7144533633987,2375.7144533633987,2375.7144533633987,2375.7144533633987
ethereum,2026-04-24,2331.0953087937605,281338314330.68677,17461867679.74141,4946.05,0.432979,2331.0953087937605,2331.0953087937605,2331.0953087937605,2331.0953087937605
ethereum,2026-04-25,2315.700185661901,279479725464.80133,2000632907.7500498,4946.05,0.432979,2315.700185661901,2315.700185661901,2315.700185661901,2315.700185661901
ethereum,2026-04-26,2320.566403725771,280066641519.59357,6503395269.585206,4946.05,0.432979,2320.566403725771,2320.566403725771,2320.566403725771,2320.566403725771
ethereum,2026-04-27,2369.1540292624554,285930428396.5808,10106202763.695818,4946.05,0.432979,2369.1540292624554,2369.1540292624554,2369.1540292624554,2369.1540292624554
ethereum,2026-04-28,2303.8842501308045,278052624845.4277,16613836112.053389,4946.05,0.432979,2303.8842501308045,2303.8842501308045,2303.8842501308045,2303.8842501308045
ethereum,2026-04-29,2292.7658741534183,276709948788.5879,1813581228.36513,4946.05,0.432979,2292.7658741534183,2292.7658741534183,2292.7658741534183,2292.7658741534183
ethereum,2026-04-30,2253.620049292702,271984956722.93295,19280727384.966576,4946.05,0.432979,2253.620049292702,2253.620049292702,2253.620049292702,2253.620049292702
ethereum,2026-05-01,2256.9491123703424,272386233737.76852,11586818602.190138,4946.05,0.432979,2256.9491123703424,2256.9491123703424,2256.9491123703424,2256.9491123703424
ethereum,2026-05-02,2295.583440883838,277048393325.80853,12644600926.186169,4946.05,0.432979,2295.583440883838,2295.583440883838,2295.583440883838,2295.583440883838
ethereum,2026-05-03,2322.287161264127,280270987498.46216,1263804336.3238258,4946.05,0.432979,2322.287161264127,2322.287161264127,2322.287161264127,2322.287161264127
ethereum,2026-05-04,2322.5878639164766,280307153738.07544,4551919997.822555,4946.05,0.432979,2322.5878639164766,2322.5878639164766,2322.5878639164766,2322.5878639164766
ethereum,2026-05-05,2346.1713028945196,283153280392.45935,23720470979.68119,4946.05,0.432979,2346.1713028945196,2346.1713028945196,2346.1713028945196,2346.1713028945196
ethereum,2026-05-06,2360.6443662859797,284899717179.8512,16718728906.766327,4946.05,0.432979,2360.6443662859797,2360.6443662859797,2360.6443662859797,2360.6443662859797
ethereum,2026-05-07,2351.0137484161237,283737319082.1199,20992171634.479675,4946.05,0.432979,2351.0137484161237,2351.0137484161237,2351.0137484161237,2351.0137484161237
ethereum,2026-05-08,2291.302591374564,276530674286.61005,21299616498.374397,4946.05,0.432979,2291.302591374564,2291.302591374564,2291.302591374564,2291.302591374564
ethereum,2026-05-09,2307.470372982362,278481484608.0288,18584836408.061428,4946.05,0.432979,2307.470372982362,2307.470372982362,2307.470372982362,2307.470372982362
ethereum,2026-05-10,2327.1639474602157,280857616089.8406,11176158889.11686,4946.05,0.432979,2327.1639474602157,2327.1639474602157,2327.1639474602157,2327.1639474602157
ethereum,2026-05-11,2369.9648714985337,286023012112.36975,17894035453.03701,4946.05,0.432979,2369.9648714985337,2369.9648714985337,2369.9648714985337,2369.9648714985337
ethereum,2026-05-12,2338.59446825004,282236853919.4963,14173141323.149693,4946.05,0.432979,2338.59446825004,2338.59446825004,2338.59446825004,2338.59446825004
ethereum,2026-05-13,2275.747322631228,274651656906.35928,14548238977.439606,4946.05,0.432979,2275.747322631228,2275.747322631228,2275.747322631228,2275.747322631228
ethereum,2026-05-14,2258.4839088491867,272567919519.1197,13894697752.532177,4946.05,0.432979,2258.4839088491867,2258.4839088491867,2258.4839088491867,2258.4839088491867
ethereum,2026-05-15,2282.595746277603,275477745070.3736,16191988437.405981,4946.05,0.432979,2282.595746277603,2282.595746277603,2282.595746277603,2282.595746277603
ethereum,2026-05-16,2223.9374886817177,268398316551.5641,16707284931.9336,4946.05,0.432979,2223.9374886817177,2223.9374886817177,2223.9374886817177,2223.9374886817177
ethereum,2026-05-17,2180.0891100856325,263105887893.18088,10440765468.705359,4946.05,0.432979,2180.0891100856325,2180.0891100856325,2180.0891100856325,2180.0891100856325
ethereum,2026-05-18,2130.749230126177,257151151560.93878,9346279089.585968,4946.05,0.432979,2130.749230126177,2130.749230126177,2130.749230126177,2130.749230126177
ethereum,2026-05-19,2128.8927623239815,256927014216.71082,18504025914.851704,4946.05,0.432979,2128.8927623239815,2128.8927623239815,2128.8927623239815,2128.8927623239815
ethereum,2026-05-20,2109.3421375885023,254567432222.94888,11250808873.19399,4946.05,0.432979,2109.3421375885023,2109.3421375885023,2109.3421375885023,2109.3421375885023
ethereum,2026-05-21,2127.468931683584,256754993448.5723,11238421745.282204,4946.05,0.432979,2127.468931683584,2127.468931683584,2127.468931683584,2127.468931683584
ethereum,2026-05-22,2132.1443703600044,257319162066.26633,13355202447.22478,4946.05,0.432979,2132.1443703600044,2132.1443703600044,2132.1443703600044,2132.1443703600044
ethereum,2026-05-23,2064.039749218924,249099851766.95044,12336915364.541262,4946.05,0.432979,2064.039749218924,2064.039749218924,2064.039749218924,2064.039749218924
ethereum,2026-05-24,2116.4299126571727,255422534247.0047,15645737334.490585,4946.05,0.432979,2116.4299126571727,2116.4299126571727,2116.4299126571727,2116.4299126571727
ethereum,2026-05-25,2097.6582568011895,253157019396.1855,9972550889.11964,4946.05,0.432979,2097.6582568011895,2097.6582568011895,2097.6582568011895,2097.6582568011895
ethereum,2026-05-26,2110.5929717502054,254718006828.523,9506066145.888752,4946.05,0.432979,2110.5929717502054,2110.5929717502054,2110.5929717502054,2110.5929717502054
ethereum,2026-05-27,2072.3492159738144,250102478155.41592,14155757179.744965,4946.05,0.432979,2072.3492159738144,2072.3492159738144,2072.3492159738144,2072.3492159738144
ethereum,2026-05-28,2022.465974317952,244082228718.45593,13111439048.810225,4946.05,0.432979,2022.465974317952,2022.465974317952,2022.465974317952,2022.465974317952
ethereum,2026-05-29,2008.1144631178963,242350127914.89413,16340884014.098196,4946.05,0.432979,2008.1144631178963,2008.1144631178963,2008.1144631178963,2008.1144631178963
ethereum,2026-05-30,2012.5607890669655,242886602421.65924,13631910773.179047,4946.05,0.432979,2012.5607890669655,2012.5607890669655,2012.5607890669655,2012.5607890669655
ethereum,2026-05-31,2021.665390940461,243985261872.80014,7309721337.815556,4946.05,0.432979,2021.665390940461,2021.665390940461,2021.665390940461,2021.665390940461
ethereum,2026-06-01,2005.0520566280852,241980194646.4275,8798577983.65509,4946.05,0.432979,2005.0520566280852,2005.0520566280852,2005.0520566280852,2005.0520566280852
ethereum,2026-06-02,2003.5794472377934,241802405659.34933,17641251039.019615,4946.05,0.432979,2003.5794472377934,2003.5794472377934,2003.5794472377934,2003.5794472377934
ethereum,2026-06-03,1858.3640479335945,224276922375.7809,22398056413.249477,4946.05,0.432979,1858.3640479335945,1858.3640479335945,1858.3640479335945,1858.3640479335945
ethereum,2026-06-04,1811.7149905120527,218646847414.9501,22460032720.27168,4946.05,0.432979,1811.7149905120527,1811.7149905120527,1811.7149905120527,1811.7149905120527
ethereum,2026-06-05,1769.0317333338,213495452809.0861,25717635461.02949,4946.05,0.432979,1769.0317333338,1769.0317333338,1769.0317333338,1769.0317333338
ethereum,2026-06-06,1582.4588294507628,190978752181.88416,38205353386.90695,4946.05,0.432979,1582.4588294507628,1582.4588294507628,1582.4588294507628,1582.4588294507628
ethereum,2026-06-07,1568.7027946407661,189318197707.50336,18640275407.494694,4946.05,0.432979,1568.7027946407661,1568.7027946407661,1568.7027946407661,1568.7027946407661
ethereum,2026-06-08,1687.8826846141703,203701307543.392,16062772861.618362,4946.05,0.432979,1687.8826846141703,1687.8826846141703,1687.8826846141703,1687.8826846141703
ethereum,2026-06-09,1690.4950851700783,204016538883.978,17032455956.759356,4946.05,0.432979,1690.4950851700783,1690.4950851700783,1690.4950851700783,1690.4950851700783
ethereum,2026-06-10,1638.7504135601862,197771660387.75195,14438363030.352573,4946.05,0.432979,1638.7504135601862,1638.7504135601862,1638.7504135601862,1638.7504135601862
ethereum,2026-06-11,1620.917390707054,195619412992.2519,12687812229.500313,4946.05,0.432979,1620.917390707054,1620.917390707054,1620.917390707054,1620.917390707054
ethereum,2026-06-12,1671.86904676229,201768387468.37537,12635592497.522842,4946.05,0.432979,1671.86904676229,1671.86904676229,1671.86904676229,1671.86904676229
ethereum,2026-06-13,1665.5551249935475,201006326715.53604,10271188237.766333,4946.05,0.432979,1665.5551249935475,1665.5551249935475,1665.5551249935475,1665.5551249935475
ethereum,2026-06-14,1680.3055520030994,202786394956.7776,6441342040.178422,4946.05,0.432979,1680.3055520030994,1680.3055520030994,1680.3055520030994,1680.3055520030994
ethereum,2026-06-15,1725.448928079916,208234439253.2255,8722419528.693426,4946.05,0.432979,1725.448928079916,1725.448928079916,1725.448928079916,1725.448928079916
ethereum,2026-06-16,1794.9576599037732,216622998493.3419,17421141494.745083,4946.05,0.432979,1794.9576599037732,1794.9576599037732,1794.9576599037732,1794.9576599037732
ethereum,2026-06-17,1791.3886783051394,216192147348.88727,14895312465.041277,4946.05,0.432979,1791.3886783051394,1791.3886783051394,1791.3886783051394,1791.3886783051394
ethereum,2026-06-18,1748.7549735206103,211046873391.0524,14238667168.314316,4946.05,0.432979,1748.7549735206103,1748.7549735206103,1748.7549735206103,1748.7549735206103
ethereum,2026-06-19,1710.079110757131,206379242687.9148,13166567999.261673,4946.05,0.432979,1710.079110757131,1710.079110757131,1710.079110757131,1710.079110757131
ethereum,2026-06-20,1708.87855388619,206234250069.17407,8744393544.88749,4946.05,0.432979,1708.87855388619,1708.87855388619,1708.87855388619,1708.87855388619
ethereum,2026-06-21,1739.2769352743533,209902786728.71887,8660156114.59372,4946.05,0.432979,1739.2769352743533,1739.2769352743533,1739.2769352743533,1739.2769352743533
ethereum,2026-06-22,1704.9130137257484,205755555330.1328,9501777100.678152,4946.05,0.432979,1704.9130137257484,1704.9130137257484,1704.9130137257484,1704.9130137257484
ethereum,2026-06-23,1725.1620208904676,208199241296.49207,14844534842.973106,4946.05,0.432979,1725.1620208904676,1725.1620208904676,1725.1620208904676,1725.1620208904676
ethereum,2026-06-24,1665.7162407218393,201025025282.61243,11028765091.96417,4946.05,0.432979,1665.7162407218393,1665.7162407218393,1665.7162407218393,1665.7162407218393
ethereum,2026-06-25,1620.6434082953833,195585379105.89435,14564492017.893734,4946.05,0.432979,1620.6434082953833,1620.6434082953833,1620.6434082953833,1620.6434082953833
ethereum,2026-06-26,1566.0081297519519,188991665755.70743,15715979048.939772,4946.05,0.432979,1566.0081297519519,1566.0081297519519,1566.0081297519519,1566.0081297519519
ethereum,2026-06-27,1576.9176481850786,190308081815.48938,15385677746.031172,4946.05,0.432979,1576.9176481850786,1576.9176481850786,1576.9176481850786,1576.9176481850786
ethereum,2026-06-28,1571.9371269098212,189706894652.55972,6488596779.477047,4946.05,0.432979,1571.9371269098212,1571.9371269098212,1571.9371269098212,1571.9371269098212
ethereum,2026-06-29,1570.0805519413402,189482804157.67572,6688950133.242254,4946.05,0.432979,1570.0805519413402,1570.0805519413402,1570.0805519413402,1570.0805519413402
ethereum,2026-06-30,1609.751185572177,194270370492.90536,12257591853.273031,4946.05,0.432979,1609.751185572177,1609.751185572177,1609.751185572177,1609.751185572177
ethereum,2026-07-01,1569.8271747749748,189452148354.94492,9776507854.22924,4946.05,0.432979,1569.8271747749748,1569.8271747749748,1569.8271747749748,1569.8271747749748
ethereum,2026-07-02,1608.254387223296,194089602864.7811,11965520976.255758,4946.05,0.432979,1608.254387223296,1608.254387223296,1608.254387223296,1608.254387223296
ethereum,2026-07-03,1698.5610521616197,204988032961.64233,13732855612.657272,4946.05,0.432979,1698.5610521616197,1698.5610521616197,1698.5610521616197,1698.5610521616197
ethereum,2026-07-04,1756.9804642496356,212038138510.35922,10305574832.445166,4946.05,0.432979,1756.9804642496356,1756.9804642496356,1756.9804642496356,1756.9804642496356
ethereum,2026-07-05,1779.908385139636,214805111963.64227,8250450293.077493,4946.05,0.432979,1779.908385139636,1779.908385139636,1779.908385139636,1779.908385139636
ethereum,2026-07-06,1784.2622991817525,215330521708.11813,10890625673.403336,4946.05,0.432979,1784.2622991817525,1784.2622991817525,1784.2622991817525,1784.2622991817525
ethereum,2026-07-07,1798.557105022033,217055626708.547,16362634630.524921,4946.05,0.432979,1798.557105022033,1798.557105022033,1798.557105022033,1798.557105022033
ethereum,2026-07-08,1771.2223954004269,213756723632.7925,9863305816.642056,4946.05,0.432979,1771.2223954004269,1771.2223954004269,1771.2223954004269,1771.2223954004269
ethereum,2026-07-09,1742.2494536901065,210260122320.1991,10424310698.384363,4946.05,0.432979,1742.2494536901065,1742.2494536901065,1742.2494536901065,1742.2494536901065
ethereum,2026-07-10,1744.6953884606253,210555249028.31128,7463353201.529596,4946.05,0.432979,1744.6953884606253,1744.6953884606253,1744.6953884606253,1744.6953884606253
ethereum,2026-07-11,1795.2394655119474,216655030211.1195,8967123815.261372,4946.05,0.432979,1795.2394655119474,1795.2394655119474,1795.2394655119474,1795.2394655119474
ethereum,2026-07-12,1787.9485944322748,215775095411.18936,6693222695.327211,4946.05,0.432979,1787.9485944322748,1787.9485944322748,1787.9485944322748,1787.9485944322748
ethereum,2026-07-13,1805.4862853704624,217891552265.4176,6029403660.551113,4946.05,0.432979,1805.4862853704624,1805.4862853704624,1805.4862853704624,1805.4862853704624
ethereum,2026-07-14,1774.0909253483635,214102634317.62497,10937935597.693302,4946.05,0.432979,1774.0909253483635,1774.0909253483635,1774.0909253483635,1774.0909253483635
ethereum,2026-07-15,1890.3093923843837,228128182150.20947,13672614153.992453,4946.05,0.432979,1890.3093923843837,1890.3093923843837,1890.3093923843837,1890.3093923843837
ethereum,2026-07-16,1916.7586464879018,231320074235.7647,11778781495.282999,4946.05,0.432979,1916.7586464879018,1916.7586464879018,1916.7586464879018,1916.7586464879018
ethereum,2026-07-17,1863.0065007127855,224833051309.7742,10783158385.916962,4946.05,0.432979,1863.0065007127855,1863.0065007127855,1863.0065007127855,1863.0065007127855
ethereum,2026-07-18,1840.7681193183653,222149185555.00424,10022919662.432865,4946.05,0.432979,1840.7681193183653,1840.7681193183653,1840.7681193183653,1840.7681193183653
ethereum,2026-07-19,1862.32234801627,224750368580.7533,4987957002.308284,4946.05,0.432979,1862.32234801627,1862.32234801627,1862.32234801627,1862.32234801627
ethereum,2026-07-20,1870.8170349782704,225775502701.29886,6954436039.274067,4946.05,0.432979,1870.8170349782704,1870.8170349782704,1870.8170349782704,1870.8170349782704
ethereum,2026-07-21,1901.7735152870935,229511401059.90768,11562172058.259706,4946.05,0.432979,1901.7735152870935,1901.7735152870935,1901.7735152870935,1901.7735152870935
ethereum,2026-07-22,1928.6558956703082,232755599657.75903,11705227603.004368,4946.05,0.432979,1928.6558956703082,1928.6558956703082,1928.6558956703082,1928.6558956703082
ethereum,2026-07-23,1933.4132583162384,233329678635.40228,10248156689.026426,4946.05,0.432979,1933.4132583162384,1933.4132583162384,1933.4132583162384,1933.4132583162384
ethereum,2026-07-24,1877.460607698635,226577108826.6929,9329058790.648285,4946.05,0.432979,1877.460607698635,1877.460607698635,1877.460607698635,1877.460607698635
ethereum,2026-07-25,1860.4425012275274,224523247342.9193,8648456718.721657,4946.05,0.432979,1860.4425012275274,1860.4425012275274,1860.4425012275274,1860.4425012275274
ethereum,2026-07-26,1874.4572768280736,226214537314.7256,4560080660.27285,4946.05,0.432979,1874.4572768280736,1874.4572768280736,1874.4572768280736,1874.4572768280736
ethereum,2026-07-27,1952.9020070235085,235681418276.19308,6005093960.158514,4946.05,0.432979,1952.9020070235085,1952.9020070235085,1952.9020070235085,1952.9020070235085
ethereum,2026-07-28,1890.4523208978708,228144769040.5725,11880592085.099258,4946.05,0.432979,1890.4523208978708,1890.4523208978708,1890.4523208978708,1890.4523208978708
ethereum,2026-07-29,1920.4888660862466,231769590224.5733,10140108111.11028,4946.05,0.432979,1920.4888660862466,1920.4888660862466,1920.4888660862466,1920.4888660862466
ethereum,2026-07-30,1908.7417326276595,230351833088.13193,10381004662.332052,4946.05,0.432979,1908.7417326276595,1908.7417326276595,1908.7417326276595,1908.7417326276595
ethereum,2026-07-31,1917.5713635462077,231417322457.43652,7233808983.066724,4946.05,0.432979,1917.5713635462077,1917.5713635462077,1917.5713635462077,1917.5713635462077
ethereum,2026-08-01,1860.5923268286904,224540624044.67694,8983553463.1014,4946.05,0.432979,1860.5923268286904,1860.5923268286904,1860.5923268286904,1860.5923268286904
ethereum,2026-08-02,1843.443563411847,222470943765.64313,4357579694.724913,4946.05,0.432979,1843.443563411847,1843.443563411847,1843.443563411847,1843.443563411847
ethereum,2026-08-03,1882.9305589557664,227236303688.18417,5173055599.256301,4946.05,0.432979,1882.9305589557664,1882.9305589557664,1882.9305589557664,1882.9305589557664
ethereum,2026-08-04,1858.5376969949996,224292495927.8464,6905850664.836938,4946.05,0.432979,1858.5376969949996,1858.5376969949996,1858.5376969949996,1858.5376969949996
ethereum,2026-08-05,1868.621381582403,225509357776.2601,7025816689.849928,4946.05,0.432979,1868.621381582403,1868.621381582403,1868.621381582403,1868.621381582403
ethereum,2026-08-06,1907.4360439632449,230193525056.68658,8719148747.985065,4946.05,0.432979,1907.4360439632449,1907.4360439632449,1907.4360439632449,1907.4360439632449
ethereum,2026-08-07,1902.1622720657638,229557018282.317,7041288910.521751,4946.05,0.432979,1902.1622720657638,1902.1622720657638,1902.1622720657638,1902.1622720657638
ethereum,2026-08-08,1912.9851571036106,230863088055.06393,7937017648.61706,4946.05,0.432979,1912.9851571036106,1912.9851571036106,1912.9851571036106,1912.9851571036106
ethereum,2026-08-09,1915.447810935271,231160234746.49893,3398047722.2540674,4946.05,0.432979,1915.447810935271,1915.447810935271,1915.447810935271,1915.447810935271
ethereum,2026-08-10,1908.940734099038,230374924394.0449,4015296300.504261,4946.05,0.432979,1908.940734099038,1908.940734099038,1908.940734099038,1908.940734099038
ethereum,2026-08-11,1871.3976551883159,225844119567.10123,7444257808.359959,4946.05,0.432979,1871.3976551883159,1871.3976551883159,1871.3976551883159,1871.3976551883159
ethereum,2026-08-12,1880.4862005694617,226940902767.18845,7012585474.087628,4946.05,0.432979,1880.4862005694617,1880.4862005694617,1880.4862005694617,1880.4862005694617
ethereum,2026-08-13,1877.743530062547,226609870971.63812,6676533766.105008,4946.05,0.432979,1877.743530062547,1877.743530062547,1877.743530062547,1877.743530062547
ethereum,2026-08-14,1884.3941576877892,227412442314.981,6176486165.813991,4946.05,0.432979,1884.3941576877892,1884.3941576877892,1884.3941576877892,1884.3941576877892
ethereum,2026-08-15,1880.3285280890423,226921756396.83118,4955816205.526191,4946.05,0.432979,1880.3285280890423,1880.3285280890423,1880.3285280890423,1880.3285280890423
ethereum,2026-08-16,1880.9591561894488,226997824776.81827,2840242427.939262,4946.05,0.432979,1880.9591561894488,1880.9591561894488,1880.9591561894488,1880.9591561894488
ethereum,2026-08-17,1874.401898191962,226206460858.21567,3309436095.6191325,4946.05,0.432979,1874.401898191962,1874.401898191962,1874.401898191962,1874.401898191962
ethereum,2026-08-18,1912.2734691708965,230776857469.4575,6844360576.180716,4946.05,0.432979,1912.2734691708965,1912.2734691708965,1912.2734691708965,1912.2734691708965
ethereum,2026-08-19,1916.3998901478055,231274812706.7942,5993977856.00991,4946.05,0.432979,1916.3998901478055,1916.3998901478055,1916.3998901478055,1916.3998901478055
ethereum,2026-08-20,2251.7346140069594,271743603539.60367,27730489153.053757,4946.05,0.432979,2251.7346140069594,2251.7346140069594,2251.7346140069594,2251.7346140069594
ethereum,2026-08-21,2326.5282334236576,280769475212.28674,25176787742.312656,4946.05,0.432979,2326.5282334236576,2326.5282334236576,2326.5282334236576,2326.5282334236576
ethereum,2026-08-22,2514.967577695514,303510532650.1589,31043603228.171097,4946.05,0.432979,2514.967577695514,2514.967577695514,2514.967577695514,2514.967577695514
ethereum,2026-08-23,2423.4127407436827,292461262953.4871,20488463662.617588,4946.05,0.432979,2423.4127407436827,2423.4127407436827,2423.4127407436827,2423.4127407436827
ethereum,2026-08-24,2462.403924751607,297166690282.8374,16424823875.772726,4946.05,0.432979,2462.403924751607,2462.403924751607,2462.403924751607,2462.403924751607
ethereum,2026-08-25,2481.879430655568,299516952709.2971,20089039982.502842,4946.05,0.432979,2481.879430655568,2481.879430655568,2481.879430655568,2481.879430655568
ethereum,2026-08-26,2442.0111121033965,294705081780.14966,15300244959.640041,4946.05,0.432979,2442.0111121033965,2442.0111121033965,2442.0111121033965,2442.0111121033965
ethereum,2026-08-27,2506.3431057180687,302468671992.12006,12215102857.703117,4946.05,0.432979,2506.3431057180687,2506.3431057180687,2506.3431057180687,2506.3431057180687
ethereum,2026-08-28,2511.461241063819,303086274935.40906,15416430976.148985,4946.05,0.432979,2511.461241063819,2511.461241063819,2511.461241063819,2511.461241063819
ethereum,2026-08-29,2442.407614756763,294752696360.4463,14972903066.684414,4946.05,0.432979,2442.407614756763,2442.407614756763,2442.407614756763,2442.407614756763
ethereum,2026-08-30,2457.089335222437,296524419464.6924,5355165833.843594,4946.05,0.432979,2457.089335222437,2457.089335222437,2457.089335222437,2457.089335222437
ethereum,2026-08-31,2416.2418165172735,291594867605.8527,10762275574.892046,4946.05,0.432979,2416.2418165172735,2416.2418165172735,2416.2418165172735,2416.2418165172735
ethereum,2026-09-01,2466.565659094493,297667970873.7225,12336663342.988674,4946.05,0.432979,2466.565659094493,2466.565659094493,2466.565659094493,2466.565659094493
ethereum,2026-09-02,2417.6758884733536,291767768408.91174,12760379027.821028,4946.05,0.432979,2417.6758884733536,2417.6758884733536,2417.6758884733536,2417.6758884733536
ethereum,2026-09-03,2390.783044679688,291704729861.0524,12772993324.596373,4946.05,0.432979,2390.783044679688,2390.783044679688,2390.783044679688,2390.783044679688
ethereum,2026-09-04,2507.6482840896088,305971011968.8528,16639170367.446753,4946.05,0.432979,2507.6482840896088,2507.6482840896088,2507.6482840896088,2507.6482840896088
ethereum,2026-09-05,2456.085066364875,299686660200.51276,16234345954.343023,4946.05,0.432979,2456.085066364875,2456.085066364875,2456.085066364875,2456.085066364875
ethereum,2026-09-06,2480.0031686031184,302612300112.52106,6784086852.01072,4946.05,0.432979,2480.0031686031184,2480.0031686031184,2480.0031686031184,2480.0031686031184
ethereum,2026-09-07,2514.0092688310365,306769108939.70807,9948019407.716267,4946.05,0.432979,2514.0092688310365,2514.0092688310365,2514.0092688310365,2514.0092688310365
ethereum,2026-09-08,2489.3967543757462,303773075685.29297,11300837599.905233,4946.05,0.432979,2489.3967543757462,2489.3967543757462,2489.3967543757462,2489.3967543757462
ethereum,2026-09-09,2485.0697039871584,303252321699.8239,11965805217.194431,4946.05,0.432979,2485.0697039871584,2485.0697039871584,2485.0697039871584,2485.0697039871584
ethereum,2026-09-10,2467.529167979314,301119066908.05597,13328861510.407354,4946.05,0.432979,2467.529167979314,2467.529167979314,2467.529167979314,2467.529167979314
ethereum,2026-09-11,2437.514812545618,297463477324.3543,15266781786.913017,4946.05,0.432979,2437.514812545618,2437.514812545618,2437.514812545618,2437.514812545618
ethereum,2026-09-12,2514.846819245876,306908073951.8628,24774688367.63771,4946.05,0.432979,2514.846819245876,2514.846819245876,2514.846819245876,2514.846819245876
ethereum,2026-09-13,2525.267261590238,308187084056.6601,7645722055.298775,4946.05,0.432979,2525.267261590238,2525.267261590238,2525.267261590238,2525.267261590238
ethereum,2026-09-14,2476.682526163658,302264990103.7054,9592266575.143324,4946.05,0.432979,2476.682526163658,2476.682526163658,2476.682526163658,2476.682526163658
ethereum,2026-09-15,2514.759550467769,306919471184.89514,16123922989.756006,4946.05,0.432979,2514.759550467769,2514.759550467769,2514.759550467769,2514.759550467769
ethereum,2026-09-16,2397.4972601650115,292614926206.1527,19487916667.87325,4946.05,0.432979,2397.4972601650115,2397.4972601650115,2397.4972601650115,2397.4972601650115
ethereum,2026-09-17,2415.9596535242995,294875323390.85944,15793566275.442846,4946.05,0.432979,2415.9596535242995,2415.9596535242995,2415.9596535242995,2415.9596535242995
ethereum,2026-09-18,2446.143252227872,298566484290.6061,11943767083.350086,4946.05,0.432979,2446.143252227872,2446.143252227872,2446.143252227872,2446.143252227872
ethereum,2026-09-19,2611.5555571198493,318763679004.78766,23593939177.26936,4946.05,0.432979,2611.5555571198493,2611.5555571198493,2611.5555571198493,2611.5555571198493
ethereum,2026-09-20,2632.0095970320526,321267925139.67786,11034395644.108103,4946.05,0.432979,2632.0095970320526,2632.0095970320526,2632.0095970320526,2632.0095970320526
ethereum,2026-09-21,2644.7349398187544,322828893559.51447,11749949626.385357,4946.05,0.432979,2644.7349398187544,2644.7349398187544,2644.7349398187544,2644.7349398187544
tether,2025-09-23,1.000808291551875,172159137185.26056,148312302899.45914,1.32,0.572521,1.000808291551875,1.000808291551875,1.000808291551875,1.000808291551875
tether,2025-09-24,1.0002028705058388,172782988274.18234,95757619722.86195,1.32,0.572521,1.0002028705058388,1.0002028705058388,1.0002028705058388,1.0002028705058388
tether,2025-09-25,1.0003353777388937,173097577615.02927,95730037762.65295,1.32,0.572521,1.0003353777388937,1.0003353777388937,1.0003353777388937,1.0003353777388937
tether,2025-09-26,1.0005069030327227,173525907601.41373,164162261757.9599,1.32,0.572521,1.0005069030327227,1.0005069030327227,1.0005069030327227,1.0005069030327227
tether,2025-09-27,1.0005283197682366,173539364939.73392,119754710720.31558,1.32,0.572521,1.0005283197682366,1.0005283197682366,1.0005283197682366,1.0005283197682366
tether,2025-09-28,1.0006000332252691,174268646642.99356,55296824054.87655,1.32,0.572521,1.0006000332252691,1.0006000332252691,1.0006000332252691,1.0006000332252691
tether,2025-09-29,1.0003092403139358,174426431543.56372,64574368271.1609,1.32,0.572521,1.0003092403139358,1.0003092403139358,1.0003092403139358,1.0003092403139358
tether,2025-09-30,1.0004470317388705,174449104381.7058,110825813097.62604,1.32,0.572521,1.0004470317388705,1.0004470317388705,1.0004470317388705,1.0004470317388705
tether,2025-10-01,1.0000249949916378,174690086251.1323,107689436884.04684,1.32,0.572521,1.0000249949916378,1.0000249949916378,1.0000249949916378,1.0000249949916378
tether,2025-10-02,1.0004552652269978,175001861390.81754,127338719729.17451,1.32,0.572521,1.0004552652269978,1.0004552652269978,1.0004552652269978,1.0004552652269978
tether,2025-10-03,1.0004690294217136,175810776631.00162,132030888117.92532,1.32,0.572521,1.0004690294217136,1.0004690294217136,1.0004690294217136,1.0004690294217136
tether,2025-10-04,1.0005406899735831,176336999642.3428,143482094223.1145,1.32,0.572521,1.0005406899735831,1.0005406899735831,1.0005406899735831,1.0005406899735831
tether,2025-10-05,1.0003775279421727,176309928780.34433,69295179571.27296,1.32,0.572521,1.0003775279421727,1.0003775279421727,1.0003775279421727,1.0003775279421727
tether,2025-10-06,1.0002265178338232,177071187079.16705,124813425921.39902,1.32,0.572521,1.0002265178338232,1.0002265178338232,1.0002265178338232,1.0002265178338232
tether,2025-10-07,1.000319008364658,177475363323.4947,128584321780.15224,1.32,0.572521,1.000319008364658,1.000319008364658,1.000319008364658,1.000319008364658
tether,2025-10-08,1.0003488972071828,177489031739.88306,150911914383.1635,1.32,0.572521,1.0003488972071828,1.0003488972071828,1.0003488972071828,1.0003488972071828
tether,2025-10-09,1.000249150782755,177956691778.83344,120830343862.77388,1.32,0.572521,1.000249150782755,1.000249150782755,1.000249150782755,1.000249150782755
tether,2025-10-10,1.0004969645540007,178432831059.70578,133389362273.49162,1.32,0.572521,1.0004969645540007,1.0004969645540007,1.0004969645540007,1.0004969645540007
tether,2025-10-11,1.0017394407420666,178972642867.42053,281411330642.0686,1.32,0.572521,1.0017394407420666,1.0017394407420666,1.0017394407420666,1.0017394407420666
tether,2025-10-12,1.0015713951919227,179448570250.109,202322528579.85336,1.32,0.572521,1.0015713951919227,1.0015713951919227,1.0015713951919227,1.0015713951919227
tether,2025-10-13,1.0012090401312448,180013867666.22723,177606074040.39105,1.32,0.572521,1.0012090401312448,1.0012090401312448,1.0012090401312448,1.0012090401312448
tether,2025-10-14,1.0010216081225078,179964007931.02396,148901610753.16083,1.32,0.572521,1.0010216081225078,1.0010216081225078,1.0010216081225078,1.0010216081225078
tether,2025-10-15,1.0006626487826449,180729472695.61444,176719028646.9106,1.32,0.572521,1.0006626487826449,1.0006626487826449,1.0006626487826449,1.0006626487826449
tether,2025-10-16,1.0007616464467108,180743142035.0008,130746105297.09166,1.32,0.572521,1.0007616464467108,1.0007616464467108,1.0007616464467108,1.0007616464467108
tether,2025-10-17,1.0005049822947896,181419640529.07236,143361669453.52008,1.32,0.572521,1.0005049822947896,1.0005049822947896,1.0005049822947896,1.0005049822947896
tether,2025-10-18,1.0007435264526368,181686349492.81735,162249923038.48102,1.32,0.572521,1.0007435264526368,1.0007435264526368,1.0007435264526368,1.0007435264526368
tether,2025-10-19,1.0005842107102871,181976851000.4648,62766270893.83485,1.32,0.572521,1.0005842107102871,1.0005842107102871,1.0005842107102871,1.0005842107102871
tether,2025-10-20,1.0005932818005,181975684490.67044,83421479387.64851,1.32,0.572521,1.0005932818005,1.0005932818005,1.0005932818005,1.0005932818005
tether,2025-10-21,1.0005328153184754,181966466928.9676,107084983310.33884,1.32,0.572521,1.0005328153184754,1.0005328153184754,1.0005328153184754,1.0005328153184754
tether,2025-10-22,1.0005461388459322,182052157746.2898,160951831103.31003,1.32,0.572521,1.0005461388459322,1.0005461388459322,1.0005461388459322,1.0005461388459322
tether,2025-10-23,1.0003830538217613,182480178627.5005,136680048083.50735,1.32,0.572521,1.0003830538217613,1.0003830538217613,1.0003830538217613,1.0003830538217613
tether,2025-10-24,1.000448974206458,182585442014.9322,103380862314.01524,1.32,0.572521,1.000448974206458,1.000448974206458,1.000448974206458,1.000448974206458
tether,2025-10-25,1.0003900542948034,182963419680.44073,93827692341.4876,1.32,0.572521,1.0003900542948034,1.0003900542948034,1.0003900542948034,1.0003900542948034
tether,2025-10-26,1.0003962928175032,182956178237.86823,46167822739.07074,1.32,0.572521,1.0003962928175032,1.0003962928175032,1.0003962928175032,1.0003962928175032
tether,2025-10-27,1.0000949292803192,183190861747.89316,78288146325.15324,1.32,0.572521,1.0000949292803192,1.0000949292803192,1.0000949292803192,1.0000949292803192
tether,2025-10-28,1.0001325669855952,183197259221.4385,113068714528.34177,1.32,0.572521,1.0001325669855952,1.0001325669855952,1.0001325669855952,1.0001325669855952
tether,2025-10-29,1.0003165591560037,183287707374.2695,100485451053.07149,1.32,0.572521,1.0003165591560037,1.0003165591560037,1.0003165591560037,1.0003165591560037
tether,2025-10-30,1.0003290362082176,183390258782.4276,110654435703.28725,1.32,0.572521,1.0003290362082176,1.0003290362082176,1.0003290362082176,1.0003290362082176
tether,2025-10-31,1.0002506325997242,183362530714.80145,123900787206.09248,1.32,0.572521,1.0002506325997242,1.0002506325997242,1.0002506325997242,1.0002506325997242
tether,2025-11-01,0.9997345661952466,183351410315.86276,105214425616.49716,1.32,0.572521,0.9997345661952466,0.9997345661952466,0.9997345661952466,0.9997345661952466
tether,2025-11-02,0.9998709430583818,183430908772.2523,49397160711.54898,1.32,0.572521,0.9998709430583818,0.9998709430583818,0.9998709430583818,0.9998709430583818
tether,2025-11-03,0.999993847327561,183455740913.5826,63154345084.26244,1.32,0.572521,0.999993847327561,0.999993847327561,0.999993847327561,0.999993847327561
tether,2025-11-04,0.9999077329068164,183434044622.21906,142424020008.15207,1.32,0.572521,0.9999077329068164,0.9999077329068164,0.9999077329068164,0.9999077329068164
tether,2025-11-05,1.0000171081502,183431557308.6671,205222797815.29907,1.32,0.572521,1.0000171081502,1.0000171081502,1.0000171081502,1.0000171081502
tether,2025-11-06,1.0000507402754248,183475997459.95865,137331692829.2724,1.32,0.572521,1.0000507402754248,1.0000507402754248,1.0000507402754248,1.0000507402754248
tether,2025-11-07,0.9996149674972749,183377143305.63727,107703479915.43184,1.32,0.572521,0.9996149674972749,0.9996149674972749,0.9996149674972749,0.9996149674972749
tether,2025-11-08,0.9994755607214236,183396707861.31635,135851146119.2932,1.32,0.572521,0.9994755607214236,0.9994755607214236,0.9994755607214236,0.9994755607214236
tether,2025-11-09,0.9997781233646436,183434443781.99948,71884732560.81108,1.32,0.572521,0.9997781233646436,0.9997781233646436,0.9997781233646436,0.9997781233646436
tether,2025-11-10,0.999933940963397,183436178836.14713,79250834000.62444,1.32,0.572521,0.999933940963397,0.999933940963397,0.999933940963397,0.999933940963397
tether,2025-11-11,0.9996494583348062,183433226855.60217,118670693303.9602,1.32,0.572521,0.9996494583348062,0.9996494583348062,0.9996494583348062,0.9996494583348062
tether,2025-11-12,0.9994367482658756,183443876778.71368,110868877798.00244,1.32,0.572521,0.9994367482658756,0.9994367482658756,0.9994367482658756,0.9994367482658756
tether,2025-11-13,0.9998498442947212,184014726008.69928,99885821128.99356,1.32,0.572521,0.9998498442947212,0.9998498442947212,0.9998498442947212,0.9998498442947212
tether,2025-11-14,0.9995563574678672,183930311553.39227,139649398500.2637,1.32,0.572521,0.9995563574678672,0.9995563574678672,0.9995563574678672,0.9995563574678672
tether,2025-11-15,0.9990279253079662,183929054196.4613,152267504158.68127,1.32,0.572521,0.9990279253079662,0.9990279253079662,0.9990279253079662,0.9990279253079662
tether,2025-11-16,0.9996174180238316,183971861705.9821,67023651451.86672,1.32,0.572521,0.9996174180238316,0.9996174180238316,0.9996174180238316,0.9996174180238316
tether,2025-11-17,0.9994664267670036,183930324432.08575,100424682230.60571,1.32,0.572521,0.9994664267670036,0.9994664267670036,0.9994664267670036,0.9994664267670036
tether,2025-11-18,0.9990132469477836,183850936709.9747,135724968137.93892,1.32,0.572521,0.9990132469477836,0.9990132469477836,0.9990132469477836,0.9990132469477836
tether,2025-11-19,0.9995141274387312,183757335083.84015,135814576890.41129,1.32,0.572521,0.9995141274387312,0.9995141274387312,0.9995141274387312,0.9995141274387312
tether,2025-11-20,0.99918535555469,183745046916.538,121394661539.02696,1.32,0.572521,0.99918535555469,0.99918535555469,0.99918535555469,0.99918535555469
tether,2025-11-21,0.9989445543519508,184588950163.2297,138257664382.31845,1.32,0.572521,0.9989445543519508,0.9989445543519508,0.9989445543519508,0.9989445543519508
tether,2025-11-22,0.9995821151492124,184706618173.9468,189239179321.86157,1.32,0.572521,0.9995821151492124,0.9995821151492124,0.9995821151492124,0.9995821151492124
tether,2025-11-23,0.999622758268959,184515223328.25632,62979623007.22199,1.32,0.572521,0.999622758268959,0.999622758268959,0.999622758268959,0.999622758268959
tether,2025-11-24,0.9998233431731418,184456984702.469,77675392126.11987,1.32,0.572521,0.9998233431731418,0.9998233431731418,0.9998233431731418,0.9998233431731418
tether,2025-11-25,0.9998498773358704,184375324862.8891,102906075010.75868,1.32,0.572521,0.9998498773358704,0.9998498773358704,0.9998498773358704,0.9998498773358704
tether,2025-11-26,0.9997328728520452,184482959060.05984,85608434853.45624,1.32,0.572521,0.9997328728520452,0.9997328728520452,0.9997328728520452,0.9997328728520452
tether,2025-11-27,0.999971476914114,184557760611.52435,86328351043.35362,1.32,0.572521,0.999971476914114,0.999971476914114,0.999971476914114,0.999971476914114
tether,2025-11-28,0.9999848135115972,184562315274.0026,69736423571.59216,1.32,0.572521,0.9999848135115972,0.9999848135115972,0.9999848135115972,0.9999848135115972
tether,2025-11-29,1.0002491933071564,184663168517.24823,77198816588.91916,1.32,0.572521,1.0002491933071564,1.0002491933071564,1.0002491933071564,1.0002491933071564
tether,2025-11-30,1.0003013453160328,184678012913.09055,42364410450.20926,1.32,0.572521,1.0003013453160328,1.0003013453160328,1.0003013453160328,1.0003013453160328
tether,2025-12-01,1.0001932588829208,184637357060.67743,45564003700.565674,1.32,0.572521,1.0001932588829208,1.0001932588829208,1.0001932588829208,1.0001932588829208
tether,2025-12-02,1.0000766381180937,184600441072.05756,120509008716.37408,1.32,0.572521,1.0000766381180937,1.0000766381180937,1.0000766381180937,1.0000766381180937
tether,2025-12-03,1.000358577874569,184649841045.81476,101804450237.09209,1.32,0.572521,1.000358577874569,1.000358577874569,1.000358577874569,1.000358577874569
tether,2025-12-04,1.0002865588860543,185359702232.0339,102673417539.98976,1.32,0.572521,1.0002865588860543,1.0002865588860543,1.0002865588860543,1.0002865588860543
tether,2025-12-05,1.0001940665839886,185554508928.0305,85001946625.74637,1.32,0.572521,1.0001940665839886,1.0001940665839886,1.0001940665839886,1.0001940665839886
tether,2025-12-06,1.0002406986092007,185561469077.1167,84740004762.46153,1.32,0.572521,1.0002406986092007,1.0002406986092007,1.0002406986092007,1.0002406986092007
tether,2025-12-07,1.0002620586547162,185679199499.4194,42323128005.26191,1.32,0.572521,1.0002620586547162,1.0002620586547162,1.0002620586547162,1.0002620586547162
tether,2025-12-08,1.000217479246165,185691866459.0886,61100257103.58053,1.32,0.572521,1.000217479246165,1.000217479246165,1.000217479246165,1.000217479246165
tether,2025-12-09,1.0001157164479302,185668523903.61624,75652593109.68697,1.32,0.572521,1.0001157164479302,1.0001157164479302,1.0001157164479302,1.0001157164479302
tether,2025-12-10,1.000103049355251,185736847025.4407,95572509431.3774,1.32,0.572521,1.000103049355251,1.000103049355251,1.000103049355251,1.000103049355251
tether,2025-12-11,1.000220463695655,186093435695.35364,90962072291.22894,1.32,0.572521,1.000220463695655,1.000220463695655,1.000220463695655,1.000220463695655
tether,2025-12-12,1.0001982112594614,186185857472.63068,88895663901.48193,1.32,0.572521,1.0001982112594614,1.0001982112594614,1.0001982112594614,1.0001982112594614
tether,2025-12-13,1.0001724526170432,186250474510.92172,73595262981.57999,1.32,0.572521,1.0001724526170432,1.0001724526170432,1.0001724526170432,1.0001724526170432
tether,2025-12-14,1.0002048608993803,186246172430.53,35609771452.29176,1.32,0.572521,1.0002048608993803,1.0002048608993803,1.0002048608993803,1.0002048608993803
tether,2025-12-15,1.00019031632753,186286628265.25775,47670808266.82711,1.32,0.572521,1.00019031632753,1.00019031632753,1.00019031632753,1.00019031632753
tether,2025-12-16,1.0000355518186628,186268937657.6123,84827807452.35939,1.32,0.572521,1.0000355518186628,1.0000355518186628,1.0000355518186628,1.0000355518186628
tether,2025-12-17,0.9999132098992476,186308016497.72095,74841174554.63293,1.32,0.572521,0.9999132098992476,0.9999132098992476,0.9999132098992476,0.9999132098992476
tether,2025-12-18,0.9998204078945946,186282834264.8372,80543707129.87111,1.32,0.572521,0.9998204078945946,0.9998204078945946,0.9998204078945946,0.9998204078945946
tether,2025-12-19,0.9995585304683968,186192732854.04517,94979682014.42693,1.32,0.572521,0.9995585304683968,0.9995585304683968,0.9995585304683968,0.9995585304683968
tether,2025-12-20,0.9994676660033008,186224204966.82785,90984222038.6605,1.32,0.572521,0.9994676660033008,0.9994676660033008,0.9994676660033008,0.9994676660033008
tether,2025-12-21,0.999758149935464,186773632481.9555,34520211340.4057,1.32,0.572521,0.999758149935464,0.999758149935464,0.999758149935464,0.999758149935464
tether,2025-12-22,0.9997827756969716,186783670577.32895,45636534428.65831,1.32,0.572521,0.9997827756969716,0.9997827756969716,0.9997827756969716,0.9997827756969716
tether,2025-12-23,0.9995272845166544,186812018918.5227,71392495092.69128,1.32,0.572521,0.9995272845166544,0.9995272845166544,0.9995272845166544,0.9995272845166544
tether,2025-12-24,0.9994763027436544,186819829285.2763,66024273117.9772,1.32,0.572521,0.9994763027436544,0.9994763027436544,0.9994763027436544,0.9994763027436544
tether,2025-12-25,0.9995334952340048,186801170610.45163,50508541491.58942,1.32,0.572521,0.9995334952340048,0.9995334952340048,0.9995334952340048,0.9995334952340048
tether,2025-12-26,0.9995120557594676,186800463671.99808,41024749343.92863,1.32,0.572521,0.9995120557594676,0.9995120557594676,0.9995120557594676,0.9995120557594676
tether,2025-12-27,0.999341165090903,186760967525.97528,72170769642.57074,1.32,0.572521,0.999341165090903,0.999341165090903,0.999341165090903,0.999341165090903
tether,2025-12-28,0.9994758580499756,186731509926.23553,30505773335.765102,1.32,0.572521,0.9994758580499756,0.9994758580499756,0.9994758580499756,0.9994758580499756
tether,2025-12-29,0.999354656877494,186707201851.99417,33239393947.677105,1.32,0.572521,0.999354656877494,0.999354656877494,0.999354656877494,0.999354656877494
tether,2025-12-30,0.9989103714642767,186625118143.61685,88452523543.63086,1.32,0.572521,0.9989103714642767,0.9989103714642767,0.9989103714642767,0.9989103714642767
tether,2025-12-31,0.9990319248051008,187155882879.91092,64199112191.2643,1.32,0.572521,0.9990319248051008,0.9990319248051008,0.9990319248051008,0.9990319248051008
tether,2026-01-01,0.9988879005551584,187129561217.21115,77714126683.33278,1.32,0.572521,0.9988879005551584,0.9988879005551584,0.9988879005551584,0.9988879005551584
tether,2026-01-02,0.9989448058238586,186903915203.7422,36075161416.11436,1.32,0.572521,0.9989448058238586,0.9989448058238586,0.9989448058238586,0.9989448058238586
tether,2026-01-03,0.9995758064068687,187021976260.54218,55565168660.19902,1.32,0.572521,0.9995758064068687,0.9995758064068687,0.9995758064068687,0.9995758064068687
tether,2026-01-04,0.9996004521295695,187035583909.37927,30274382328.51749,1.32,0.572521,0.9996004521295695,0.9996004521295695,0.9996004521295695,0.9996004521295695
tether,2026-01-05,0.9995779025232452,187031364642.18665,46798002648.09002,1.32,0.572521,0.9995779025232452,0.9995779025232452,0.9995779025232452,0.9995779025232452
tether,2026-01-06,0.9998942037627081,187090547875.73495,88997396899.16025,1.32,0.572521,0.9998942037627081,0.9998942037627081,0.9998942037627081,0.9998942037627081
tether,2026-01-07,0.9996472708878295,187028398801.7655,87140089724.49736,1.32,0.572521,0.9996472708878295,0.9996472708878295,0.9996472708878295,0.9996472708878295
tether,2026-01-08,0.9993778909590088,186978987696.05795,53904362422.13541,1.32,0.572521,0.9993778909590088,0.9993778909590088,0.9993778909590088,0.9993778909590088
tether,2026-01-09,0.9992872367962841,186962026720.90527,75010767763.20299,1.32,0.572521,0.9992872367962841,0.9992872367962841,0.9992872367962841,0.9992872367962841
tether,2026-01-10,0.9989522729720297,186862845451.88147,63762418788.08118,1.32,0.572521,0.9989522729720297,0.9989522729720297,0.9989522729720297,0.9989522729720297
tether,2026-01-11,0.9988980819867569,186760373001.30707,24722794770.321304,1.32,0.572521,0.9988980819867569,0.9988980819867569,0.9988980819867569,0.9988980819867569
tether,2026-01-12,0.9988188579598742,186745560760.32266,27416352408.332447,1.32,0.572521,0.9988188579598742,0.9988188579598742,0.9988188579598742,0.9988188579598742
tether,2026-01-13,0.9989805875441197,186742778635.0749,69659105842.39868,1.32,0.572521,0.9989805875441197,0.9989805875441197,0.9989805875441197,0.9989805875441197
tether,2026-01-14,0.9994373788404903,186743273927.65546,103629931400.02081,1.32,0.572521,0.9994373788404903,0.9994373788404903,0.9994373788404903,0.9994373788404903
tether,2026-01-15,0.9998590670369738,186822065691.9572,102771387580.12143,1.32,0.572521,0.9998590670369738,0.9998590670369738,0.9998590670369738,0.9998590670369738
tether,2026-01-16,0.999674430007557,186805984184.6037,84862420792.91003,1.32,0.572521,0.999674430007557,0.999674430007557,0.999674430007557,0.999674430007557
tether,2026-01-17,0.9996032330555287,186792679836.41257,45137416169.44166,1.32,0.572521,0.9996032330555287,0.9996032330555287,0.9996032330555287,0.9996032330555287
tether,2026-01-18,0.9996188373857083,186921751388.8458,15911972276.466274,1.32,0.572521,0.9996188373857083,0.9996188373857083,0.9996188373857083,0.9996188373857083
tether,2026-01-19,0.9996512104142635,186929704255.38974,27577914320.83222,1.32,0.572521,0.9996512104142635,0.9996512104142635,0.9996512104142635,0.9996512104142635
tether,2026-01-20,0.9994784208609079,186905500343.7287,71225226494.04681,1.32,0.572521,0.9994784208609079,0.9994784208609079,0.9994784208609079,0.9994784208609079
tether,2026-01-21,0.999075936097345,186843273743.76974,92255721776.13023,1.32,0.572521,0.999075936097345,0.999075936097345,0.999075936097345,0.999075936097345
tether,2026-01-22,0.9992321173776572,186773772167.2338,92453355706.80077,1.32,0.572521,0.9992321173776572,0.9992321173776572,0.9992321173776572,0.9992321173776572
tether,2026-01-23,0.9992112119866924,186769864587.9424,49069800212.74781,1.32,0.572521,0.9992112119866924,0.9992112119866924,0.9992112119866924,0.9992112119866924
tether,2026-01-24,0.998886994335272,186693311410.32077,70914105347.50453,1.32,0.572521,0.998886994335272,0.998886994335272,0.998886994335272,0.998886994335272
tether,2026-01-25,0.998685183580697,186655592708.53882,153041654023.21118,1.32,0.572521,0.998685183580697,0.998685183580697,0.998685183580697,0.998685183580697
tether,2026-01-26,0.9991533365680776,186743091126.23285,185215679876.7056,1.32,0.572521,0.9991533365680776,0.9991533365680776,0.9991533365680776,0.9991533365680776
tether,2026-01-27,0.999074158438655,186362700028.5788,78818297548.87512,1.32,0.572521,0.999074158438655,0.999074158438655,0.999074158438655,0.999074158438655
tether,2026-01-28,0.9989729276071556,186343816894.70428,69229206871.9684,1.32,0.572521,0.9989729276071556,0.9989729276071556,0.9989729276071556,0.9989729276071556
tether,2026-01-29,0.9988394036750715,186117647752.84082,52111489184.055984,1.32,0.572521,0.9988394036750715,0.9988394036750715,0.9988394036750715,0.9988394036750715
tether,2026-01-30,0.9987251185933675,185610792425.12634,426827886115.34766,1.32,0.572521,0.9987251185933675,0.9987251185933675,0.9987251185933675,0.9987251185933675
tether,2026-01-31,0.9987954497223324,185623863305.52808,119469677271.16469,1.32,0.572521,0.9987954497223324,0.9987954497223324,0.9987954497223324,0.9987954497223324
tether,2026-02-01,0.9990619525427709,185199161891.73776,124126614170.12497,1.32,0.572521,0.9990619525427709,0.9990619525427709,0.9990619525427709,0.9990619525427709
tether,2026-02-02,0.9992695397760992,185237642970.44763,86480113365.61452,1.32,0.572521,0.9992695397760992,0.9992695397760992,0.9992695397760992,0.9992695397760992
tether,2026-02-03,0.9993696919978253,185236840876.71698,127208487400.17932,1.32,0.572521,0.9993696919978253,0.9993696919978253,0.9993696919978253,0.9993696919978253
tether,2026-02-04,0.9988330241850284,185137367527.6263,119334657678.6044,1.32,0.572521,0.9988330241850284,0.9988330241850284,0.9988330241850284,0.9988330241850284
tether,2026-02-05,0.9983598210538084,185411431078.3212,114684018581.73141,1.32,0.572521,0.9983598210538084,0.9983598210538084,0.9983598210538084,0.9983598210538084
tether,2026-02-06,0.9985458743633499,185445984161.9404,184201151593.06042,1.32,0.572521,0.9985458743633499,0.9985458743633499,0.9985458743633499,0.9985458743633499
tether,2026-02-07,0.9995479765642489,185632090612.97858,195541864177.32596,1.32,0.572521,0.9995479765642489,0.9995479765642489,0.9995479765642489,0.9995479765642489
tether,2026-02-08,0.9994890411434894,185621145360.101,108625553794.16092,1.32,0.572521,0.9994890411434894,0.9994890411434894,0.9994890411434894,0.9994890411434894
tether,2026-02-09,0.9995790007861678,184495292567.45633,61551925403.113045,1.32,0.572521,0.9995790007861678,0.9995790007861678,0.9995790007861678,0.9995790007861678
tether,2026-02-10,0.9995862056169436,184496622384.6702,94385647488.78331,1.32,0.572521,0.9995862056169436,0.9995862056169436,0.9995862056169436,0.9995862056169436
tether,2026-02-11,0.999591379702612,183702714784.87534,79334036942.2693,1.32,0.572521,0.999591379702612,0.999591379702612,0.999591379702612,0.999591379702612
tether,2026-02-12,0.9994311739035185,183916408714.51376,78862529613.56966,1.32,0.572521,0.9994311739035185,0.9994311739035185,0.9994311739035185,0.9994311739035185
tether,2026-02-13,0.9994543164399945,183920667429.17902,69486717209.60385,1.32,0.572521,0.9994543164399945,0.9994543164399945,0.9994543164399945,0.9994543164399945
tether,2026-02-14,0.9996421987862967,183751190197.25003,64959285695.716805,1.32,0.572521,0.9996421987862967,0.9996421987862967,0.9996421987862967,0.9996421987862967
tether,2026-02-15,0.9997279666371912,183766955782.87823,59116384153.29106,1.32,0.572521,0.9997279666371912,0.9997279666371912,0.9997279666371912,0.9997279666371912
tether,2026-02-16,0.999715989509018,183725615302.21713,76300328480.95728,1.32,0.572521,0.999715989509018,0.999715989509018,0.999715989509018,0.999715989509018
tether,2026-02-17,0.999691451565424,183695191639.6778,58903870883.796104,1.32,0.572521,0.999691451565424,0.999691451565424,0.999691451565424,0.999691451565424
tether,2026-02-18,0.9996623244124784,183679542946.54056,58216039026.123344,1.32,0.572521,0.9996623244124784,0.9996623244124784,0.9996623244124784,0.9996623244124784
tether,2026-02-19,0.9997245880076261,183691267742.46515,55303606262.91071,1.32,0.572521,0.9997245880076261,0.9997245880076261,0.9997245880076261,0.9997245880076261
tether,2026-02-20,0.9997577291038109,183694223906.0845,52085308059.074104,1.32,0.572521,0.9997577291038109,0.9997577291038109,0.9997577291038109,0.9997577291038109
tether,2026-02-21,0.9997175782850583,183686846645.29898,74645387426.60136,1.32,0.572521,0.9997175782850583,0.9997175782850583,0.9997175782850583,0.9997175782850583
tether,2026-02-22,0.9998383859547713,183709043694.12772,24610761945.37986,1.32,0.572521,0.9998383859547713,0.9998383859547713,0.9998383859547713,0.9998383859547713
tether,2026-02-23,0.9999286964475942,183611145381.33435,28017490881.84158,1.32,0.572521,0.9999286964475942,0.9999286964475942,0.9999286964475942,0.9999286964475942
tether,2026-02-24,0.9997767634414362,183583246798.78442,74956441690.5622,1.32,0.572521,0.9997767634414362,0.9997767634414362,0.9997767634414362,0.9997767634414362
tether,2026-02-25,1.0000438412642458,183632288760.60254,63503138148.42595,1.32,0.572521,1.0000438412642458,1.0000438412642458,1.0000438412642458,1.0000438412642458
tether,2026-02-26,1.0000858748187451,183640007140.03647,77726350136.97606,1.32,0.572521,1.0000858748187451,1.0000858748187451,1.0000858748187451,1.0000858748187451
tether,2026-02-27,1.0000144763109229,183544930510.81158,63053016686.23799,1.32,0.572521,1.0000144763109229,1.0000144763109229,1.0000144763109229,1.0000144763109229
tether,2026-02-28,1.0000281835017166,183554846367.80075,61779482829.86399,1.32,0.572521,1.0000281835017166,1.0000281835017166,1.0000281835017166,1.0000281835017166
tether,2026-03-01,1.000102347058182,183601362403.2084,67444238979.67275,1.32,0.572521,1.000102347058182,1.000102347058182,1.000102347058182,1.000102347058182
tether,2026-03-02,1.0000465365952496,183642413959.82745,64561225929.6077,1.32,0.572521,1.0000465365952496,1.0000465365952496,1.0000465365952496,1.0000465365952496
tether,2026-03-03,0.9999689558728245,183628167511.66577,86782282052.85626,1.32,0.572521,0.9999689558728245,0.9999689558728245,0.9999689558728245,0.9999689558728245
tether,2026-03-04,0.9999491043475452,183723070579.61502,72452328666.82631,1.32,0.572521,0.9999491043475452,0.9999491043475452,0.9999491043475452,0.9999491043475452
tether,2026-03-05,1.0001020502397493,183917288094.12646,109000997040.80777,1.32,0.572521,1.0001020502397493,1.0001020502397493,1.0001020502397493,1.0001020502397493
tether,2026-03-06,1.0000543982698527,184051832414.87817,73199862352.37599,1.32,0.572521,1.0000543982698527,1.0000543982698527,1.0000543982698527,1.0000543982698527
tether,2026-03-07,0.9999466145059103,183960574707.98965,59500736300.74953,1.32,0.572521,0.9999466145059103,0.9999466145059103,0.9999466145059103,0.9999466145059103
tether,2026-03-08,0.9999890272459505,183968377395.24167,26213905943.38205,1.32,0.572521,0.9999890272459505,0.9999890272459505,0.9999890272459505,0.9999890272459505
tether,2026-03-09,0.9999745987735309,183904867570.6545,47104713760.10886,1.32,0.572521,0.9999745987735309,0.9999745987735309,0.9999745987735309,0.9999745987735309
tether,2026-03-10,1.0000624383715133,183921022110.63406,68577006022.10602,1.32,0.572521,1.0000624383715133,1.0000624383715133,1.0000624383715133,1.0000624383715133
tether,2026-03-11,1.0000314625277567,183895918430.58926,71726752344.2464,1.32,0.572521,1.0000314625277567,1.0000314625277567,1.0000314625277567,1.0000314625277567
tether,2026-03-12,1.0000627699088032,183901675549.04697,31622431635.360607,1.32,0.572521,1.0000627699088032,1.0000627699088032,1.0000627699088032,1.0000627699088032
tether,2026-03-13,1.000003898970279,183991238069.5795,57983804039.23438,1.32,0.572521,1.000003898970279,1.000003898970279,1.000003898970279,1.000003898970279
tether,2026-03-14,1.0000688069992778,184024979573.37836,83730841110.40161,1.32,0.572521,1.0000688069992778,1.0000688069992778,1.0000688069992778,1.0000688069992778
tether,2026-03-15,1.0000898341464455,184048850621.98862,25703252748.02171,1.32,0.572521,1.0000898341464455,1.0000898341464455,1.0000898341464455,1.0000898341464455
tether,2026-03-16,1.0000747118431978,184046067628.69824,42189662736.07035,1.32,0.572521,1.0000747118431978,1.0000747118431978,1.0000747118431978,1.0000747118431978
tether,2026-03-17,0.9999527472449043,184062206569.25424,89619285493.05357,1.32,0.572521,0.9999527472449043,0.9999527472449043,0.9999527472449043,0.9999527472449043
tether,2026-03-18,1.000135884062071,184117118332.47723,69865118843.02794,1.32,0.572521,1.000135884062071,1.000135884062071,1.000135884062071,1.000135884062071
tether,2026-03-19,0.999972208954338,184086987037.6614,67787751910.69711,1.32,0.572521,0.999972208954338,0.999972208954338,0.999972208954338,0.999972208954338
tether,2026-03-20,1.0000096219010974,184185060024.56973,64482469308.55016,1.32,0.572521,1.0000096219010974,1.0000096219010974,1.0000096219010974,1.0000096219010974
tether,2026-03-21,0.9998772079199817,184159671703.87018,52436071038.04568,1.32,0.572521,0.9998772079199817,0.9998772079199817,0.9998772079199817,0.9998772079199817
tether,2026-03-22,0.9998988818551717,184163663658.83975,29488267148.55172,1.32,0.572521,0.9998988818551717,0.9998988818551717,0.9998988818551717,0.9998988818551717
tether,2026-03-23,0.9998052514110612,184149077728.2051,42361923472.79292,1.32,0.572521,0.9998052514110612,0.9998052514110612,0.9998052514110612,0.9998052514110612
tether,2026-03-24,0.9997778044760346,184142411881.92654,79631150906.00208,1.32,0.572521,0.9997778044760346,0.9997778044760346,0.9997778044760346,0.9997778044760346
tether,2026-03-25,0.9996287978620707,184160132647.9567,356009016957.973,1.32,0.572521,0.9996287978620707,0.9996287978620707,0.9996287978620707,0.9996287978620707
tether,2026-03-26,0.9997019943765516,184161656680.99866,43546459619.0511,1.32,0.572521,0.9997019943765516,0.9997019943765516,0.9997019943765516,0.9997019943765516
tether,2026-03-27,0.999428282642224,184111234448.44302,69108687829.63464,1.32,0.572521,0.999428282642224,0.999428282642224,0.999428282642224,0.999428282642224
tether,2026-03-28,0.9993721293612566,184100890084.51337,66661978518.6804,1.32,0.572521,0.9993721293612566,0.9993721293612566,0.9993721293612566,0.9993721293612566
tether,2026-03-29,0.9994121227833229,184108257534.9191,29640804081.11688,1.32,0.572521,0.9994121227833229,0.9994121227833229,0.9994121227833229,0.9994121227833229
tether,2026-03-30,0.9994841563176875,184121527304.4102,27704824257.836384,1.32,0.572521,0.9994841563176875,0.9994841563176875,0.9994841563176875,0.9994841563176875
tether,2026-03-31,0.999289323461007,184091081952.6705,75464664021.6453,1.32,0.572521,0.999289323461007,0.999289323461007,0.999289323461007,0.999289323461007
tether,2026-04-01,0.9992506184240884,184084711233.09543,75513185886.34573,1.32,0.572521,0.9992506184240884,0.9992506184240884,0.9992506184240884,0.9992506184240884
tether,2026-04-02,0.9999505995585634,183078587158.83585,89710256267.72331,1.32,0.572521,0.9999505995585634,0.9999505995585634,0.9999505995585634,0.9999505995585634
tether,2026-04-03,1.0004665269448485,183173047082.1554,90317061680.30548,1.32,0.572521,1.0004665269448485,1.0004665269448485,1.0004665269448485,1.0004665269448485
tether,2026-04-04,0.9999319969342069,183075181248.39774,47741867906.435196,1.32,0.572521,0.9999319969342069,0.9999319969342069,0.9999319969342069,0.9999319969342069
tether,2026-04-05,0.9998452720540492,183059302995.47424,40110691812.75691,1.32,0.572521,0.9998452720540492,0.9998452720540492,0.9998452720540492,0.9998452720540492
tether,2026-04-06,0.9997395269003277,183039942365.70837,41365156235.804344,1.32,0.572521,0.9997395269003277,0.9997395269003277,0.9997395269003277,0.9997395269003277
tether,2026-04-07,1.0001087196328455,183107536988.77127,83925458321.35875,1.32,0.572521,1.0001087196328455,1.0001087196328455,1.0001087196328455,1.0001087196328455
tether,2026-04-08,0.9998338176107432,183057205828.5761,104609867070.69553,1.32,0.572521,0.9998338176107432,0.9998338176107432,0.9998338176107432,0.9998338176107432
tether,2026-04-09,0.9999469682230139,183077922306.20993,84266145379.16737,1.32,0.572521,0.9999469682230139,0.9999469682230139,0.9999469682230139,0.9999469682230139
tether,2026-04-10,0.999938293786661,183076334124.20117,80237681887.62346,1.32,0.572521,0.999938293786661,0.999938293786661,0.999938293786661,0.999938293786661
tether,2026-04-11,1.0001815106037026,184316341468.6148,42039045803.50302,1.32,0.572521,1.0001815106037026,1.0001815106037026,1.0001815106037026,1.0001815106037026
tether,2026-04-12,1.000176032246123,184405347742.4982,35992395621.30721,1.32,0.572521,1.000176032246123,1.000176032246123,1.000176032246123,1.000176032246123
tether,2026-04-13,1.0000602099170357,184447424062.6737,42194195285.42214,1.32,0.572521,1.0000602099170357,1.0000602099170357,1.0000602099170357,1.0000602099170357
tether,2026-04-14,1.0001840569325096,184708421106.60254,73744285347.26363,1.32,0.572521,1.0001840569325096,1.0001840569325096,1.0001840569325096,1.0001840569325096
tether,2026-04-15,1.0001981913398683,185514110940.85184,78638381925.94604,1.32,0.572521,1.0001981913398683,1.0001981913398683,1.0001981913398683,1.0001981913398683
tether,2026-04-16,1.0000993859914804,185495784786.57452,45681024301.44293,1.32,0.572521,1.0000993859914804,1.0000993859914804,1.0000993859914804,1.0000993859914804
tether,2026-04-17,1.0000078232240905,185743745143.29562,72243737791.63261,1.32,0.572521,1.0000078232240905,1.0000078232240905,1.0000078232240905,1.0000078232240905
tether,2026-04-18,1.0001746298085643,186644724611.7239,91748751697.37808,1.32,0.572521,1.0001746298085643,1.0001746298085643,1.0001746298085643,1.0001746298085643
tether,2026-04-19,1.0001493454331734,186640006240.41037,83149141470.5846,1.32,0.572521,1.0001493454331734,1.0001493454331734,1.0001493454331734,1.0001493454331734
tether,2026-04-20,1.0002178969581084,187263431769.1593,81546170691.93597,1.32,0.572521,1.0002178969581084,1.0002178969581084,1.0002178969581084,1.0002178969581084
tether,2026-04-21,1.0001718516413016,187948272495.88824,63518255835.40308,1.32,0.572521,1.0001718516413016,1.0001718516413016,1.0001718516413016,1.0001718516413016
tether,2026-04-22,1.0001105003505013,188510653894.06247,60168568308.00879,1.32,0.572521,1.0001105003505013,1.0001105003505013,1.0001105003505013,1.0001105003505013
tether,2026-04-23,1.0000847125747914,188821937471.88794,69813429045.58073,1.32,0.572521,1.0000847125747914,1.0000847125747914,1.0000847125747914,1.0000847125747914
tether,2026-04-24,1.0001460056351292,189693000673.424,60929212772.330215,1.32,0.572521,1.0001460056351292,1.0001460056351292,1.0001460056351292,1.0001460056351292
tether,2026-04-25,1.0001199871952942,189688065878.0068,41035154855.02722,1.32,0.572521,1.0001199871952942,1.0001199871952942,1.0001199871952942,1.0001199871952942
tether,2026-04-26,1.000137441382784,189832404487.28833,27458188225.07175,1.32,0.572521,1.000137441382784,1.000137441382784,1.000137441382784,1.000137441382784
tether,2026-04-27,1.0000606030553172,189776120922.74445,34451018225.90085,1.32,0.572521,1.0000606030553172,1.0000606030553172,1.0000606030553172,1.0000606030553172
tether,2026-04-28,0.999877658454086,189709718920.2855,61481633436.76231,1.32,0.572521,0.999877658454086,0.999877658454086,0.999877658454086,0.999877658454086
tether,2026-04-29,0.9998194447281278,189659280468.06775,41628522948.13959,1.32,0.572521,0.9998194447281278,0.9998194447281278,0.9998194447281278,0.9998194447281278
tether,2026-04-30,0.9996267653044212,189529384201.19006,68904357102.58954,1.32,0.572521,0.9996267653044212,0.9996267653044212,0.9996267653044212,0.9996267653044212
tether,2026-05-01,0.9995499304989109,189489202685.2676,49795832253.114136,1.32,0.572521,0.9995499304989109,0.9995499304989109,0.9995499304989109,0.9995499304989109
tether,2026-05-02,0.9997934416626284,189549063396.68887,473980250226.25684,1.32,0.572521,0.9997934416626284,0.9997934416626284,0.9997934416626284,0.9997934416626284
tether,2026-05-03,0.9998505791173832,189559895807.87628,267852017259.4893,1.32,0.572521,0.9998505791173832,0.9998505791173832,0.9998505791173832,0.9998505791173832
tether,2026-05-04,0.9997765173462133,189545854567.29895,30448419548.197315,1.32,0.572521,0.9997765173462133,0.9997765173462133,0.9997765173462133,0.9997765173462133
tether,2026-05-05,0.9998102558717602,189538597602.87115,82017979294.88087,1.32,0.572521,0.9998102558717602,0.9998102558717602,0.9998102558717602,0.9998102558717602
tether,2026-05-06,0.9998560411766596,189546877821.26672,63028395153.35079,1.32,0.572521,0.9998560411766596,0.9998560411766596,0.9998560411766596,0.9998560411766596
tether,2026-05-07,0.9998677361650202,189625998337.2906,70643810385.21484,1.32,0.572521,0.9998677361650202,0.9998677361650202,0.9998677361650202,0.9998677361650202
tether,2026-05-08,0.9999157782129442,189699168049.93295,64875121755.91106,1.32,0.572521,0.9999157782129442,0.9999157782129442,0.9999157782129442,0.9999157782129442
tether,2026-05-09,0.9998927137406666,189671244066.54984,60935947620.93306,1.32,0.572521,0.9998927137406666,0.9998927137406666,0.9998927137406666,0.9998927137406666
tether,2026-05-10,0.9998003306150335,189653719762.97916,182997466696.41867,1.32,0.572521,0.9998003306150335,0.9998003306150335,0.9998003306150335,0.9998003306150335
tether,2026-05-11,0.9998640660008973,189665809811.37708,52277935869.851685,1.32,0.572521,0.9998640660008973,0.9998640660008973,0.9998640660008973,0.9998640660008973
tether,2026-05-12,0.9997013714408102,189773505730.1897,53673351409.16008,1.32,0.572521,0.9997013714408102,0.9997013714408102,0.9997013714408102,0.9997013714408102
tether,2026-05-13,0.9996977659101502,189759240359.92242,53023363875.93651,1.32,0.572521,0.9996977659101502,0.9996977659101502,0.9996977659101502,0.9996977659101502
tether,2026-05-14,0.9996035089013227,189782209716.80353,56514987096.445595,1.32,0.572521,0.9996035089013227,0.9996035089013227,0.9996035089013227,0.9996035089013227
tether,2026-05-15,0.9997064318591652,189801750410.88474,66138151270.77128,1.32,0.572521,0.9997064318591652,0.9997064318591652,0.9997064318591652,0.9997064318591652
tether,2026-05-16,0.9994568397573957,189754363481.78748,60340289142.406815,1.32,0.572521,0.9994568397573957,0.9994568397573957,0.9994568397573957,0.9994568397573957
tether,2026-05-17,0.9995742803348563,189776660454.63962,38599257784.88221,1.32,0.572521,0.9995742803348563,0.9995742803348563,0.9995742803348563,0.9995742803348563
tether,2026-05-18,0.9995225074598388,189766830986.7189,33835838047.635258,1.32,0.572521,0.9995225074598388,0.9995225074598388,0.9995225074598388,0.9995225074598388
tether,2026-05-19,0.9993743995163152,189737691536.44458,330030908746.715,1.32,0.572521,0.9993743995163152,0.9993743995163152,0.9993743995163152,0.9993743995163152
tether,2026-05-20,0.9991225751911934,189689980968.31998,43929244016.6983,1.32,0.572521,0.9991225751911934,0.9991225751911934,0.9991225751911934,0.9991225751911934
tether,2026-05-21,0.9991363029171384,189678393216.5726,47050480644.95647,1.32,0.572521,0.9991363029171384,0.9991363029171384,0.9991363029171384,0.9991363029171384
tether,2026-05-22,0.9991255517373622,189686843267.65784,47616539435.94414,1.32,0.572521,0.9991255517373622,0.9991255517373622,0.9991255517373622,0.9991255517373622
tether,2026-05-23,0.9989811061160956,189526951893.1488,307256268610.6988,1.32,0.572521,0.9989811061160956,0.9989811061160956,0.9989811061160956,0.9989811061160956
tether,2026-05-24,0.999054616238467,189541786515.45602,248435740412.1552,1.32,0.572521,0.999054616238467,0.999054616238467,0.999054616238467,0.999054616238467
tether,2026-05-25,0.9991874192537139,189479053553.2403,1288792959671.4402,1.32,0.572521,0.9991874192537139,0.9991874192537139,0.9991874192537139,0.9991874192537139
tether,2026-05-26,0.9991929092470497,189480779032.52747,36347858776.195854,1.32,0.572521,0.9991929092470497,0.9991929092470497,0.9991929092470497,0.9991929092470497
tether,2026-05-27,0.9987611759082343,189398907785.6281,59954218303.6975,1.32,0.572521,0.9987611759082343,0.9987611759082343,0.9987611759082343,0.9987611759082343
tether,2026-05-28,0.9985366515587585,189305257575.33365,54339330694.570946,1.32,0.572521,0.9985366515587585,0.9985366515587585,0.9985366515587585,0.9985366515587585
tether,2026-05-29,0.998770351225125,189349562985.1228,61507828652.12707,1.32,0.572521,0.998770351225125,0.998770351225125,0.998770351225125,0.998770351225125
tether,2026-05-30,0.9988627393787438,188261370871.60953,54859443646.145706,1.32,0.572521,0.9988627393787438,0.9988627393787438,0.9988627393787438,0.9988627393787438
tether,2026-05-31,0.9989151277132622,188271244789.8981,34571078398.20647,1.32,0.572521,0.9989151277132622,0.9989151277132622,0.9989151277132622,0.9989151277132622
tether,2026-06-01,0.9990691266283961,188300269845.82544,31971012932.770535,1.32,0.572521,0.9990691266283961,0.9990691266283961,0.9990691266283961,0.9990691266283961
tether,2026-06-02,0.9987533388492662,188009318509.2949,75623956543.3647,1.32,0.572521,0.9987533388492662,0.9987533388492662,0.9987533388492662,0.9987533388492662
tether,2026-06-03,0.9988046100816032,187881927847.35202,90820104178.43733,1.32,0.572521,0.9988046100816032,0.9988046100816032,0.9988046100816032,0.9988046100816032
tether,2026-06-04,0.9988904214496319,187321621171.81268,75606994674.03108,1.32,0.572521,0.9988904214496319,0.9988904214496319,0.9988904214496319,0.9988904214496319
tether,2026-06-05,0.999201332647666,187379926255.53918,93013093588.7428,1.32,0.572521,0.999201332647666,0.999201332647666,0.999201332647666,0.999201332647666
tether,2026-06-06,0.999642933740026,187462739575.95532,94280913583.51859,1.32,0.572521,0.999642933740026,0.999642933740026,0.999642933740026,0.999642933740026
tether,2026-06-07,0.9996635292027043,186896490424.1474,53390516312.574066,1.32,0.572521,0.9996635292027043,0.9996635292027043,0.9996635292027043,0.9996635292027043
tether,2026-06-08,0.9995554186560917,186876278140.82138,54275914404.901436,1.32,0.572521,0.9995554186560917,0.9995554186560917,0.9995554186560917,0.9995554186560917
tether,2026-06-09,0.9996729672353801,186898254952.29993,55924222234.84678,1.32,0.572521,0.9996729672353801,0.9996729672353801,0.9996729672353801,0.9996729672353801
tether,2026-06-10,0.9995193536837321,186864455955.69714,56732095337.92297,1.32,0.572521,0.9995193536837321,0.9995193536837321,0.9995193536837321,0.9995193536837321
tether,2026-06-11,0.9992861885656859,186798533822.71457,45251530390.73981,1.32,0.572521,0.9992861885656859,0.9992861885656859,0.9992861885656859,0.9992861885656859
tether,2026-06-12,0.9993570999235487,186811789422.39334,48350690047.906815,1.32,0.572521,0.9993570999235487,0.9993570999235487,0.9993570999235487,0.9993570999235487
tether,2026-06-13,0.999510320142064,186814019928.4579,133546820415.9625,1.32,0.572521,0.999510320142064,0.999510320142064,0.999510320142064,0.999510320142064
tether,2026-06-14,0.9996051588377717,186511022491.1083,28842300915.190365,1.32,0.572521,0.9996051588377717,0.9996051588377717,0.9996051588377717,0.9996051588377717
tether,2026-06-15,0.9994561572114845,186447684400.65305,34481098661.46893,1.32,0.572521,0.9994561572114845,0.9994561572114845,0.9994561572114845,0.9994561572114845
tether,2026-06-16,0.9994762406779987,186451430954.01538,109161849572.78658,1.32,0.572521,0.9994762406779987,0.9994762406779987,0.9994762406779987,0.9994762406779987
tether,2026-06-17,0.9991762419588565,186395466451.6171,47603700748.52951,1.32,0.572521,0.9991762419588565,0.9991762419588565,0.9991762419588565,0.9991762419588565
tether,2026-06-18,0.9992226023406393,186404114940.86697,52224876005.524826,1.32,0.572521,0.9992226023406393,0.9992226023406393,0.9992226023406393,0.9992226023406393
tether,2026-06-19,0.9990628477563616,186297081519.21744,50174262503.762,1.32,0.572521,0.9990628477563616,0.9990628477563616,0.9990628477563616,0.9990628477563616
tether,2026-06-20,0.999163113831568,186280646727.10217,38070199553.53081,1.32,0.572521,0.999163113831568,0.999163113831568,0.999163113831568,0.999163113831568
tether,2026-06-21,0.9989265990459126,186236551697.34927,32345705293.313004,1.32,0.572521,0.9989265990459126,0.9989265990459126,0.9989265990459126,0.9989265990459126
tether,2026-06-22,0.9990583756576669,186254243725.67383,44971615199.64385,1.32,0.572521,0.9990583756576669,0.9990583756576669,0.9990583756576669,0.9990583756576669
tether,2026-06-23,0.998909836253885,186233426496.38315,48122501160.84561,1.32,0.572521,0.998909836253885,0.998909836253885,0.998909836253885,0.998909836253885
tether,2026-06-24,0.9989199887679736,186134170262.9395,48268241669.37575,1.32,0.572521,0.9989199887679736,0.9989199887679736,0.9989199887679736,0.9989199887679736
tether,2026-06-25,0.9987043328512855,186093985928.29172,61965763419.786964,1.32,0.572521,0.9987043328512855,0.9987043328512855,0.9987043328512855,0.9987043328512855
tether,2026-06-26,0.9988088492468622,186113461034.19437,63309135764.3131,1.32,0.572521,0.9988088492468622,0.9988088492468622,0.9988088492468622,0.9988088492468622
tether,2026-06-27,0.9988387887149991,186119039817.40268,58737473426.491035,1.32,0.572521,0.9988387887149991,0.9988387887149991,0.9988387887149991,0.9988387887149991
tether,2026-06-28,0.9987484803537419,186102212171.46564,25110669291.62614,1.32,0.572521,0.9987484803537419,0.9987484803537419,0.9987484803537419,0.9987484803537419
tether,2026-06-29,0.9987192601909981,186096767420.326,26806671807.546234,1.32,0.572521,0.9987192601909981,0.9987192601909981,0.9987192601909981,0.9987192601909981
tether,2026-06-30,0.9987471059346845,186101956068.52075,52868624957.88791,1.32,0.572521,0.9987471059346845,0.9987471059346845,0.9987471059346845,0.9987471059346845
tether,2026-07-01,0.9987016288620424,184750753210.90396,48553136984.66119,1.32,0.572521,0.9987016288620424,0.9987016288620424,0.9987016288620424,0.9987016288620424
tether,2026-07-02,0.9990740518727276,184497230086.92432,56679496842.292946,1.32,0.572521,0.9990740518727276,0.9990740518727276,0.9990740518727276,0.9990740518727276
tether,2026-07-03,0.9990157804390076,184108441706.35312,60019363803.315735,1.32,0.572521,0.9990157804390076,0.9990157804390076,0.9990157804390076,0.9990157804390076
tether,2026-07-04,0.9991833221409386,184139317930.21973,44150659796.16933,1.32,0.572521,0.9991833221409386,0.9991833221409386,0.9991833221409386,0.9991833221409386
tether,2026-07-05,0.9991822418187543,184132683545.52667,33266105944.622467,1.32,0.572521,0.9991822418187543,0.9991822418187543,0.9991822418187543,0.9991822418187543
tether,2026-07-06,0.9992823268493486,184152226762.85202,33154773156.25337,1.32,0.572521,0.9992823268493486,0.9992823268493486,0.9992823268493486,0.9992823268493486
tether,2026-07-07,0.9993923252753397,184222467381.39597,58455528222.99124,1.32,0.572521,0.9993923252753397,0.9993923252753397,0.9993923252753397,0.9993923252753397
tether,2026-07-08,0.9994140535160283,184256874192.47968,48302090870.3879,1.32,0.572521,0.9994140535160283,0.9994140535160283,0.9994140535160283,0.9994140535160283
tether,2026-07-09,0.9992740897896317,184231069793.7568,44809082521.42853,1.32,0.572521,0.9992740897896317,0.9992740897896317,0.9992740897896317,0.9992740897896317
tether,2026-07-10,0.9993733502907278,184179564543.65012,39395213422.15783,1.32,0.572521,0.9993733502907278,0.9993733502907278,0.9993733502907278,0.9993733502907278
tether,2026-07-11,0.9994579479210237,184209776543.44696,42742200536.98372,1.32,0.572521,0.9994579479210237,0.9994579479210237,0.9994579479210237,0.9994579479210237
tether,2026-07-12,0.9995413430491851,184225147072.99786,26492278499.972717,1.32,0.572521,0.9995413430491851,0.9995413430491851,0.9995413430491851,0.9995413430491851
tether,2026-07-13,0.9994782149381712,184213511950.68954,28393657512.240974,1.32,0.572521,0.9994782149381712,0.9994782149381712,0.9994782149381712,0.9994782149381712
tether,2026-07-14,0.999069586810149,184129206201.43576,45688292752.96693,1.32,0.572521,0.999069586810149,0.999069586810149,0.999069586810149,0.999069586810149
tether,2026-07-15,0.9994264369133764,184246093288.36765,48880390847.191986,1.32,0.572521,0.9994264369133764,0.9994264369133764,0.9994264369133764,0.9994264369133764
tether,2026-07-16,0.9994413473924197,184248842062.4758,44416771870.90734,1.32,0.572521,0.9994413473924197,0.9994413473924197,0.9994413473924197,0.9994413473924197
tether,2026-07-17,0.9994096078268669,184096038202.40305,42297884647.07743,1.32,0.572521,0.9994096078268669,0.9994096078268669,0.9994096078268669,0.9994096078268669
tether,2026-07-18,0.9994370992206554,184101102248.12677,42758562706.73838,1.32,0.572521,0.9994370992206554,0.9994370992206554,0.9994370992206554,0.9994370992206554
tether,2026-07-19,0.9994337449517521,184119079094.9687,23079059077.40297,1.32,0.572521,0.9994337449517521,0.9994337449517521,0.9994337449517521,0.9994337449517521
tether,2026-07-20,0.9992984903085976,184094162024.208,26096573588.1207,1.32,0.572521,0.9992984903085976,0.9992984903085976,0.9992984903085976,0.9992984903085976
tether,2026-07-21,0.999361850289122,184105834414.15338,47745255954.27471,1.32,0.572521,0.999361850289122,0.999361850289122,0.999361850289122,0.999361850289122
tether,2026-07-22,0.9994262188970253,184113741838.11426,47216386940.746346,1.32,0.572521,0.9994262188970253,0.9994262188970253,0.9994262188970253,0.9994262188970253
tether,2026-07-23,0.9995387165809019,184140814161.94302,44918342654.54411,1.32,0.572521,0.9995387165809019,0.9995387165809019,0.9995387165809019,0.9995387165809019
tether,2026-07-24,0.9993556921605125,184042662452.38855,40292913230.05876,1.32,0.572521,0.9993556921605125,0.9993556921605125,0.9993556921605125,0.9993556921605125
tether,2026-07-25,0.9992388875300753,184016752860.22278,42754800367.76348,1.32,0.572521,0.9992388875300753,0.9992388875300753,0.9992388875300753,0.9992388875300753
tether,2026-07-26,0.9992588690563055,184020432596.49002,25878927461.27789,1.32,0.572521,0.9992588690563055,0.9992588690563055,0.9992588690563055,0.9992588690563055
tether,2026-07-27,0.9992604265910845,184020719427.29303,27950678738.155697,1.32,0.572521,0.9992604265910845,0.9992604265910845,0.9992604265910845,0.9992604265910845
tether,2026-07-28,0.999191432250738,183977843037.19217,44686259458.86995,1.32,0.572521,0.999191432250738,0.999191432250738,0.999191432250738,0.999191432250738
tether,2026-07-29,0.9991906195640794,183944864994.09357,41360741732.08938,1.32,0.572521,0.9991906195640794,0.9991906195640794,0.9991906195640794,0.9991906195640794
tether,2026-07-30,0.9990496281303985,183873252766.77,43967353393.41171,1.32,0.572521,0.9990496281303985,0.9990496281303985,0.9990496281303985,0.9990496281303985
tether,2026-07-31,0.9993402690258781,183818305322.13602,39939104553.25279,1.32,0.572521,0.9993402690258781,0.9993402690258781,0.9993402690258781,0.9993402690258781
tether,2026-08-01,0.9991161681748117,183651548659.66534,44612018501.591675,1.32,0.572521,0.9991161681748117,0.9991161681748117,0.9991161681748117,0.9991161681748117
tether,2026-08-02,0.9992601141452601,183321966571.41373,22215456886.575558,1.32,0.572521,0.9992601141452601,0.9992601141452601,0.9992601141452601,0.9992601141452601
tether,2026-08-03,0.9991060702917592,183293706039.68402,25363628941.84143,1.32,0.572521,0.9991060702917592,0.9991060702917592,0.9991060702917592,0.9991060702917592
tether,2026-08-04,0.9991739029441313,183261387462.7015,37465572110.60087,1.32,0.572521,0.9991739029441313,0.9991739029441313,0.9991739029441313,0.9991739029441313
tether,2026-08-05,0.999364844135701,183169289325.79156,35262572612.3638,1.32,0.572521,0.999364844135701,0.999364844135701,0.999364844135701,0.999364844135701
tether,2026-08-06,0.9991821540010423,183104732314.80243,38041614114.62243,1.32,0.572521,0.9991821540010423,0.9991821540010423,0.9991821540010423,0.9991821540010423
tether,2026-08-07,0.999244347066471,183415709925.95316,31838578718.868927,1.32,0.572521,0.999244347066471,0.999244347066471,0.999244347066471,0.999244347066471
tether,2026-08-08,0.9994776147290675,183410505028.94028,35286513360.906586,1.32,0.572521,0.9994776147290675,0.9994776147290675,0.9994776147290675,0.9994776147290675
tether,2026-08-09,0.9994009881000174,183136174552.4219,20337549042.629322,1.32,0.572521,0.9994009881000174,0.9994009881000174,0.9994009881000174,0.9994009881000174
tether,2026-08-10,0.9993470251268441,183126286056.1657,21989067360.349686,1.32,0.572521,0.9993470251268441,0.9993470251268441,0.9993470251268441,0.9993470251268441
tether,2026-08-11,0.9991784584441974,183095396895.77423,33454098803.75097,1.32,0.572521,0.9991784584441974,0.9991784584441974,0.9991784584441974,0.9991784584441974
tether,2026-08-12,0.9992195426699794,183075804840.06546,33504916722.17771,1.32,0.572521,0.9992195426699794,0.9992195426699794,0.9992195426699794,0.9992195426699794
tether,2026-08-13,0.9991141368376175,183016228206.96475,32689198272.724068,1.32,0.572521,0.9991141368376175,0.9991141368376175,0.9991141368376175,0.9991141368376175
tether,2026-08-14,0.9991344768356838,183020332154.15933,29497820478.883896,1.32,0.572521,0.9991344768356838,0.9991344768356838,0.9991344768356838,0.9991344768356838
tether,2026-08-15,0.9991599565146845,183024999493.16324,30990172123.019264,1.32,0.572521,0.9991599565146845,0.9991599565146845,0.9991599565146845,0.9991599565146845
tether,2026-08-16,0.9991931311937366,183031076393.64062,17657059742.892754,1.32,0.572521,0.9991931311937366,0.9991931311937366,0.9991931311937366,0.9991931311937366
tether,2026-08-17,0.9992046149606036,183009053257.30176,16791336205.070097,1.32,0.572521,0.9992046149606036,0.9992046149606036,0.9992046149606036,0.9992046149606036
tether,2026-08-18,0.9992460643216048,183016644903.6276,33840561627.20812,1.32,0.572521,0.9992460643216048,0.9992460643216048,0.9992460643216048,0.9992460643216048
tether,2026-08-19,0.9994119392179321,183020041548.78415,29952367230.39314,1.32,0.572521,0.9994119392179321,0.9994119392179321,0.9994119392179321,0.9994119392179321
tether,2026-08-20,0.9995166270736895,182999132164.3275,74317118069.82993,1.32,0.572521,0.9995166270736895,0.9995166270736895,0.9995166270736895,0.9995166270736895
tether,2026-08-21,0.9996912588227503,183043340616.93134,88705240154.64702,1.32,0.572521,0.9996912588227503,0.9996912588227503,0.9996912588227503,0.9996912588227503
tether,2026-08-22,0.9998253602704854,183073288580.88797,116496487373.88016,1.32,0.572521,0.9998253602704854,0.9998253602704854,0.9998253602704854,0.9998253602704854
tether,2026-08-23,0.9997848991914688,183191166998.24222,82325500809.04222,1.32,0.572521,0.9997848991914688,0.9997848991914688,0.9997848991914688,0.9997848991914688
tether,2026-08-24,0.9998636509860196,183205596735.23727,57381084792.64617,1.32,0.572521,0.9998636509860196,0.9998636509860196,0.9998636509860196,0.9998636509860196
tether,2026-08-25,0.999850092573951,183203112419.52945,85494566126.44376,1.32,0.572521,0.999850092573951,0.999850092573951,0.999850092573951,0.999850092573951
tether,2026-08-26,0.9998784774660544,183208313399.77405,70198596910.6536,1.32,0.572521,0.9998784774660544,0.9998784774660544,0.9998784774660544,0.9998784774660544
tether,2026-08-27,0.9999973243772576,183362526665.12915,52269779739.20012,1.32,0.572521,0.9999973243772576,0.9999973243772576,0.9999973243772576,0.9999973243772576
tether,2026-08-28,1.000112482078496,183383642309.89886,63275316606.258224,1.32,0.572521,1.000112482078496,1.000112482078496,1.000112482078496,1.000112482078496
tether,2026-08-29,0.9999384447041266,183349318175.77863,64982548723.88231,1.32,0.572521,0.9999384447041266,0.9999384447041266,0.9999384447041266,0.9999384447041266
tether,2026-08-30,0.9999805588046261,183407899473.65417,28546447900.597893,1.32,0.572521,0.9999805588046261,0.9999805588046261,0.9999805588046261,0.9999805588046261
tether,2026-08-31,0.9998963999707251,183392463778.6179,36867601264.21965,1.32,0.572521,0.9998963999707251,0.9998963999707251,0.9998963999707251,0.9998963999707251
tether,2026-09-01,0.9997679686406538,183336287696.90137,52116415810.24017,1.32,0.572521,0.9997679686406538,0.9997679686406538,0.9997679686406538,0.9997679686406538
tether,2026-09-02,0.9996164409411091,183309200454.6889,53089235601.17279,1.32,0.572521,0.9996164409411091,0.9996164409411091,0.9996164409411091,0.9996164409411091
tether,2026-09-03,0.999685870685665,183326729368.66602,47374561452.61589,1.32,0.572521,0.999685870685665,0.999685870685665,0.999685870685665,0.999685870685665
tether,2026-09-04,0.99997949460755,183380575396.5454,69676058667.0576,1.32,0.572521,0.99997949460755,0.99997949460755,0.99997949460755,0.99997949460755
tether,2026-09-05,1.0002182059066203,183420599641.05438,67064315825.89378,1.32,0.572521,1.0002182059066203,1.0002182059066203,1.0002182059066203,1.0002182059066203
tether,2026-09-06,1.0000643181538638,183404178521.60388,38977024110.61275,1.32,0.572521,1.0000643181538638,1.0000643181538638,1.0000643181538638,1.0000643181538638
tether,2026-09-07,0.9999573819501033,183402922704.70218,44436314673.115845,1.32,0.572521,0.9999573819501033,0.9999573819501033,0.9999573819501033,0.9999573819501033
tether,2026-09-08,0.9998494087849482,183383119266.65515,47376320486.35339,1.32,0.572521,0.9998494087849482,0.9998494087849482,0.9998494087849482,0.9998494087849482
tether,2026-09-09,0.9998294771340218,183428909322.15683,58492419808.56507,1.32,0.572521,0.9998294771340218,0.9998294771340218,0.9998294771340218,0.9998294771340218
tether,2026-09-10,0.9997364098514807,183411835180.49515,55665981356.89105,1.32,0.572521,0.9997364098514807,0.9997364098514807,0.9997364098514807,0.9997364098514807
tether,2026-09-11,0.9997033891056128,183406426898.76373,56769628502.288055,1.32,0.572521,0.9997033891056128,0.9997033891056128,0.9997033891056128,0.9997033891056128
tether,2026-09-12,0.9998130206767825,183426539999.27197,71711704793.43668,1.32,0.572521,0.9998130206767825,0.9998130206767825,0.9998130206767825,0.9998130206767825
tether,2026-09-13,0.9998612255253199,183491703553.18677,29811219958.90584,1.32,0.572521,0.9998612255253199,0.9998612255253199,0.9998612255253199,0.9998612255253199
tether,2026-09-14,0.9996891689481365,183460128216.88113,33780913003.662754,1.32,0.572521,0.9996891689481365,0.9996891689481365,0.9996891689481365,0.9996891689481365
tether,2026-09-15,0.9998657710389633,183406370546.38373,58316130926.364815,1.32,0.572521,0.9998657710389633,0.9998657710389633,0.9998657710389633,0.9998657710389633
tether,2026-09-16,0.9994318410764068,183326979262.2467,68358216771.15033,1.32,0.572521,0.9994318410764068,0.9994318410764068,0.9994318410764068,0.9994318410764068
tether,2026-09-17,0.9993529811665348,183323897046.37778,59747770870.51533,1.32,0.572521,0.9993529811665348,0.9993529811665348,0.9993529811665348,0.9993529811665348
tether,2026-09-18,0.999260614790282,183306953119.28714,49740883221.60297,1.32,0.572521,0.999260614790282,0.999260614790282,0.999260614790282,0.999260614790282
tether,2026-09-19,0.9996902452910752,183385765650.17432,84915329241.19022,1.32,0.572521,0.9996902452910752,0.9996902452910752,0.9996902452910752,0.9996902452910752
tether,2026-09-20,0.999596264224465,183310610850.62238,50220151194.20766,1.32,0.572521,0.999596264224465,0.999596264224465,0.999596264224465,0.999596264224465
tether,2026-09-21,0.9997299000370392,183335117594.5802,48926677966.18458,1.32,0.572521,0.9997299000370392,0.9997299000370392,0.9997299000370392,0.9997299000370392
binancecoin,2025-09-23,992.9536461653062,138148445803.47858,3686408510.4569073,1369.99,0.0398177,992.9536461653062,992.9536461653062,992.9536461653062,992.9536461653062
binancecoin,2025-09-24,1016.9885706779726,141617665056.96585,2912818052.940091,1369.99,0.0398177,1016.9885706779726,1016.9885706779726,1016.9885706779726,1016.9885706779726
binancecoin,2025-09-25,1018.4592957852196,141827927389.27646,2486427375.390932,1369.99,0.0398177,1018.4592957852196,1018.4592957852196,1018.4592957852196,1018.4592957852196
binancecoin,2025-09-26,951.8773021112256,131608484573.79694,3432711384.264621,1369.99,0.0398177,951.8773021112256,951.8773021112256,951.8773021112256,951.8773021112256
binancecoin,2025-09-27,960.3846068620484,133664536878.42027,2585550371.0228252,1369.99,0.0398177,960.3846068620484,960.3846068620484,960.3846068620484,960.3846068620484
binancecoin,2025-09-28,968.5984240373904,134837189873.98335,1491221557.0188804,1369.99,0.0398177,968.5984240373904,968.5984240373904,968.5984240373904,968.5984240373904
binancecoin,2025-09-29,993.3374985454826,138260632761.76694,938010497.4266068,1369.99,0.0398177,993.3374985454826,993.3374985454826,993.3374985454826,993.3374985454826
binancecoin,2025-09-30,1031.1491925361356,143454481539.36084,2160970497.71829,1369.99,0.0398177,1031.1491925361356,1031.1491925361356,1031.1491925361356,1031.1491925361356
binancecoin,2025-10-01,1008.8439770468452,140414705756.04605,1907431035.2048292,1369.99,0.0398177,1008.8439770468452,1008.8439770468452,1008.8439770468452,1008.8439770468452
binancecoin,2025-10-02,1027.580819741679,142814884189.54312,1939411525.370785,1369.99,0.0398177,1027.580819741679,1027.580819741679,1027.580819741679,1027.580819741679
binancecoin,2025-10-03,1091.1637602211783,151842579636.0481,2666213924.0797453,1369.99,0.0398177,1091.1637602211783,1091.1637602211783,1091.1637602211783,1091.1637602211783
binancecoin,2025-10-04,1187.6628391538547,165307963848.15668,4943323735.257891,1369.99,0.0398177,1187.6628391538547,1187.6628391538547,1187.6628391538547,1187.6628391538547
binancecoin,2025-10-05,1150.9753756548537,160176172196.737,2377337020.517513,1369.99,0.0398177,1150.9753756548537,1150.9753756548537,1150.9753756548537,1150.9753756548537
binancecoin,2025-10-06,1167.596847382807,162301360488.4615,2192456636.135835,1369.99,0.0398177,1167.596847382807,1167.596847382807,1167.596847382807,1167.596847382807
binancecoin,2025-10-07,1226.0517848571235,170457576628.22876,4296566622.180116,1369.99,0.0398177,1226.0517848571235,1226.0517848571235,1226.0517848571235,1226.0517848571235
binancecoin,2025-10-08,1306.3651260059326,181645995624.09357,9709302858.560484,1369.99,0.0398177,1306.3651260059326,1306.3651260059326,1306.3651260059326,1306.3651260059326
binancecoin,2025-10-09,1307.7582691896887,181870417679.72083,6428987109.5922,1369.99,0.0398177,1307.7582691896887,1307.7582691896887,1307.7582691896887,1307.7582691896887
binancecoin,2025-10-10,1255.6065309412304,174786363378.0864,6735396171.352751,1369.99,0.0398177,1255.6065309412304,1255.6065309412304,1255.6065309412304,1255.6065309412304
binancecoin,2025-10-11,1104.4952596383791,153714822213.4405,8633542685.627499,1369.99,0.0398177,1104.4952596383791,1104.4952596383791,1104.4952596383791,1104.4952596383791
binancecoin,2025-10-12,1136.912778144584,158182848432.85986,6880101199.268475,1369.99,0.0398177,1136.912778144584,1136.912778144584,1136.912778144584,1136.912778144584
binancecoin,2025-10-13,1303.267413555226,180913771160.1163,8323825675.902598,1369.99,0.0398177,1303.267413555226,1303.267413555226,1303.267413555226,1303.267413555226
binancecoin,2025-10-14,1294.4776992416448,179966620981.0479,10060361965.336891,1369.99,0.0398177,1294.4776992416448,1294.4776992416448,1294.4776992416448,1294.4776992416448
binancecoin,2025-10-15,1210.2210514750093,168470948528.03964,8203819231.039944,1369.99,0.0398177,1210.2210514750093,1210.2210514750093,1210.2210514750093,1210.2210514750093
binancecoin,2025-10-16,1164.1691043949725,162029909368.6714,4674925093.777712,1369.99,0.0398177,1164.1691043949725,1164.1691043949725,1164.1691043949725,1164.1691043949725
binancecoin,2025-10-17,1145.372930890636,159374009885.70685,4411008450.33368,1369.99,0.0398177,1145.372930890636,1145.372930890636,1145.372930890636,1145.372930890636
binancecoin,2025-10-18,1071.9863307345822,149200063411.68387,5471230573.206534,1369.99,0.0398177,1071.9863307345822,1071.9863307345822,1071.9863307345822,1071.9863307345822
binancecoin,2025-10-19,1092.6952441716232,152176125555.34836,2481736699.9379854,1369.99,0.0398177,1092.6952441716232,1092.6952441716232,1092.6952441716232,1092.6952441716232
binancecoin,2025-10-20,1110.1647637851845,154424701613.81165,2464156789.222042,1369.99,0.0398177,1110.1647637851845,1110.1647637851845,1110.1647637851845,1110.1647637851845
binancecoin,2025-10-21,1101.0500839866754,153250435885.62158,3073091780.6368346,1369.99,0.0398177,1101.0500839866754,1101.0500839866754,1101.0500839866754,1101.0500839866754
binancecoin,2025-10-22,1057.2574483439378,147150523287.05923,3314233994.4345927,1369.99,0.0398177,1057.2574483439378,1057.2574483439378,1057.2574483439378,1057.2574483439378
binancecoin,2025-10-23,1072.0760492598645,149199172672.99332,2609825936.8184853,1369.99,0.0398177,1072.0760492598645,1072.0760492598645,1072.0760492598645,1072.0760492598645
binancecoin,2025-10-24,1127.478385045259,156922115986.2926,4314534480.773727,1369.99,0.0398177,1127.478385045259,1127.478385045259,1127.478385045259,1127.478385045259
binancecoin,2025-10-25,1108.5043400317666,154355669146.9829,2425427031.606043,1369.99,0.0398177,1108.5043400317666,1108.5043400317666,1108.5043400317666,1108.5043400317666
binancecoin,2025-10-26,1116.7335165165655,155436723471.947,1140307962.0499735,1369.99,0.0398177,1116.7335165165655,1116.7335165165655,1116.7335165165655,1116.7335165165655
binancecoin,2025-10-27,1138.1267627357272,158256153484.72928,1657859891.167205,1369.99,0.0398177,1138.1267627357272,1138.1267627357272,1138.1267627357272,1138.1267627357272
binancecoin,2025-10-28,1138.2326091418197,156832575626.2325,3226511481.0129676,1369.99,0.0398177,1138.2326091418197,1138.2326091418197,1138.2326091418197,1138.2326091418197
binancecoin,2025-10-29,1103.1952172981496,152007230183.57797,3086536579.441124,1369.99,0.0398177,1103.1952172981496,1103.1952172981496,1103.1952172981496,1103.1952172981496
binancecoin,2025-10-30,1107.5427367682962,152532954544.5317,3011515505.605778,1369.99,0.0398177,1107.5427367682962,1107.5427367682962,1107.5427367682962,1107.5427367682962
binancecoin,2025-10-31,1077.7429260813997,148625401322.72922,3084999361.8356524,1369.99,0.0398177,1077.7429260813997,1077.7429260813997,1077.7429260813997,1077.7429260813997
binancecoin,2025-11-01,1087.5436478885672,149949455850.36044,3106639692.1508837,1369.99,0.0398177,1087.5436478885672,1087.5436478885672,1087.5436478885672,1087.5436478885672
binancecoin,2025-11-02,1094.40572673596,150771301353.5212,1113266218.752453,1369.99,0.0398177,1094.40572673596,1094.40572673596,1094.40572673596,1094.40572673596
binancecoin,2025-11-03,1083.5728995082006,149267110348.34732,1039997181.1063248,1369.99,0.0398177,1083.5728995082006,1083.5728995082006,1083.5728995082006,1083.5728995082006
binancecoin,2025-11-04,992.6566261164724,136684129584.4404,3892646736.937579,1369.99,0.0398177,992.6566261164724,992.6566261164724,992.6566261164724,992.6566261164724
binancecoin,2025-11-05,937.0550318786186,129105307040.93433,4582741877.288291,1369.99,0.0398177,937.0550318786186,937.0550318786186,937.0550318786186,937.0550318786186
binancecoin,2025-11-06,958.1514010610276,132222112066.90056,2907488418.646064,1369.99,0.0398177,958.1514010610276,958.1514010610276,958.1514010610276,958.1514010610276
binancecoin,2025-11-07,949.535282093972,130764549142.77287,1957857450.0910344,1369.99,0.0398177,949.535282093972,949.535282093972,949.535282093972,949.535282093972
binancecoin,2025-11-08,991.374234104707,136453892173.34564,2752378860.748195,1369.99,0.0398177,991.374234104707,991.374234104707,991.374234104707,991.374234104707
binancecoin,2025-11-09,988.9394012313392,136348800705.6031,1941963531.7473817,1369.99,0.0398177,988.9394012313392,988.9394012313392,988.9394012313392,988.9394012313392
binancecoin,2025-11-10,996.1572165780304,137247199458.0672,1740636215.6819098,1369.99,0.0398177,996.1572165780304,996.1572165780304,996.1572165780304,996.1572165780304
binancecoin,2025-11-11,991.9074195481064,136601634975.91968,1953056003.2683256,1369.99,0.0398177,991.9074195481064,991.9074195481064,991.9074195481064,991.9074195481064
binancecoin,2025-11-12,957.7154116621834,131975354193.44968,1783693458.7881951,1369.99,0.0398177,957.7154116621834,957.7154116621834,957.7154116621834,957.7154116621834
binancecoin,2025-11-13,953.3750891587352,131242741311.39027,1558445486.8653207,1369.99,0.0398177,953.3750891587352,953.3750891587352,953.3750891587352,953.3750891587352
binancecoin,2025-11-14,924.5394910820078,127399045245.36945,2224429016.234831,1369.99,0.0398177,924.5394910820078,924.5394910820078,924.5394910820078,924.5394910820078
binancecoin,2025-11-15,915.915667370872,125986906407.8552,2859708234.403379,1369.99,0.0398177,915.915667370872,915.915667370872,915.915667370872,915.915667370872
binancecoin,2025-11-16,932.2755278090996,128291690400.05688,1306237526.8737042,1369.99,0.0398177,932.2755278090996,932.2755278090996,932.2755278090996,932.2755278090996
binancecoin,2025-11-17,926.0490314043292,127729564944.58144,1909610474.6198132,1369.99,0.0398177,926.0490314043292,926.0490314043292,926.0490314043292,926.0490314043292
binancecoin,2025-11-18,906.0242254063282,124884612741.34271,3259194046.423394,1369.99,0.0398177,906.0242254063282,906.0242254063282,906.0242254063282,906.0242254063282
binancecoin,2025-11-19,930.6766678288052,128404527323.71916,3060853678.548813,1369.99,0.0398177,930.6766678288052,930.6766678288052,930.6766678288052,930.6766678288052
binancecoin,2025-11-20,896.308413868124,123375425090.0775,2404258384.116085,1369.99,0.0398177,896.308413868124,896.308413868124,896.308413868124,896.308413868124
binancecoin,2025-11-21,865.7728399470798,119383947407.63132,2471587124.011867,1369.99,0.0398177,865.7728399470798,865.7728399470798,865.7728399470798,865.7728399470798
binancecoin,2025-11-22,830.0517913331441,114396433398.17656,4415827163.641192,1369.99,0.0398177,830.0517913331441,830.0517913331441,830.0517913331441,830.0517913331441
binancecoin,2025-11-23,833.2536795379444,114768885777.01248,1562658687.8392715,1369.99,0.0398177,833.2536795379444,833.2536795379444,833.2536795379444,833.2536795379444
binancecoin,2025-11-24,842.7379980896238,116154695276.12062,1302302646.3422832,1369.99,0.0398177,842.7379980896238,842.7379980896238,842.7379980896238,842.7379980896238
binancecoin,2025-11-25,864.5162604219414,119054447154.84589,2060547344.5145147,1369.99,0.0398177,864.5162604219414,864.5162604219414,864.5162604219414,864.5162604219414
binancecoin,2025-11-26,862.3442125404264,118727873195.9396,1445119767.524138,1369.99,0.0398177,862.3442125404264,862.3442125404264,862.3442125404264,862.3442125404264
binancecoin,2025-11-27,892.1426077115159,122834556623.64714,1544929841.1461377,1369.99,0.0398177,892.1426077115159,892.1426077115159,892.1426077115159,892.1426077115159
binancecoin,2025-11-28,895.6001111045789,123371332539.60774,1303092186.3562868,1369.99,0.0398177,895.6001111045789,895.6001111045789,895.6001111045789,895.6001111045789
binancecoin,2025-11-29,887.4820043959745,122239235832.89893,1541611192.387694,1369.99,0.0398177,887.4820043959745,887.4820043959745,887.4820043959745,887.4820043959745
binancecoin,2025-11-30,873.2238804700596,120348875955.46194,828709570.8670089,1369.99,0.0398177,873.2238804700596,873.2238804700596,873.2238804700596,873.2238804700596
binancecoin,2025-12-01,875.5056285100686,120602630611.11494,1005871607.1375057,1369.99,0.0398177,875.5056285100686,875.5056285100686,875.5056285100686,875.5056285100686
binancecoin,2025-12-02,826.1811395264315,113911109306.47484,2492952411.8720603,1369.99,0.0398177,826.1811395264315,826.1811395264315,826.1811395264315,826.1811395264315
binancecoin,2025-12-03,877.0156210139578,120777275861.10526,1973054487.004746,1369.99,0.0398177,877.0156210139578,877.0156210139578,877.0156210139578,877.0156210139578
binancecoin,2025-12-04,921.0904198712338,127053043097.74944,1983965198.4541664,1369.99,0.0398177,921.0904198712338,921.0904198712338,921.0904198712338,921.0904198712338
binancecoin,2025-12-05,900.5406784732129,123976835781.9888,1674249868.0501995,1369.99,0.0398177,900.5406784732129,900.5406784732129,900.5406784732129,900.5406784732129
binancecoin,2025-12-06,883.5953929884537,121731029583.17429,1563873202.530302,1369.99,0.0398177,883.5953929884537,883.5953929884537,883.5953929884537,883.5953929884537
binancecoin,2025-12-07,890.54304898583,122656380478.9919,980348146.2217432,1369.99,0.0398177,890.54304898583,890.54304898583,890.54304898583,890.54304898583
binancecoin,2025-12-08,894.7109338161655,123159949334.09012,1388580629.742108,1369.99,0.0398177,894.7109338161655,894.7109338161655,894.7109338161655,894.7109338161655
binancecoin,2025-12-09,897.2954561089753,123586074355.06133,1477231836.388067,1369.99,0.0398177,897.2954561089753,897.2954561089753,897.2954561089753,897.2954561089753
binancecoin,2025-12-10,897.3845209083726,123675914738.76242,1937806486.6750653,1369.99,0.0398177,897.3845209083726,897.3845209083726,897.3845209083726,897.3845209083726
binancecoin,2025-12-11,893.2067376163542,123209833450.47098,1817574002.5080097,1369.99,0.0398177,893.2067376163542,893.2067376163542,893.2067376163542,893.2067376163542
binancecoin,2025-12-12,885.9820253593806,122061054992.12978,1717542778.4538949,1369.99,0.0398177,885.9820253593806,885.9820253593806,885.9820253593806,885.9820253593806
binancecoin,2025-12-13,881.7183013951837,121446390040.4662,1206333262.3920388,1369.99,0.0398177,881.7183013951837,881.7183013951837,881.7183013951837,881.7183013951837
binancecoin,2025-12-14,896.996868473447,123577228000.32164,927340726.8599296,1369.99,0.0398177,896.996868473447,896.996868473447,896.996868473447,896.996868473447
binancecoin,2025-12-15,877.6018863105139,120872095554.50018,1079729697.629423,1369.99,0.0398177,877.6018863105139,877.6018863105139,877.6018863105139,877.6018863105139
binancecoin,2025-12-16,858.4409128289508,118267126790.6519,1766002188.9934404,1369.99,0.0398177,858.4409128289508,858.4409128289508,858.4409128289508,858.4409128289508
binancecoin,2025-12-17,874.8581060228577,120562862316.60184,1854478236.399726,1369.99,0.0398177,874.8581060228577,874.8581060228577,874.8581060228577,874.8581060228577
binancecoin,2025-12-18,842.7724160788531,116099699807.09885,2489158867.784706,1369.99,0.0398177,842.7724160788531,842.7724160788531,842.7724160788531,842.7724160788531
binancecoin,2025-12-19,829.7469469952243,114285431931.85568,2768311664.395357,1369.99,0.0398177,829.7469469952243,829.7469469952243,829.7469469952243,829.7469469952243
binancecoin,2025-12-20,855.7953366043439,117872205581.12248,5664343432.410666,1369.99,0.0398177,855.7953366043439,855.7953366043439,855.7953366043439,855.7953366043439
binancecoin,2025-12-21,853.9161679852882,117635000277.59642,718086467.4144444,1369.99,0.0398177,853.9161679852882,853.9161679852882,853.9161679852882,853.9161679852882
binancecoin,2025-12-22,858.4217565842258,118205750027.2604,796446886.2119502,1369.99,0.0398177,858.4217565842258,858.4217565842258,858.4217565842258,858.4217565842258
binancecoin,2025-12-23,858.0141958897835,118175630493.29295,1312831662.2612908,1369.99,0.0398177,858.0141958897835,858.0141958897835,858.0141958897835,858.0141958897835
binancecoin,2025-12-24,844.4246513161333,116232443623.7988,1017312105.4524854,1369.99,0.0398177,844.4246513161333,844.4246513161333,844.4246513161333,844.4246513161333
binancecoin,2025-12-25,846.0128349599879,116550742016.45522,840918428.0055813,1369.99,0.0398177,846.0128349599879,846.0128349599879,846.0128349599879,846.0128349599879
binancecoin,2025-12-26,829.3812398334653,114276373044.75656,741988251.9494021,1369.99,0.0398177,829.3812398334653,829.3812398334653,829.3812398334653,829.3812398334653
binancecoin,2025-12-27,834.2372687213889,114897864283.35107,1095552392.2307916,1369.99,0.0398177,834.2372687213889,834.2372687213889,834.2372687213889,834.2372687213889
binancecoin,2025-12-28,844.9832508039058,116354949463.31834,766204587.3128442,1369.99,0.0398177,844.9832508039058,844.9832508039058,844.9832508039058,844.9832508039058
binancecoin,2025-12-29,858.8357327573289,118291490786.5004,830727154.619927,1369.99,0.0398177,858.8357327573289,858.8357327573289,858.8357327573289,858.8357327573289
binancecoin,2025-12-30,851.4864118379509,117233529524.06248,1242010415.0361433,1369.99,0.0398177,851.4864118379509,851.4864118379509,851.4864118379509,851.4864118379509
binancecoin,2025-12-31,861.0151226097267,118544871388.18349,1470395867.8658428,1369.99,0.0398177,861.0151226097267,861.0151226097267,861.0151226097267,861.0151226097267
binancecoin,2026-01-01,862.6875532651649,118821904084.76799,2716822015.208471,1369.99,0.0398177,862.6875532651649,862.6875532651649,862.6875532651649,862.6875532651649
binancecoin,2026-01-02,863.1439009118409,118884722854.82588,125337513.29161112,1369.99,0.0398177,863.1439009118409,863.1439009118409,863.1439009118409,863.1439009118409
binancecoin,2026-01-03,881.4243048172793,121402531249.121,193129126.90518284,1369.99,0.0398177,881.4243048172793,881.4243048172793,881.4243048172793,881.4243048172793
binancecoin,2026-01-04,878.1453705134414,120950873790.12415,163355350.7166629,1369.99,0.0398177,878.1453705134414,878.1453705134414,878.1453705134414,878.1453705134414
binancecoin,2026-01-05,896.2525608584742,123444813997.233,146044265.28248364,1369.99,0.0398177,896.2525608584742,896.2525608584742,896.2525608584742,896.2525608584742
binancecoin,2026-01-06,910.1472316070085,125358546997.25142,206191084.28359073,1369.99,0.0398177,910.1472316070085,910.1472316070085,910.1472316070085,910.1472316070085
binancecoin,2026-01-07,916.7010933955976,126261194261.8182,234388379.13317603,1369.99,0.0398177,916.7010933955976,916.7010933955976,916.7010933955976,916.7010933955976
binancecoin,2026-01-08,898.5170181191884,123756582482.32465,175785703.66051757,1369.99,0.0398177,898.5170181191884,898.5170181191884,898.5170181191884,898.5170181191884
binancecoin,2026-01-09,892.2148003039543,122888512108.36664,176986796.31993672,1369.99,0.0398177,892.2148003039543,892.2148003039543,892.2148003039543,892.2148003039543
binancecoin,2026-01-10,896.3528714914261,123458402271.16824,190686703.80047593,1369.99,0.0398177,896.3528714914261,896.3528714914261,896.3528714914261,896.3528714914261
binancecoin,2026-01-11,906.5126842973807,124857657564.83812,120875152.2124772,1369.99,0.0398177,906.5126842973807,906.5126842973807,906.5126842973807,906.5126842973807
binancecoin,2026-01-12,902.9366284387221,124364991802.40852,243660952.48062012,1369.99,0.0398177,902.9366284387221,902.9366284387221,902.9366284387221,902.9366284387221
binancecoin,2026-01-13,904.5923566902693,124592939562.78705,222449345.95594877,1369.99,0.0398177,904.5923566902693,904.5923566902693,904.5923566902693,904.5923566902693
binancecoin,2026-01-14,943.2811965266268,129921170202.91124,244431702.54677242,1369.99,0.0398177,943.2811965266268,943.2811965266268,943.2811965266268,943.2811965266268
binancecoin,2026-01-15,947.7031427664074,130530110165.78598,262263052.25669125,1369.99,0.0398177,947.7031427664074,947.7031427664074,947.7031427664074,947.7031427664074
binancecoin,2026-01-16,930.4748135254791,126880747466.65096,245476949.42255524,1369.99,0.0398177,930.4748135254791,930.4748135254791,930.4748135254791,930.4748135254791
binancecoin,2026-01-17,937.2419266208026,127803455632.68906,194706252.90658742,1369.99,0.0398177,937.2419266208026,937.2419266208026,937.2419266208026,937.2419266208026
binancecoin,2026-01-18,946.257182729207,129032681239.66354,1074230978.7241557,1369.99,0.0398177,946.257182729207,946.257182729207,946.257182729207,946.257182729207
binancecoin,2026-01-19,926.6525354149239,126359368823.15224,263971848.26778635,1369.99,0.0398177,926.6525354149239,926.6525354149239,926.6525354149239,926.6525354149239
binancecoin,2026-01-20,922.8488030286093,125840615216.31682,208778004.11608002,1369.99,0.0398177,922.8488030286093,922.8488030286093,922.8488030286093,922.8488030286093
binancecoin,2026-01-21,881.8889819088545,120255219852.66316,1685483670.4788525,1369.99,0.0398177,881.8889819088545,881.8889819088545,881.8889819088545,881.8889819088545
binancecoin,2026-01-22,882.7933729704462,120378418217.93903,286239101.5916671,1369.99,0.0398177,882.7933729704462,882.7933729704462,882.7933729704462,882.7933729704462
binancecoin,2026-01-23,887.4878725035992,121018450061.46533,193415399.05874634,1369.99,0.0398177,887.4878725035992,887.4878725035992,887.4878725035992,887.4878725035992
binancecoin,2026-01-24,890.2668410148842,121397288702.6333,201332889.86414024,1369.99,0.0398177,890.2668410148842,890.2668410148842,890.2668410148842,890.2668410148842
binancecoin,2026-01-25,885.2762159944691,120716692799.79242,112588682.45874606,1369.99,0.0398177,885.2762159944691,885.2762159944691,885.2762159944691,885.2762159944691
binancecoin,2026-01-26,864.0849113740555,117826994789.38173,193573083.0780909,1369.99,0.0398177,864.0849113740555,864.0849113740555,864.0849113740555,864.0849113740555
binancecoin,2026-01-27,877.9915843883608,119723267927.78127,194891303.44656572,1369.99,0.0398177,877.9915843883608,877.9915843883608,877.9915843883608,877.9915843883608
binancecoin,2026-01-28,897.3151546620949,122358187175.98041,167809358.0746862,1369.99,0.0398177,897.3151546620949,897.3151546620949,897.3151546620949,897.3151546620949
binancecoin,2026-01-29,902.0202232463387,122999722946.27045,207628063.003331,1369.99,0.0398177,902.0202232463387,902.0202232463387,902.0202232463387,902.0202232463387
binancecoin,2026-01-30,867.5132721515412,118294291074.83264,312529549.2519469,1369.99,0.0398177,867.5132721515412,867.5132721515412,867.5132721515412,867.5132721515412
binancecoin,2026-01-31,857.1019214378521,116874518373.9005,2023559232.8425634,1369.99,0.0398177,857.1019214378521,857.1019214378521,857.1019214378521,857.1019214378521
binancecoin,2026-02-01,779.6855757145962,106317971659.46808,2189040583.810941,1369.99,0.0398177,779.6855757145962,779.6855757145962,779.6855757145962,779.6855757145962
binancecoin,2026-02-02,758.0226225859311,103363968499.80753,1579698284.5714324,1369.99,0.0398177,758.0226225859311,758.0226225859311,758.0226225859311,758.0226225859311
binancecoin,2026-02-03,772.7669066347585,105374442291.9015,1908527421.435457,1369.99,0.0398177,772.7669066347585,772.7669066347585,772.7669066347585,772.7669066347585
binancecoin,2026-02-04,752.5356483340834,102615663877.05948,1629340395.949354,1369.99,0.0398177,752.5356483340834,752.5356483340834,752.5356483340834,752.5356483340834
binancecoin,2026-02-05,696.0648712344613,94915270331.62201,2151639546.664418,1369.99,0.0398177,696.0648712344613,696.0648712344613,696.0648712344613,696.0648712344613
binancecoin,2026-02-06,606.902857534796,82757114772.34572,3454793250.9555216,1369.99,0.0398177,606.902857534796,606.902857534796,606.902857534796,606.902857534796
binancecoin,2026-02-07,654.5519791800546,89254497167.61903,2992470075.8620257,1369.99,0.0398177,654.5519791800546,654.5519791800546,654.5519791800546,654.5519791800546
binancecoin,2026-02-08,646.8126106841095,88199132864.58875,1246178937.3428464,1369.99,0.0398177,646.8126106841095,646.8126106841095,646.8126106841095,646.8126106841095
binancecoin,2026-02-09,640.1059423190089,87284592895.88068,810776232.4965055,1369.99,0.0398177,640.1059423190089,640.1059423190089,640.1059423190089,640.1059423190089
binancecoin,2026-02-10,636.956462489727,86855103282.7339,1079909606.555621,1369.99,0.0398177,636.956462489727,636.956462489727,636.956462489727,636.956462489727
binancecoin,2026-02-11,619.3542473218653,84454691444.4686,976108907.8891428,1369.99,0.0398177,619.3542473218653,619.3542473218653,619.3542473218653,619.3542473218653
binancecoin,2026-02-12,608.4290107913192,82965046553.24927,1380574224.7242846,1369.99,0.0398177,608.4290107913192,608.4290107913192,608.4290107913192,608.4290107913192
binancecoin,2026-02-13,613.9633538815037,83719681016.16402,813780873.0334065,1369.99,0.0398177,613.9633538815037,613.9633538815037,613.9633538815037,613.9633538815037
binancecoin,2026-02-14,618.9261438677029,84396369832.32977,1114387969.5577748,1369.99,0.0398177,618.9261438677029,618.9261438677029,618.9261438677029,618.9261438677029
binancecoin,2026-02-15,632.4556787932836,86241223147.08585,686258940.3878593,1369.99,0.0398177,632.4556787932836,632.4556787932836,632.4556787932836,632.4556787932836
binancecoin,2026-02-16,614.2795141777232,83762709034.77107,632910626.2554828,1369.99,0.0398177,614.2795141777232,614.2795141777232,614.2795141777232,614.2795141777232
binancecoin,2026-02-17,626.8656793568996,85478915620.98143,687878964.1637696,1369.99,0.0398177,626.8656793568996,626.8656793568996,626.8656793568996,626.8656793568996
binancecoin,2026-02-18,618.1700830481263,84293171621.22421,649725854.6479186,1369.99,0.0398177,618.1700830481263,618.1700830481263,618.1700830481263,618.1700830481263
binancecoin,2026-02-19,604.1150841007902,82376624203.08295,692512672.6325632,1369.99,0.0398177,604.1150841007902,604.1150841007902,604.1150841007902,604.1150841007902
binancecoin,2026-02-20,607.1260844479245,82787180711.0922,767731715.826251,1369.99,0.0398177,607.1260844479245,607.1260844479245,607.1260844479245,607.1260844479245
binancecoin,2026-02-21,626.5273546048493,85432701130.6918,945093009.3433346,1369.99,0.0398177,626.5273546048493,626.5273546048493,626.5273546048493,626.5273546048493
binancecoin,2026-02-22,625.7245510280627,85323211634.65215,525159406.37849355,1369.99,0.0398177,625.7245510280627,625.7245510280627,625.7245510280627,625.7245510280627
binancecoin,2026-02-23,589.4687730267202,80379391508.14941,773674649.3703527,1369.99,0.0398177,589.4687730267202,589.4687730267202,589.4687730267202,589.4687730267202
binancecoin,2026-02-24,596.6626313609953,81360316324.91045,966451284.8160201,1369.99,0.0398177,596.6626313609953,596.6626313609953,596.6626313609953,596.6626313609953
binancecoin,2026-02-25,583.7319890941815,79597079450.65787,1053104905.9109175,1369.99,0.0398177,583.7319890941815,583.7319890941815,583.7319890941815,583.7319890941815
binancecoin,2026-02-26,629.0621013497806,85778220480.81999,1899152768.5525908,1369.99,0.0398177,629.0621013497806,629.0621013497806,629.0621013497806,629.0621013497806
binancecoin,2026-02-27,625.592704500723,85305137319.05367,1987210147.768027,1369.99,0.0398177,625.592704500723,625.592704500723,625.592704500723,625.592704500723
binancecoin,2026-02-28,613.2764301657836,83625651111.68144,1024653470.8037724,1369.99,0.0398177,613.2764301657836,613.2764301657836,613.2764301657836,613.2764301657836
binancecoin,2026-03-01,617.7144379235691,84230812618.18704,1076723678.5903516,1369.99,0.0398177,617.7144379235691,617.7144379235691,617.7144379235691,617.7144379235691
binancecoin,2026-03-02,618.6936980211282,84364279707.19603,1163157694.1355886,1369.99,0.0398177,618.6936980211282,618.6936980211282,618.6936980211282,618.6936980211282
binancecoin,2026-03-03,637.4293523214789,86919049514.85316,1244657870.6080647,1369.99,0.0398177,637.4293523214789,637.4293523214789,637.4293523214789,637.4293523214789
binancecoin,2026-03-04,633.3422696816933,86361680022.16042,1058381134.5578171,1369.99,0.0398177,633.3422696816933,633.3422696816933,633.3422696816933,633.3422696816933
binancecoin,2026-03-05,658.3186569482641,89767425806.83577,1398704568.5590184,1369.99,0.0398177,658.3186569482641,658.3186569482641,658.3186569482641,658.3186569482641
binancecoin,2026-03-06,648.0603619606361,88368550732.39462,945971560.0789213,1369.99,0.0398177,648.0603619606361,648.0603619606361,648.0603619606361,648.0603619606361
binancecoin,2026-03-07,626.851298987526,85476485783.8297,761548185.5687364,1369.99,0.0398177,626.851298987526,626.851298987526,626.851298987526,626.851298987526
binancecoin,2026-03-08,620.9074419975918,84665972131.04056,445614117.5515002,1369.99,0.0398177,620.9074419975918,620.9074419975918,620.9074419975918,620.9074419975918
binancecoin,2026-03-09,611.9485195167236,83444328420.48528,565602872.1333956,1369.99,0.0398177,611.9485195167236,611.9485195167236,611.9485195167236,611.9485195167236
binancecoin,2026-03-10,634.8747637490042,86570483672.59088,817596384.133585,1369.99,0.0398177,634.8747637490042,634.8747637490042,634.8747637490042,634.8747637490042
binancecoin,2026-03-11,641.8894106102791,87526951848.53764,691165644.6307368,1369.99,0.0398177,641.8894106102791,641.8894106102791,641.8894106102791,641.8894106102791
binancecoin,2026-03-12,651.4124269513053,88825448998.08427,817937250.9733413,1369.99,0.0398177,651.4124269513053,651.4124269513053,651.4124269513053,651.4124269513053
binancecoin,2026-03-13,650.696970577604,88727849245.19775,703221809.2871126,1369.99,0.0398177,650.696970577604,650.696970577604,650.696970577604,650.696970577604
binancecoin,2026-03-14,655.2115423507036,89343406634.72644,1260474174.9430687,1369.99,0.0398177,655.2115423507036,655.2115423507036,655.2115423507036,655.2115423507036
binancecoin,2026-03-15,657.349799131319,89634946046.07051,250332853.64514425,1369.99,0.0398177,657.349799131319,657.349799131319,657.349799131319,657.349799131319
binancecoin,2026-03-16,675.751059049176,92144029264.18231,718117940.9862226,1369.99,0.0398177,675.751059049176,675.751059049176,675.751059049176,675.751059049176
binancecoin,2026-03-17,678.2088254970625,92479129795.57153,1431364701.9538841,1369.99,0.0398177,678.2088254970625,678.2088254970625,678.2088254970625,678.2088254970625
binancecoin,2026-03-18,668.8976540761711,91209434889.54732,980345029.6920507,1369.99,0.0398177,668.8976540761711,668.8976540761711,668.8976540761711,668.8976540761711
binancecoin,2026-03-19,651.6094717730115,88852019134.33742,975426372.6513717,1369.99,0.0398177,651.6094717730115,651.6094717730115,651.6094717730115,651.6094717730115
binancecoin,2026-03-20,639.1519706225815,87153307224.44467,845511082.9668422,1369.99,0.0398177,639.1519706225815,639.1519706225815,639.1519706225815,639.1519706225815
binancecoin,2026-03-21,642.1471370599114,87561687624.9902,749433006.5508025,1369.99,0.0398177,642.1471370599114,642.1471370599114,642.1471370599114,642.1471370599114
binancecoin,2026-03-22,624.6276730266253,85172751874.68732,459943359.32219195,1369.99,0.0398177,624.6276730266253,624.6276730266253,624.6276730266253,624.6276730266253
binancecoin,2026-03-23,626.5373626989152,85433121796.40451,739054927.3557446,1369.99,0.0398177,626.5373626989152,626.5373626989152,626.5373626989152,626.5373626989152
binancecoin,2026-03-24,639.19746183984,87159372287.72058,1460496539.3122516,1369.99,0.0398177,639.19746183984,639.19746183984,639.19746183984,639.19746183984
binancecoin,2026-03-25,638.2973036689143,87036587710.59874,719659190.9418586,1369.99,0.0398177,638.2973036689143,638.2973036689143,638.2973036689143,638.2973036689143
binancecoin,2026-03-26,647.8097781960232,88333651594.82802,792200997.5726125,1369.99,0.0398177,647.8097781960232,647.8097781960232,647.8097781960232,647.8097781960232
binancecoin,2026-03-27,628.075063746569,85642648303.92592,689729131.6869866,1369.99,0.0398177,628.075063746569,628.075063746569,628.075063746569,628.075063746569
binancecoin,2026-03-28,612.6466132872106,83538838893.56694,865832442.8355235,1369.99,0.0398177,612.6466132872106,612.6466132872106,612.6466132872106,612.6466132872106
binancecoin,2026-03-29,610.6947039590251,83272658543.65634,521730648.0844331,1369.99,0.0398177,610.6947039590251,610.6947039590251,610.6947039590251,610.6947039590251
binancecoin,2026-03-30,605.7052583106979,82592285883.41792,610690284.0501347,1369.99,0.0398177,605.7052583106979,605.7052583106979,605.7052583106979,605.7052583106979
binancecoin,2026-03-31,608.7288635084197,83004538940.63913,739326334.4666352,1369.99,0.0398177,608.7288635084197,608.7288635084197,608.7288635084197,608.7288635084197
binancecoin,2026-04-01,616.1538820335377,84016951116.48883,928991427.7177942,1369.99,0.0398177,616.1538820335377,616.1538820335377,616.1538820335377,616.1538820335377
binancecoin,2026-04-02,610.8885121293691,81348022481.94658,1227891244.3785188,1369.99,0.0398177,610.8885121293691,610.8885121293691,610.8885121293691,610.8885121293691
binancecoin,2026-04-03,584.0791598258223,77777996608.79102,1792598026.027331,1369.99,0.0398177,584.0791598258223,584.0791598258223,584.0791598258223,584.0791598258223
binancecoin,2026-04-04,588.4455057822292,78359434304.82437,877598223.4096173,1369.99,0.0398177,588.4455057822292,588.4455057822292,588.4455057822292,588.4455057822292
binancecoin,2026-04-05,594.0994809464715,79112337149.84587,647654974.0325694,1369.99,0.0398177,594.0994809464715,594.0994809464715,594.0994809464715,594.0994809464715
binancecoin,2026-04-06,606.5601402071936,80771641539.36177,855418409.6513028,1369.99,0.0398177,606.5601402071936,606.5601402071936,606.5601402071936,606.5601402071936
binancecoin,2026-04-07,600.6977042884862,79990979340.8672,1011680484.9731528,1369.99,0.0398177,600.6977042884862,600.6977042884862,600.6977042884862,600.6977042884862
binancecoin,2026-04-08,621.1198058377721,82710456860.86366,1433281830.6999152,1369.99,0.0398177,621.1198058377721,621.1198058377721,621.1198058377721,621.1198058377721
binancecoin,2026-04-09,600.8832884605744,80015692369.68272,1424661659.9746773,1369.99,0.0398177,600.8832884605744,600.8832884605744,600.8832884605744,600.8832884605744
binancecoin,2026-04-10,603.3083098725318,80338616589.76912,1266356724.7835307,1369.99,0.0398177,603.3083098725318,603.3083098725318,603.3083098725318,603.3083098725318
binancecoin,2026-04-11,605.816672439965,82607104639.67085,742694910.5593663,1369.99,0.0398177,605.816672439965,605.816672439965,605.816672439965,605.816672439965
binancecoin,2026-04-12,607.1695837676739,82791553150.14754,667732993.9192253,1369.99,0.0398177,607.1695837676739,607.1695837676739,607.1695837676739,607.1695837676739
binancecoin,2026-04-13,592.0591893811612,80731125363.58281,803537185.832468,1369.99,0.0398177,592.0591893811612,592.0591893811612,592.0591893811612,592.0591893811612
binancecoin,2026-04-14,615.9569577245946,83989665906.47528,1059204872.2675498,1369.99,0.0398177,615.9569577245946,615.9569577245946,615.9569577245946,615.9569577245946
binancecoin,2026-04-15,614.5789565262527,83801713952.58333,1180718700.8082712,1369.99,0.0398177,614.5789565262527,614.5789565262527,614.5789565262527,614.5789565262527
binancecoin,2026-04-16,623.2079126106592,84000253815.26216,884762774.8933412,1369.99,0.0398177,623.2079126106592,623.2079126106592,623.2079126106592,623.2079126106592
binancecoin,2026-04-17,636.2837069331584,85762655655.56097,1059600379.1334243,1369.99,0.0398177,636.2837069331584,636.2837069331584,636.2837069331584,636.2837069331584
binancecoin,2026-04-18,643.5475193945257,86741684363.06491,1145910587.9335952,1369.99,0.0398177,643.5475193945257,643.5475193945257,643.5475193945257,643.5475193945257
binancecoin,2026-04-19,630.021234735221,84918483846.60896,873136148.1541568,1369.99,0.0398177,630.021234735221,630.021234735221,630.021234735221,630.021234735221
binancecoin,2026-04-20,616.1662853189757,83050989052.90416,812637908.0096308,1369.99,0.0398177,616.1662853189757,616.1662853189757,616.1662853189757,616.1662853189757
binancecoin,2026-04-21,629.3909650144932,84833458174.76704,793231688.0396143,1369.99,0.0398177,629.3909650144932,629.3909650144932,629.3909650144932,629.3909650144932
binancecoin,2026-04-22,631.6847455992801,85142592740.2642,891278232.6171368,1369.99,0.0398177,631.6847455992801,631.6847455992801,631.6847455992801,631.6847455992801
binancecoin,2026-04-23,637.8760547523035,85977063720.52052,1034109590.4528856,1369.99,0.0398177,637.8760547523035,637.8760547523035,637.8760547523035,637.8760547523035
binancecoin,2026-04-24,638.7414549173521,86093675661.85417,829063890.5940496,1369.99,0.0398177,638.7414549173521,638.7414549173521,638.7414549173521,638.7414549173521
binancecoin,2026-04-25,636.277298464707,85761507767.95636,633713025.106402,1369.99,0.0398177,636.277298464707,636.277298464707,636.277298464707,636.277298464707
binancecoin,2026-04-26,628.6116559486803,84728259898.37463,496983729.2920169,1369.99,0.0398177,628.6116559486803,628.6116559486803,628.6116559486803,628.6116559486803
binancecoin,2026-04-27,635.9118150455902,85712200065.80408,519625896.37169075,1369.99,0.0398177,635.9118150455902,635.9118150455902,635.9118150455902,635.9118150455902
binancecoin,2026-04-28,626.9524469922035,84504563089.19081,857928226.4382393,1369.99,0.0398177,626.9524469922035,626.9524469922035,626.9524469922035,626.9524469922035
binancecoin,2026-04-29,624.401752594144,84160742577.56143,554640466.7882379,1369.99,0.0398177,624.401752594144,624.401752594144,624.401752594144,624.401752594144
binancecoin,2026-04-30,617.1644396854956,83185228771.03731,847146674.1154684,1369.99,0.0398177,617.1644396854956,617.1644396854956,617.1644396854956,617.1644396854956
binancecoin,2026-05-01,615.1315444489046,82911201713.53937,579557947.328677,1369.99,0.0398177,615.1315444489046,615.1315444489046,615.1315444489046,615.1315444489046
binancecoin,2026-05-02,615.4081816789101,82948458734.67104,676583440.2363732,1369.99,0.0398177,615.4081816789101,615.4081816789101,615.4081816789101,615.4081816789101
binancecoin,2026-05-03,618.0360989955103,83302638929.24602,446310822.5401175,1369.99,0.0398177,618.0360989955103,618.0360989955103,618.0360989955103,618.0360989955103
binancecoin,2026-05-04,617.0592341065477,83170933815.41238,565153979.6780738,1369.99,0.0398177,617.0592341065477,617.0592341065477,617.0592341065477,617.0592341065477
binancecoin,2026-05-05,622.5454199421628,83910357093.9853,1398007311.3974705,1369.99,0.0398177,622.5454199421628,622.5454199421628,622.5454199421628,622.5454199421628
binancecoin,2026-05-06,630.5197614089996,84985158130.9203,966839266.7007693,1369.99,0.0398177,630.5197614089996,630.5197614089996,630.5197614089996,630.5197614089996
binancecoin,2026-05-07,647.917102652703,87330040512.90378,1621904725.6025407,1369.99,0.0398177,647.917102652703,647.917102652703,647.917102652703,647.917102652703
binancecoin,2026-05-08,637.1023815023726,85872337748.2031,860439368.4604676,1369.99,0.0398177,637.1023815023726,637.1023815023726,637.1023815023726,637.1023815023726
binancecoin,2026-05-09,649.2450974104772,87508971683.05533,671485823.8723109,1369.99,0.0398177,649.2450974104772,649.2450974104772,649.2450974104772,649.2450974104772
binancecoin,2026-05-10,649.7616812355201,87578574974.96397,569252740.1171494,1369.99,0.0398177,649.7616812355201,649.7616812355201,649.7616812355201,649.7616812355201
binancecoin,2026-05-11,663.4733750407737,89426693204.35039,713213929.2953861,1369.99,0.0398177,663.4733750407737,663.4733750407737,663.4733750407737,663.4733750407737
binancecoin,2026-05-12,670.3091959569925,90348030339.8464,1011648013.7028589,1369.99,0.0398177,670.3091959569925,670.3091959569925,670.3091959569925,670.3091959569925
binancecoin,2026-05-13,664.8137077847776,89607289794.16667,941323512.233366,1369.99,0.0398177,664.8137077847776,664.8137077847776,664.8137077847776,664.8137077847776
binancecoin,2026-05-14,671.3872863252919,90493279889.59883,1225636413.6629205,1369.99,0.0398177,671.3872863252919,671.3872863252919,671.3872863252919,671.3872863252919
binancecoin,2026-05-15,678.0258415036767,91388014205.81108,1009999647.4899727,1369.99,0.0398177,678.0258415036767,678.0258415036767,678.0258415036767,678.0258415036767
binancecoin,2026-05-16,672.1506658459626,90596095032.1776,1031931673.2633768,1369.99,0.0398177,672.1506658459626,672.1506658459626,672.1506658459626,672.1506658459626
binancecoin,2026-05-17,656.0070996829677,88420150633.29807,738575804.8321166,1369.99,0.0398177,656.0070996829677,656.0070996829677,656.0070996829677,656.0070996829677
binancecoin,2026-05-18,649.0696709061414,87485067916.75502,607667708.0918057,1369.99,0.0398177,649.0696709061414,649.0696709061414,649.0696709061414,649.0696709061414
binancecoin,2026-05-19,643.0629817607845,86675427353.17532,781543552.2356172,1369.99,0.0398177,643.0629817607845,643.0629817607845,643.0629817607845,643.0629817607845
binancecoin,2026-05-20,639.4078785765344,86182747012.58357,565800444.8547019,1369.99,0.0398177,639.4078785765344,639.4078785765344,639.4078785765344,639.4078785765344
binancecoin,2026-05-21,648.8135781157387,87450427688.55615,569093777.5203198,1369.99,0.0398177,648.8135781157387,648.8135781157387,648.8135781157387,648.8135781157387
binancecoin,2026-05-22,657.2580376188126,88588584910.44919,661392101.8025688,1369.99,0.0398177,657.2580376188126,657.2580376188126,657.2580376188126,657.2580376188126
binancecoin,2026-05-23,649.9691943034433,87606105341.83464,752601028.7413392,1369.99,0.0398177,649.9691943034433,649.9691943034433,649.9691943034433,649.9691943034433
binancecoin,2026-05-24,655.7093484986534,88379767554.51888,703453826.7340381,1369.99,0.0398177,655.7093484986534,655.7093484986534,655.7093484986534,655.7093484986534
binancecoin,2026-05-25,656.3216569268385,88462271808.90727,567322831.6825869,1369.99,0.0398177,656.3216569268385,656.3216569268385,656.3216569268385,656.3216569268385
binancecoin,2026-05-26,662.783618728823,89333186967.62817,768527192.572449,1369.99,0.0398177,662.783618728823,662.783618728823,662.783618728823,662.783618728823
binancecoin,2026-05-27,655.7801317810654,88389193676.5615,1045650948.1059058,1369.99,0.0398177,655.7801317810654,655.7801317810654,655.7801317810654,655.7801317810654
binancecoin,2026-05-28,648.1022793623637,87354304761.17407,763430780.1323192,1369.99,0.0398177,648.1022793623637,648.1022793623637,648.1022793623637,648.1022793623637
binancecoin,2026-05-29,637.590036018025,85937381791.4377,831596775.596733,1369.99,0.0398177,637.590036018025,637.590036018025,637.590036018025,637.590036018025
binancecoin,2026-05-30,642.4763985549286,86595958568.41101,696438551.4955343,1369.99,0.0398177,642.4763985549286,642.4763985549286,642.4763985549286,642.4763985549286
binancecoin,2026-05-31,719.2839543502296,96948405964.44954,3023540828.7856355,1369.99,0.0398177,719.2839543502296,719.2839543502296,719.2839543502296,719.2839543502296
binancecoin,2026-06-01,709.7461276820151,95662818778.99333,2332580187.806059,1369.99,0.0398177,709.7461276820151,709.7461276820151,709.7461276820151,709.7461276820151
binancecoin,2026-06-02,692.0622015739435,93279241842.16821,2855801826.7145696,1369.99,0.0398177,692.0622015739435,692.0622015739435,692.0622015739435,692.0622015739435
binancecoin,2026-06-03,650.2435799684146,87642698316.21786,1695246992.3858135,1369.99,0.0398177,650.2435799684146,650.2435799684146,650.2435799684146,650.2435799684146
binancecoin,2026-06-04,619.783537192592,83537123667.94281,1547612969.639068,1369.99,0.0398177,619.783537192592,619.783537192592,619.783537192592,619.783537192592
binancecoin,2026-06-05,603.8314770752072,81386999863.93068,1841188744.1402452,1369.99,0.0398177,603.8314770752072,603.8314770752072,603.8314770752072,603.8314770752072
binancecoin,2026-06-06,571.9698919463663,77092512923.944,2189028577.726696,1369.99,0.0398177,571.9698919463663,571.9698919463663,571.9698919463663,571.9698919463663
binancecoin,2026-06-07,574.2853923786267,77404581482.47667,1071936492.0219905,1369.99,0.0398177,574.2853923786267,574.2853923786267,574.2853923786267,574.2853923786267
binancecoin,2026-06-08,603.8984366100508,81395923708.0082,975856394.6962734,1369.99,0.0398177,603.8984366100508,603.8984366100508,603.8984366100508,603.8984366100508
binancecoin,2026-06-09,601.5368716232298,81077574692.92725,732202105.5849842,1369.99,0.0398177,601.5368716232298,601.5368716232298,601.5368716232298,601.5368716232298
binancecoin,2026-06-10,593.0656308303504,79935744108.10219,760821872.9165803,1369.99,0.0398177,593.0656308303504,593.0656308303504,593.0656308303504,593.0656308303504
binancecoin,2026-06-11,586.1915042460671,79009189727.44032,632233147.6926358,1369.99,0.0398177,586.1915042460671,586.1915042460671,586.1915042460671,586.1915042460671
binancecoin,2026-06-12,605.0188351074373,81546773780.92807,707513873.9736501,1369.99,0.0398177,605.0188351074373,605.0188351074373,605.0188351074373,605.0188351074373
binancecoin,2026-06-13,603.5065215908736,81342904942.12349,640431618.0855484,1369.99,0.0398177,603.5065215908736,603.5065215908736,603.5065215908736,603.5065215908736
binancecoin,2026-06-14,609.3153936702697,82125816506.64233,448701220.1386858,1369.99,0.0398177,609.3153936702697,609.3153936702697,609.3153936702697,609.3153936702697
binancecoin,2026-06-15,616.2913721407087,83066035408.76973,700474861.135077,1369.99,0.0398177,616.2913721407087,616.2913721407087,616.2913721407087,616.2913721407087
binancecoin,2026-06-16,617.3823195179718,83213044501.28632,976792944.0494448,1369.99,0.0398177,617.3823195179718,617.3823195179718,617.3823195179718,617.3823195179718
binancecoin,2026-06-17,604.4270847551903,81466861926.48677,1019990890.3571506,1369.99,0.0398177,604.4270847551903,604.4270847551903,604.4270847551903,604.4270847551903
binancecoin,2026-06-18,601.0035535777396,81005390542.53128,929898758.0408244,1369.99,0.0398177,601.0035535777396,601.0035535777396,601.0035535777396,601.0035535777396
binancecoin,2026-06-19,578.0941140346222,77917545336.62881,832300833.7821821,1369.99,0.0398177,578.0941140346222,578.0941140346222,578.0941140346222,578.0941140346222
binancecoin,2026-06-20,580.5498791177642,78248519418.78792,820767495.0285072,1369.99,0.0398177,580.5498791177642,580.5498791177642,580.5498791177642,580.5498791177642
binancecoin,2026-06-21,587.6019263693968,79198993838.31635,545476186.3433158,1369.99,0.0398177,587.6019263693968,587.6019263693968,587.6019263693968,587.6019263693968
binancecoin,2026-06-22,583.7382242602163,78678211969.23083,444917626.3731382,1369.99,0.0398177,583.7382242602163,583.7382242602163,583.7382242602163,583.7382242602163
binancecoin,2026-06-23,589.2686919181896,79423507770.47118,647217221.7808495,1369.99,0.0398177,589.2686919181896,589.2686919181896,589.2686919181896,589.2686919181896
binancecoin,2026-06-24,577.3779980091048,77820817390.73474,665569928.3140544,1369.99,0.0398177,577.3779980091048,577.3779980091048,577.3779980091048,577.3779980091048
binancecoin,2026-06-25,563.9704782268035,76013682314.2601,879073630.0056224,1369.99,0.0398177,563.9704782268035,563.9704782268035,563.9704782268035,563.9704782268035
binancecoin,2026-06-26,560.0088056886373,75479689391.88594,906634032.0050521,1369.99,0.0398177,560.0088056886373,560.0088056886373,560.0088056886373,560.0088056886373
binancecoin,2026-06-27,566.9395585365139,76413771634.91876,1009782544.3796959,1369.99,0.0398177,566.9395585365139,566.9395585365139,566.9395585365139,566.9395585365139
binancecoin,2026-06-28,556.5879485175612,75018515887.8142,534197413.49363786,1369.99,0.0398177,556.5879485175612,556.5879485175612,556.5879485175612,556.5879485175612
binancecoin,2026-06-29,550.4111830116456,74185972583.7256,548188471.9736614,1369.99,0.0398177,550.4111830116456,550.4111830116456,550.4111830116456,550.4111830116456
binancecoin,2026-06-30,558.6227835458758,75292728860.74406,718661742.5639383,1369.99,0.0398177,558.6227835458758,558.6227835458758,558.6227835458758,558.6227835458758
binancecoin,2026-07-01,545.864131071901,73573050289.31685,651373345.1448185,1369.99,0.0398177,545.864131071901,545.864131071901,545.864131071901,545.864131071901
binancecoin,2026-07-02,549.9510649904576,74123870450.47614,829574411.965121,1369.99,0.0398177,549.9510649904576,549.9510649904576,549.9510649904576,549.9510649904576
binancecoin,2026-07-03,558.1196504363588,75224827285.86072,773405988.7150784,1369.99,0.0398177,558.1196504363588,558.1196504363588,558.1196504363588,558.1196504363588
binancecoin,2026-07-04,573.3641876486147,77279502163.02582,571590166.7728373,1369.99,0.0398177,573.3641876486147,573.3641876486147,573.3641876486147,573.3641876486147
binancecoin,2026-07-05,574.7757156537721,77469728581.28255,579393157.3626353,1369.99,0.0398177,574.7757156537721,574.7757156537721,574.7757156537721,574.7757156537721
binancecoin,2026-07-06,589.1826542355047,79411485641.80626,771243171.9948889,1369.99,0.0398177,589.1826542355047,589.1826542355047,589.1826542355047,589.1826542355047
binancecoin,2026-07-07,585.5377551735166,78920175313.78323,781901371.4521284,1369.99,0.0398177,585.5377551735166,585.5377551735166,585.5377551735166,585.5377551735166
binancecoin,2026-07-08,576.6079677024561,77716554243.43585,567565935.0240753,1369.99,0.0398177,576.6079677024561,576.6079677024561,576.6079677024561,576.6079677024561
binancecoin,2026-07-09,568.1933961660617,76582382620.36751,583965755.2454429,1369.99,0.0398177,568.1933961660617,568.1933961660617,568.1933961660617,568.1933961660617
binancecoin,2026-07-10,568.336903396185,76601696822.6001,501876710.9289571,1369.99,0.0398177,568.336903396185,568.336903396185,568.336903396185,568.336903396185
binancecoin,2026-07-11,575.091602394218,77512085406.8321,500652160.2680719,1369.99,0.0398177,575.091602394218,575.091602394218,575.091602394218,575.091602394218
binancecoin,2026-07-12,574.540611804015,77437791544.40038,408352136.6638572,1369.99,0.0398177,574.540611804015,574.540611804015,574.540611804015,574.540611804015
binancecoin,2026-07-13,573.7067971748755,77325384509.99037,469850224.97166246,1369.99,0.0398177,573.7067971748755,573.7067971748755,573.7067971748755,573.7067971748755
binancecoin,2026-07-14,566.8067374879349,76395357646.05295,497238635.89428836,1369.99,0.0398177,566.8067374879349,566.8067374879349,566.8067374879349,566.8067374879349
binancecoin,2026-07-15,581.3477700391322,78355201747.16164,655353571.4606063,1369.99,0.0398177,581.3477700391322,581.3477700391322,581.3477700391322,581.3477700391322
binancecoin,2026-07-16,580.0914809504844,77248524552.69281,647371164.0681708,1369.99,0.0398177,580.0914809504844,580.0914809504844,580.0914809504844,580.0914809504844
binancecoin,2026-07-17,572.113964769213,76186168543.60698,546684745.2207435,1369.99,0.0398177,572.113964769213,572.113964769213,572.113964769213,572.113964769213
binancecoin,2026-07-18,567.758313883116,75606122811.11246,711024408.3762873,1369.99,0.0398177,567.758313883116,567.758313883116,567.758313883116,567.758313883116
binancecoin,2026-07-19,570.3033872677163,75945018450.80635,415784249.1658708,1369.99,0.0398177,570.3033872677163,570.3033872677163,570.3033872677163,570.3033872677163
binancecoin,2026-07-20,570.5283706446356,75974956090.2896,400960800.4891499,1369.99,0.0398177,570.5283706446356,570.5283706446356,570.5283706446356,570.5283706446356
binancecoin,2026-07-21,570.62038864161,75987186581.96228,597070152.9450812,1369.99,0.0398177,570.62038864161,570.62038864161,570.62038864161,570.62038864161
binancecoin,2026-07-22,573.5798653458507,76381265603.30496,608965267.7881643,1369.99,0.0398177,573.5798653458507,573.5798653458507,573.5798653458507,573.5798653458507
binancecoin,2026-07-23,570.7268313014563,76001306200.89668,509693980.7567789,1369.99,0.0398177,570.7268313014563,570.7268313014563,570.7268313014563,570.7268313014563
binancecoin,2026-07-24,566.979485179163,75502260999.46046,466744423.75130564,1369.99,0.0398177,566.979485179163,566.979485179163,566.979485179163,566.979485179163
binancecoin,2026-07-25,564.4208974926823,75161520102.47684,542366515.6860274,1369.99,0.0398177,564.4208974926823,564.4208974926823,564.4208974926823,564.4208974926823
binancecoin,2026-07-26,568.4904389403061,75703423214.1959,374159252.1731424,1369.99,0.0398177,568.4904389403061,568.4904389403061,568.4904389403061,568.4904389403061
binancecoin,2026-07-27,574.7685101524539,76539425599.13585,394350598.88441646,1369.99,0.0398177,574.7685101524539,574.7685101524539,574.7685101524539,574.7685101524539
binancecoin,2026-07-28,565.7349404125574,75336437940.50511,492801583.7270127,1369.99,0.0398177,565.7349404125574,565.7349404125574,565.7349404125574,565.7349404125574
binancecoin,2026-07-29,570.7450174787834,76003579327.56421,527396029.22000146,1369.99,0.0398177,570.7450174787834,570.7450174787834,570.7450174787834,570.7450174787834
binancecoin,2026-07-30,571.3881477127459,76089196160.83435,497000262.6864978,1369.99,0.0398177,571.3881477127459,571.3881477127459,571.3881477127459,571.3881477127459
binancecoin,2026-07-31,591.696782304102,78793550463.08768,821148313.7084645,1369.99,0.0398177,591.696782304102,591.696782304102,591.696782304102,591.696782304102
binancecoin,2026-08-01,586.460926871725,78096243728.62369,706075088.4534281,1369.99,0.0398177,586.460926871725,586.460926871725,586.460926871725,586.460926871725
binancecoin,2026-08-02,574.7197907128979,76532663224.65858,639864889.6838568,1369.99,0.0398177,574.7197907128979,574.7197907128979,574.7197907128979,574.7197907128979
binancecoin,2026-08-03,587.8165386223066,78276628849.27635,486028266.21033466,1369.99,0.0398177,587.8165386223066,587.8165386223066,587.8165386223066,587.8165386223066
binancecoin,2026-08-04,588.7857285137491,78405608250.00664,524439747.4997456,1369.99,0.0398177,588.7857285137491,588.7857285137491,588.7857285137491,588.7857285137491
binancecoin,2026-08-05,592.7340551303326,78931324915.13223,479940119.83536404,1369.99,0.0398177,592.7340551303326,592.7340551303326,592.7340551303326,592.7340551303326
binancecoin,2026-08-06,593.3339657484953,79011149243.78566,750782314.1341459,1369.99,0.0398177,593.3339657484953,593.3339657484953,593.3339657484953,593.3339657484953
binancecoin,2026-08-07,591.7111094655114,78794994881.90898,489740497.14934194,1369.99,0.0398177,591.7111094655114,591.7111094655114,591.7111094655114,591.7111094655114
binancecoin,2026-08-08,592.184743678635,78858021399.17555,544658160.3429927,1369.99,0.0398177,592.184743678635,592.184743678635,592.184743678635,592.184743678635
binancecoin,2026-08-09,600.3274383374521,79942295292.19493,588786606.689316,1369.99,0.0398177,600.3274383374521,600.3274383374521,600.3274383374521,600.3274383374521
binancecoin,2026-08-10,601.8372782085524,80143309715.78165,504582022.9236146,1369.99,0.0398177,601.8372782085524,601.8372782085524,601.8372782085524,601.8372782085524
binancecoin,2026-08-11,598.6196895758089,79714775795.66309,542636856.7991792,1369.99,0.0398177,598.6196895758089,598.6196895758089,598.6196895758089,598.6196895758089
binancecoin,2026-08-12,616.2792086001098,82066338870.56691,765899840.2232938,1369.99,0.0398177,616.2792086001098,616.2792086001098,616.2792086001098,616.2792086001098
binancecoin,2026-08-13,609.7518356234225,81197069157.94038,674215606.4286289,1369.99,0.0398177,609.7518356234225,609.7518356234225,609.7518356234225,609.7518356234225
binancecoin,2026-08-14,610.1020086104093,81243646680.20961,506456662.3495249,1369.99,0.0398177,610.1020086104093,610.1020086104093,610.1020086104093,610.1020086104093
binancecoin,2026-08-15,607.3786579534091,80880950464.85667,447795168.47232664,1369.99,0.0398177,607.3786579534091,607.3786579534091,607.3786579534091,607.3786579534091
binancecoin,2026-08-16,607.2084998624916,80858237011.43767,430014534.59934187,1369.99,0.0398177,607.2084998624916,607.2084998624916,607.2084998624916,607.2084998624916
binancecoin,2026-08-17,602.4629221231862,80226236712.24767,503458061.68467003,1369.99,0.0398177,602.4629221231862,602.4629221231862,602.4629221231862,602.4629221231862
binancecoin,2026-08-18,605.2680900981287,80599713656.30406,536207757.4214448,1369.99,0.0398177,605.2680900981287,605.2680900981287,605.2680900981287,605.2680900981287
binancecoin,2026-08-19,603.5021332341098,80364477290.6195,501246989.42282546,1369.99,0.0398177,603.5021332341098,603.5021332341098,603.5021332341098,603.5021332341098
binancecoin,2026-08-20,627.053410537708,83500579548.04039,1172717665.4946473,1369.99,0.0398177,627.053410537708,627.053410537708,627.053410537708,627.053410537708
binancecoin,2026-08-21,654.5882397830208,87167128808.79243,1516396112.437653,1369.99,0.0398177,654.5882397830208,654.5882397830208,654.5882397830208,654.5882397830208
binancecoin,2026-08-22,686.7913034093192,91455323092.65411,2004370064.8102992,1369.99,0.0398177,686.7913034093192,686.7913034093192,686.7913034093192,686.7913034093192
binancecoin,2026-08-23,695.3707581774437,92597724688.71184,2208689349.8565183,1369.99,0.0398177,695.3707581774437,695.3707581774437,695.3707581774437,695.3707581774437
binancecoin,2026-08-24,702.2079977923269,93508128286.72488,1071629097.7978227,1369.99,0.0398177,702.2079977923269,702.2079977923269,702.2079977923269,702.2079977923269
binancecoin,2026-08-25,704.0935851533615,93759158273.3195,1194308954.1269264,1369.99,0.0398177,704.0935851533615,704.0935851533615,704.0935851533615,704.0935851533615
binancecoin,2026-08-26,694.1699264358065,92437627899.72333,1060275413.3570011,1369.99,0.0398177,694.1699264358065,694.1699264358065,694.1699264358065,694.1699264358065
binancecoin,2026-08-27,707.47963722231,94209926824.00847,904952428.6765887,1369.99,0.0398177,707.47963722231,707.47963722231,707.47963722231,707.47963722231
binancecoin,2026-08-28,712.0503878732537,94818515286.79863,800964460.9141492,1369.99,0.0398177,712.0503878732537,712.0503878732537,712.0503878732537,712.0503878732537
binancecoin,2026-08-29,691.3170654968901,92057558080.44176,899921146.3632262,1369.99,0.0398177,691.3170654968901,691.3170654968901,691.3170654968901,691.3170654968901
binancecoin,2026-08-30,692.5269789000138,92218632138.09683,481564908.23134995,1369.99,0.0398177,692.5269789000138,692.5269789000138,692.5269789000138,692.5269789000138
binancecoin,2026-08-31,684.4778619473124,91146746706.21725,678577290.7021186,1369.99,0.0398177,684.4778619473124,684.4778619473124,684.4778619473124,684.4778619473124
binancecoin,2026-09-01,691.1406186921491,92033925034.51988,704936604.3799348,1369.99,0.0398177,691.1406186921491,691.1406186921491,691.1406186921491,691.1406186921491
binancecoin,2026-09-02,682.6728558958649,90906286027.554,706668272.2307123,1369.99,0.0398177,682.6728558958649,682.6728558958649,682.6728558958649,682.6728558958649
binancecoin,2026-09-03,688.2301302750734,91646261467.71768,781217996.8732293,1369.99,0.0398177,688.2301302750734,688.2301302750734,688.2301302750734,688.2301302750734
binancecoin,2026-09-04,725.0807755091299,96553310523.96552,1179933640.172782,1369.99,0.0398177,725.0807755091299,725.0807755091299,725.0807755091299,725.0807755091299
binancecoin,2026-09-05,721.4302698070193,96067128580.68669,1023080744.1668977,1369.99,0.0398177,721.4302698070193,721.4302698070193,721.4302698070193,721.4302698070193
binancecoin,2026-09-06,766.4092879330625,102056534900.45511,2207896793.22457,1369.99,0.0398177,766.4092879330625,766.4092879330625,766.4092879330625,766.4092879330625
binancecoin,2026-09-07,752.7225340647433,100233889870.06238,1209744765.0621476,1369.99,0.0398177,752.7225340647433,752.7225340647433,752.7225340647433,752.7225340647433
binancecoin,2026-09-08,739.6790807862191,98496890803.06894,868231418.2080315,1369.99,0.0398177,739.6790807862191,739.6790807862191,739.6790807862191,739.6790807862191
binancecoin,2026-09-09,752.1250045522248,100154048380.37332,1235894565.7684674,1369.99,0.0398177,752.1250045522248,752.1250045522248,752.1250045522248,752.1250045522248
binancecoin,2026-09-10,722.659278470706,96230252150.69545,1108085450.475306,1369.99,0.0398177,722.659278470706,722.659278470706,722.659278470706,722.659278470706
binancecoin,2026-09-11,708.4278492036368,94335084774.34198,1060942842.0680331,1369.99,0.0398177,708.4278492036368,708.4278492036368,708.4278492036368,708.4278492036368
binancecoin,2026-09-12,726.5133783587984,96743305886.01733,1128072592.5503893,1369.99,0.0398177,726.5133783587984,726.5133783587984,726.5133783587984,726.5133783587984
binancecoin,2026-09-13,727.3861457483952,96859472504.02072,772515190.8703177,1369.99,0.0398177,727.3861457483952,727.3861457483952,727.3861457483952,727.3861457483952
binancecoin,2026-09-14,716.2705332128485,95379268441.53787,747967696.0960693,1369.99,0.0398177,716.2705332128485,716.2705332128485,716.2705332128485,716.2705332128485
binancecoin,2026-09-15,720.3078906850645,95916806180.87665,1036833141.7584026,1369.99,0.0398177,720.3078906850645,720.3078906850645,720.3078906850645,720.3078906850645
binancecoin,2026-09-16,711.7407947281655,94775924586.81496,958172516.2160071,1369.99,0.0398177,711.7407947281655,711.7407947281655,711.7407947281655,711.7407947281655
binancecoin,2026-09-17,725.3662125514248,96590207902.52304,949269532.0911692,1369.99,0.0398177,725.3662125514248,725.3662125514248,725.3662125514248,725.3662125514248
binancecoin,2026-09-18,737.8070248871743,98246752669.50174,962018448.4926804,1369.99,0.0398177,737.8070248871743,737.8070248871743,737.8070248871743,737.8070248871743
binancecoin,2026-09-19,761.1422907870758,101354002977.53568,1560841674.4248796,1369.99,0.0398177,761.1422907870758,761.1422907870758,761.1422907870758,761.1422907870758
binancecoin,2026-09-20,761.7625351064928,101436534658.43306,878051654.134053,1369.99,0.0398177,761.7625351064928,761.7625351064928,761.7625351064928,761.7625351064928
binancecoin,2026-09-21,772.2240978867138,102829538215.8589,1010777659.8036225,1369.99,0.0398177,772.2240978867138,772.2240978867138,772.2240978867138,772.2240978867138
ripple,2025-09-23,2.853071939900662,170479160095.646,9543914794.514145,3.65,0.00268621,2.853071939900662,2.853071939900662,2.853071939900662,2.853071939900662
ripple,2025-09-24,2.825968325201984,168928590987.6042,5244845158.981611,3.65,0.00268621,2.825968325201984,2.825968325201984,2.825968325201984,2.825968325201984
ripple,2025-09-25,2.9278803930811144,175029225671.47867,5956394149.737228,3.65,0.00268621,2.9278803930811144,2.9278803930811144,2.9278803930811144,2.9278803930811144
ripple,2025-09-26,2.7493115100975554,164190099355.64914,8943272890.022324,3.65,0.00268621,2.7493115100975554,2.7493115100975554,2.7493115100975554,2.7493115100975554
ripple,2025-09-27,2.780990009605818,166629817033.70673,7824092451.469301,3.65,0.00268621,2.780990009605818,2.780990009605818,2.780990009605818,2.780990009605818
ripple,2025-09-28,2.8060952172429454,167965759031.65598,2722267772.8824887,3.65,0.00268621,2.8060952172429454,2.8060952172429454,2.8060952172429454,2.8060952172429454
ripple,2025-09-29,2.8644768800726794,171399631443.80383,3126835969.911351,3.65,0.00268621,2.8644768800726794,2.8644768800726794,2.8644768800726794,2.8644768800726794
ripple,2025-09-30,2.880372514874754,172315395826.50192,4970262829.874745,3.65,0.00268621,2.880372514874754,2.880372514874754,2.880372514874754,2.880372514874754
ripple,2025-10-01,2.8461126408803876,170189095368.76358,4730993769.681826,3.65,0.00268621,2.8461126408803876,2.8461126408803876,2.8461126408803876,2.8461126408803876
ripple,2025-10-02,2.9482580178056854,176432898469.9076,6162610715.415721,3.65,0.00268621,2.9482580178056854,2.9482580178056854,2.9482580178056854,2.9482580178056854
ripple,2025-10-03,3.0389378149764874,181880489288.8359,6871874858.715395,3.65,0.00268621,3.0389378149764874,3.0389378149764874,3.0389378149764874,3.0389378149764874
ripple,2025-10-04,3.0420483759329757,182103135500.44937,6638696983.838011,3.65,0.00268621,3.0420483759329757,3.0420483759329757,3.0420483759329757,3.0420483759329757
ripple,2025-10-05,2.9693592464231773,177802651636.65665,3834271650.95607,3.65,0.00268621,2.9693592464231773,2.9693592464231773,2.9693592464231773,2.9693592464231773
ripple,2025-10-06,2.968622326576146,177736465453.97083,5141987723.643419,3.65,0.00268621,2.968622326576146,2.968622326576146,2.968622326576146,2.968622326576146
ripple,2025-10-07,2.99054810772785,179056434706.33972,6238109831.5561495,3.65,0.00268621,2.99054810772785,2.99054810772785,2.99054810772785,2.99054810772785
ripple,2025-10-08,2.855682119011508,170936013146.18445,7011266413.836482,3.65,0.00268621,2.855682119011508,2.855682119011508,2.855682119011508,2.855682119011508
ripple,2025-10-09,2.879618312662142,172611406399.91275,4460897406.206386,3.65,0.00268621,2.879618312662142,2.879618312662142,2.879618312662142,2.879618312662142
ripple,2025-10-10,2.804023342938806,167941100355.28183,5398945467.646872,3.65,0.00268621,2.804023342938806,2.804023342938806,2.804023342938806,2.804023342938806
ripple,2025-10-11,2.3700592846898307,142068286891.992,14636810185.502373,3.65,0.00268621,2.3700592846898307,2.3700592846898307,2.3700592846898307,2.3700592846898307
ripple,2025-10-12,2.383913598572311,142927163901.36987,10461707176.8344,3.65,0.00268621,2.383913598572311,2.383913598572311,2.383913598572311,2.383913598572311
ripple,2025-10-13,2.529653741025908,151584416247.72528,9605627489.355228,3.65,0.00268621,2.529653741025908,2.529653741025908,2.529653741025908,2.529653741025908
ripple,2025-10-14,2.607292503642952,156068554824.33734,8216035731.020451,3.65,0.00268621,2.607292503642952,2.607292503642952,2.607292503642952,2.607292503642952
ripple,2025-10-15,2.5050811467956984,150132992728.348,7736532791.070083,3.65,0.00268621,2.5050811467956984,2.5050811467956984,2.5050811467956984,2.5050811467956984
ripple,2025-10-16,2.4122709942221987,144464619530.17004,5075842228.756365,3.65,0.00268621,2.4122709942221987,2.4122709942221987,2.4122709942221987,2.4122709942221987
ripple,2025-10-17,2.327078891793293,139315952355.05777,6504919682.981083,3.65,0.00268621,2.327078891793293,2.327078891793293,2.327078891793293,2.327078891793293
ripple,2025-10-18,2.29593334499471,137601099458.43674,7117660299.963518,3.65,0.00268621,2.29593334499471,2.29593334499471,2.29593334499471,2.29593334499471
ripple,2025-10-19,2.3600123732745915,141532509978.13895,2456438259.766671,3.65,0.00268621,2.3600123732745915,2.3600123732745915,2.3600123732745915,2.3600123732745915
ripple,2025-10-20,2.390346018545064,143339781093.46002,2907445876.1748214,3.65,0.00268621,2.390346018545064,2.390346018545064,2.390346018545064,2.390346018545064
ripple,2025-10-21,2.494574251694319,149508593741.93478,4297009053.305667,3.65,0.00268621,2.494574251694319,2.494574251694319,2.494574251694319,2.494574251694319
ripple,2025-10-22,2.423538156244877,145376908631.47583,4728154732.210365,3.65,0.00268621,2.423538156244877,2.423538156244877,2.423538156244877,2.423538156244877
ripple,2025-10-23,2.3637245370123927,141758287004.49744,4190508302.4823174,3.65,0.00268621,2.3637245370123927,2.3637245370123927,2.3637245370123927,2.3637245370123927
ripple,2025-10-24,2.394687892719905,143701004400.49966,2873867431.9522095,3.65,0.00268621,2.394687892719905,2.394687892719905,2.394687892719905,2.394687892719905
ripple,2025-10-25,2.508279461558719,150388374797.727,4013779178.598882,3.65,0.00268621,2.508279461558719,2.508279461558719,2.508279461558719,2.508279461558719
ripple,2025-10-26,2.5952603071088585,155668341777.24484,3485093891.387376,3.65,0.00268621,2.5952603071088585,2.5952603071088585,2.5952603071088585,2.5952603071088585
ripple,2025-10-27,2.645481792092586,158765712260.11554,3354807628.384999,3.65,0.00268621,2.645481792092586,2.645481792092586,2.645481792092586,2.645481792092586
ripple,2025-10-28,2.63389793917658,158132155820.9192,4492563225.956461,3.65,0.00268621,2.63389793917658,2.63389793917658,2.63389793917658,2.63389793917658
ripple,2025-10-29,2.6046449493103596,156504194042.55167,5247817905.614001,3.65,0.00268621,2.6046449493103596,2.6046449493103596,2.6046449493103596,2.6046449493103596
ripple,2025-10-30,2.5501065495933,153168624200.54333,4673902857.028844,3.65,0.00268621,2.5501065495933,2.5501065495933,2.5501065495933,2.5501065495933
ripple,2025-10-31,2.4393602981380744,146357443874.32526,5607419149.612677,3.65,0.00268621,2.4393602981380744,2.4393602981380744,2.4393602981380744,2.4393602981380744
ripple,2025-11-01,2.508414081846672,150761573512.282,4302351237.117264,3.65,0.00268621,2.508414081846672,2.508414081846672,2.508414081846672,2.508414081846672
ripple,2025-11-02,2.5046915174642344,150565099804.24872,1732607595.2727642,3.65,0.00268621,2.5046915174642344,2.5046915174642344,2.5046915174642344,2.5046915174642344
ripple,2025-11-03,2.526622419787482,151965619309.89056,2239790336.9915986,3.65,0.00268621,2.526622419787482,2.526622419787482,2.526622419787482,2.526622419787482
ripple,2025-11-04,2.308473257506325,138723005825.70047,5940376542.141116,3.65,0.00268621,2.308473257506325,2.308473257506325,2.308473257506325,2.308473257506325
ripple,2025-11-05,2.209001299834111,132907757275.07928,9103792897.630655,3.65,0.00268621,2.209001299834111,2.209001299834111,2.209001299834111,2.209001299834111
ripple,2025-11-06,2.3425240690913345,141020515073.66852,6418612472.753551,3.65,0.00268621,2.3425240690913345,2.3425240690913345,2.3425240690913345,2.3425240690913345
ripple,2025-11-07,2.2102812820466795,132852464130.21194,5341197298.647927,3.65,0.00268621,2.2102812820466795,2.2102812820466795,2.2102812820466795,2.2102812820466795
ripple,2025-11-08,2.3182376463728107,139128292502.69086,5604988544.991513,3.65,0.00268621,2.3182376463728107,2.3182376463728107,2.3182376463728107,2.3182376463728107
ripple,2025-11-09,2.284689973838738,137359326003.45598,2918635803.3756623,3.65,0.00268621,2.284689973838738,2.284689973838738,2.284689973838738,2.284689973838738
ripple,2025-11-10,2.360529418634386,142233399043.9623,2967028886.376576,3.65,0.00268621,2.360529418634386,2.360529418634386,2.360529418634386,2.360529418634386
ripple,2025-11-11,2.5257513072290494,151818484223.88318,5952577470.307984,3.65,0.00268621,2.5257513072290494,2.5257513072290494,2.5257513072290494,2.5257513072290494
ripple,2025-11-12,2.390434897446697,143705634329.4373,4116673287.9246264,3.65,0.00268621,2.390434897446697,2.390434897446697,2.390434897446697,2.390434897446697
ripple,2025-11-13,2.385774753235838,143300134339.8013,4427111169.83173,3.65,0.00268621,2.385774753235838,2.385774753235838,2.385774753235838,2.385774753235838
ripple,2025-11-14,2.3190641287297,139502861697.22772,7193111620.737252,3.65,0.00268621,2.3190641287297,2.3190641287297,2.3190641287297,2.3190641287297
ripple,2025-11-15,2.2436294470243503,135207468101.44531,6698400743.135106,3.65,0.00268621,2.2436294470243503,2.2436294470243503,2.2436294470243503,2.2436294470243503
ripple,2025-11-16,2.230062587287974,134488102754.54236,2745098323.373371,3.65,0.00268621,2.230062587287974,2.230062587287974,2.230062587287974,2.230062587287974
ripple,2025-11-17,2.214708197984395,133377895604.30122,4135070068.562383,3.65,0.00268621,2.214708197984395,2.214708197984395,2.214708197984395,2.214708197984395
ripple,2025-11-18,2.1612832681988605,130081429568.48737,5916556143.425073,3.65,0.00268621,2.1612832681988605,2.1612832681988605,2.1612832681988605,2.1612832681988605
ripple,2025-11-19,2.2159606089639188,133272649840.3804,5577985664.788728,3.65,0.00268621,2.2159606089639188,2.2159606089639188,2.2159606089639188,2.2159606089639188
ripple,2025-11-20,2.105858534410783,126737701854.70992,6058458142.89625,3.65,0.00268621,2.105858534410783,2.105858534410783,2.105858534410783,2.105858534410783
ripple,2025-11-21,1.999405032484589,120510104747.32716,6584532975.157985,3.65,0.00268621,1.999405032484589,1.999405032484589,1.999405032484589,1.999405032484589
ripple,2025-11-22,1.94948334534332,117480807246.53104,8774733151.368969,3.65,0.00268621,1.94948334534332,1.94948334534332,1.94948334534332,1.94948334534332
ripple,2025-11-23,1.9493257929882195,117526275477.68062,3014832027.563937,3.65,0.00268621,1.9493257929882195,1.9493257929882195,1.9493257929882195,1.9493257929882195
ripple,2025-11-24,2.046289493333872,123241570305.7347,3998351993.223904,3.65,0.00268621,2.046289493333872,2.046289493333872,2.046289493333872,2.046289493333872
ripple,2025-11-25,2.2260734535986457,134012613868.17644,6589591311.145123,3.65,0.00268621,2.2260734535986457,2.2260734535986457,2.2260734535986457,2.2260734535986457
ripple,2025-11-26,2.199282067196235,132517997042.80836,4889376239.454746,3.65,0.00268621,2.199282067196235,2.199282067196235,2.199282067196235,2.199282067196235
ripple,2025-11-27,2.22342735444749,134189925177.1148,3852895349.638408,3.65,0.00268621,2.22342735444749,2.22342735444749,2.22342735444749,2.22342735444749
ripple,2025-11-28,2.1996671847233507,132755623436.0176,2722497006.710732,3.65,0.00268621,2.1996671847233507,2.1996671847233507,2.1996671847233507,2.1996671847233507
ripple,2025-11-29,2.179993207259447,131544183762.67007,4215928770.841059,3.65,0.00268621,2.179993207259447,2.179993207259447,2.179993207259447,2.179993207259447
ripple,2025-11-30,2.202072017538296,132904309840.30942,2084491630.18597,3.65,0.00268621,2.202072017538296,2.202072017538296,2.202072017538296,2.202072017538296
ripple,2025-12-01,2.1586588689112713,130524475272.91292,1896622801.5789983,3.65,0.00268621,2.1586588689112713,2.1586588689112713,2.1586588689112713,2.1586588689112713
ripple,2025-12-02,2.0286260586600973,122536079415.6595,5159993756.114901,3.65,0.00268621,2.0286260586600973,2.0286260586600973,2.0286260586600973,2.0286260586600973
ripple,2025-12-03,2.154410337736398,130111355382.17744,4357705161.889793,3.65,0.00268621,2.154410337736398,2.154410337736398,2.154410337736398,2.154410337736398
ripple,2025-12-04,2.200460426857361,132855280174.78735,3885267591.327579,3.65,0.00268621,2.200460426857361,2.200460426857361,2.200460426857361,2.200460426857361
ripple,2025-12-05,2.096753373104454,126505157118.26164,3372716992.425401,3.65,0.00268621,2.096753373104454,2.096753373104454,2.096753373104454,2.096753373104454
ripple,2025-12-06,2.0348536720375674,122851900970.94733,3346679754.443583,3.65,0.00268621,2.0348536720375674,2.0348536720375674,2.0348536720375674,2.0348536720375674
ripple,2025-12-07,2.031607257631385,122591172795.53905,1738986379.1235662,3.65,0.00268621,2.031607257631385,2.031607257631385,2.031607257631385,2.031607257631385
ripple,2025-12-08,2.043169455705931,123207973529.90314,2828761084.686963,3.65,0.00268621,2.043169455705931,2.043169455705931,2.043169455705931,2.043169455705931
ripple,2025-12-09,2.07273654045108,125055040408.19872,2888869104.3781557,3.65,0.00268621,2.07273654045108,2.07273654045108,2.07273654045108,2.07273654045108
ripple,2025-12-10,2.107586677837354,127246040852.3641,3559154122.6973443,3.65,0.00268621,2.107586677837354,2.107586677837354,2.107586677837354,2.107586677837354
ripple,2025-12-11,2.0428503536849583,123323969068.73727,3814915541.681408,3.65,0.00268621,2.0428503536849583,2.0428503536849583,2.0428503536849583,2.0428503536849583
ripple,2025-12-12,2.033738646362437,122770830915.80708,3605211557.3595514,3.65,0.00268621,2.033738646362437,2.033738646362437,2.033738646362437,2.033738646362437
ripple,2025-12-13,2.0086522836519483,121200669715.43202,2663690103.4649167,3.65,0.00268621,2.0086522836519483,2.0086522836519483,2.0086522836519483,2.0086522836519483
ripple,2025-12-14,2.023035544355354,122086466005.40088,1561158361.0668137,3.65,0.00268621,2.023035544355354,2.023035544355354,2.023035544355354,2.023035544355354
ripple,2025-12-15,1.9799332393631692,119748821030.29822,1667024108.007986,3.65,0.00268621,1.9799332393631692,1.9799332393631692,1.9799332393631692,1.9799332393631692
ripple,2025-12-16,1.8976753512491444,114753770881.18706,3360585386.128509,3.65,0.00268621,1.8976753512491444,1.8976753512491444,1.8976753512491444,1.8976753512491444
ripple,2025-12-17,1.9285734292750072,116720356340.3364,2951300813.8237443,3.65,0.00268621,1.9285734292750072,1.9285734292750072,1.9285734292750072,1.9285734292750072
ripple,2025-12-18,1.8617050386154732,112613052410.41595,3385459529.1641984,3.65,0.00268621,1.8617050386154732,1.8617050386154732,1.8617050386154732,1.8617050386154732
ripple,2025-12-19,1.807836415390597,109352596488.09824,3683247383.15781,3.65,0.00268621,1.807836415390597,1.807836415390597,1.807836415390597,1.807836415390597
ripple,2025-12-20,1.9075097477744076,115537633182.49638,3842344695.2671328,3.65,0.00268621,1.9075097477744076,1.9075097477744076,1.9075097477744076,1.9075097477744076
ripple,2025-12-21,1.9326054463191744,117034710411.01971,1925372704.686371,3.65,0.00268621,1.9326054463191744,1.9326054463191744,1.9326054463191744,1.9326054463191744
ripple,2025-12-22,1.921837870988929,116422983148.0934,2382324002.768989,3.65,0.00268621,1.921837870988929,1.921837870988929,1.921837870988929,1.921837870988929
ripple,2025-12-23,1.900984053470418,115223556694.30588,2644095257.4220586,3.65,0.00268621,1.900984053470418,1.900984053470418,1.900984053470418,1.900984053470418
ripple,2025-12-24,1.8726823731725215,113468424415.36708,2100689266.237296,3.65,0.00268621,1.8726823731725215,1.8726823731725215,1.8726823731725215,1.8726823731725215
ripple,2025-12-25,1.8614073031242448,112751853193.47812,1856865715.3737023,3.65,0.00268621,1.8614073031242448,1.8614073031242448,1.8614073031242448,1.8614073031242448
ripple,2025-12-26,1.83215129950936,110986602863.90102,1495302043.274589,3.65,0.00268621,1.83215129950936,1.83215129950936,1.83215129950936,1.83215129950936
ripple,2025-12-27,1.8424924442028972,111622768871.87404,2102790305.9407692,3.65,0.00268621,1.8424924442028972,1.8424924442028972,1.8424924442028972,1.8424924442028972
ripple,2025-12-28,1.8729261583846584,113447173533.36038,984231005.2452816,3.65,0.00268621,1.8729261583846584,1.8729261583846584,1.8729261583846584,1.8729261583846584
ripple,2025-12-29,1.8642306664406223,112943603894.92567,980013614.1200165,3.65,0.00268621,1.8642306664406223,1.8642306664406223,1.8642306664406223,1.8642306664406223
ripple,2025-12-30,1.8486201599206935,111917388075.08817,2232072024.8238993,3.65,0.00268621,1.8486201599206935,1.8486201599206935,1.8486201599206935,1.8486201599206935
ripple,2025-12-31,1.8748614021351784,113773989214.96698,1711892885.853258,3.65,0.00268621,1.8748614021351784,1.8748614021351784,1.8748614021351784,1.8748614021351784
ripple,2026-01-01,1.8405299312812542,111676719001.29428,3116615558.6404867,3.65,0.00268621,1.8405299312812542,1.8405299312812542,1.8405299312812542,1.8405299312812542
ripple,2026-01-02,1.8802422167207002,114086317273.26202,1034737436.9155638,3.65,0.00268621,1.8802422167207002,1.8802422167207002,1.8802422167207002,1.8802422167207002
ripple,2026-01-03,2.008929428891526,121894593242.26888,3157287493.089412,3.65,0.00268621,2.008929428891526,2.008929428891526,2.008929428891526,2.008929428891526
ripple,2026-01-04,2.017668118968793,122424825443.12148,1908108527.1198943,3.65,0.00268621,2.017668118968793,2.017668118968793,2.017668118968793,2.017668118968793
ripple,2026-01-05,2.0952690617533083,127133370810.56844,1953947124.9928083,3.65,0.00268621,2.0952690617533083,2.0952690617533083,2.0952690617533083,2.0952690617533083
ripple,2026-01-06,2.3537764079779833,142818664362.9566,5992113979.323487,3.65,0.00268621,2.3537764079779833,2.3537764079779833,2.3537764079779833,2.3537764079779833
ripple,2026-01-07,2.302665904957429,139717463351.86096,4730309335.26894,3.65,0.00268621,2.302665904957429,2.302665904957429,2.302665904957429,2.302665904957429
ripple,2026-01-08,2.1649537840046547,131361588463.1493,3762951943.633923,3.65,0.00268621,2.1649537840046547,2.1649537840046547,2.1649537840046547,2.1649537840046547
ripple,2026-01-09,2.1256948975795935,128979500808.34914,3742421658.6571007,3.65,0.00268621,2.1256948975795935,2.1256948975795935,2.1256948975795935,2.1256948975795935
ripple,2026-01-10,2.099232369107714,127423336688.94632,2995287202.5548153,3.65,0.00268621,2.099232369107714,2.099232369107714,2.099232369107714,2.099232369107714
ripple,2026-01-11,2.0997361524874876,127453916323.75182,1042704016.7474144,3.65,0.00268621,2.0997361524874876,2.0997361524874876,2.0997361524874876,2.0997361524874876
ripple,2026-01-12,2.0772442326828475,126088657521.42798,1559879200.5767515,3.65,0.00268621,2.0772442326828475,2.0772442326828475,2.0772442326828475,2.0772442326828475
ripple,2026-01-13,2.0604534414889404,125069457040.78542,1910447398.335464,3.65,0.00268621,2.0604534414889404,2.0604534414889404,2.0604534414889404,2.0604534414889404
ripple,2026-01-14,2.1691514760656063,131667424212.5552,3870174207.3280487,3.65,0.00268621,2.1691514760656063,2.1691514760656063,2.1691514760656063,2.1691514760656063
ripple,2026-01-15,2.142144757060112,130026219900.49721,3211884817.5192475,3.65,0.00268621,2.142144757060112,2.142144757060112,2.142144757060112,2.142144757060112
ripple,2026-01-16,2.0877664284447053,126725505282.09201,1225119643.715811,3.65,0.00268621,2.0877664284447053,2.0877664284447053,2.0877664284447053,2.0877664284447053
ripple,2026-01-17,2.07410393103093,126083738297.88557,1565763175.4365306,3.65,0.00268621,2.07410393103093,2.07410393103093,2.07410393103093,2.07410393103093
ripple,2026-01-18,2.0618262747123546,125337385724.60191,940805196.7048817,3.65,0.00268621,2.0618262747123546,2.0618262747123546,2.0618262747123546,2.0618262747123546
ripple,2026-01-19,1.9623858048175262,119292449405.42412,1043651252.1898334,3.65,0.00268621,1.9623858048175262,1.9623858048175262,1.9623858048175262,1.9623858048175262
ripple,2026-01-20,1.9906966052723087,121013448773.9419,2796215760.043951,3.65,0.00268621,1.9906966052723087,1.9906966052723087,1.9906966052723087,1.9906966052723087
ripple,2026-01-21,1.897534540776928,115350173571.87047,2913254778.5525484,3.65,0.00268621,1.897534540776928,1.897534540776928,1.897534540776928,1.897534540776928
ripple,2026-01-22,1.9552925197479913,118861252161.64136,4061785322.5423923,3.65,0.00268621,1.9552925197479913,1.9552925197479913,1.9552925197479913,1.9552925197479913
ripple,2026-01-23,1.937447931368259,117776488578.8515,1166560296.5831382,3.65,0.00268621,1.937447931368259,1.937447931368259,1.937447931368259,1.937447931368259
ripple,2026-01-24,1.9285098497451156,117356059877.31383,2228776356.7944016,3.65,0.00268621,1.9285098497451156,1.9285098497451156,1.9285098497451156,1.9285098497451156
ripple,2026-01-25,1.9501554599051494,118673265243.08244,436106982.4924856,3.65,0.00268621,1.9501554599051494,1.9501554599051494,1.9501554599051494,1.9501554599051494
ripple,2026-01-26,1.8428444453335122,112143043033.83171,2642206226.85038,3.65,0.00268621,1.8428444453335122,1.8428444453335122,1.8428444453335122,1.8428444453335122
ripple,2026-01-27,1.9099355322017293,116225752597.78917,2301866391.7784567,3.65,0.00268621,1.9099355322017293,1.9099355322017293,1.9099355322017293,1.9099355322017293
ripple,2026-01-28,1.9256377575635069,117181283781.62389,2067545396.0865743,3.65,0.00268621,1.9256377575635069,1.9256377575635069,1.9256377575635069,1.9256377575635069
ripple,2026-01-29,1.9246498423708593,117121165947.88953,1234705604.8379178,3.65,0.00268621,1.9246498423708593,1.9246498423708593,1.9246498423708593,1.9246498423708593
ripple,2026-01-30,1.8158998046157082,110503374525.0765,3588549798.2611213,3.65,0.00268621,1.8158998046157082,1.8158998046157082,1.8158998046157082,1.8158998046157082
ripple,2026-01-31,1.7422956924566955,106024326313.37498,4483480406.311536,3.65,0.00268621,1.7422956924566955,1.7422956924566955,1.7422956924566955,1.7422956924566955
ripple,2026-02-01,1.6552424823604273,100726857006.73894,5385336817.0118475,3.65,0.00268621,1.6552424823604273,1.6552424823604273,1.6552424823604273,1.6552424823604273
ripple,2026-02-02,1.5996883634199979,97346209244.0811,3123225935.3421855,3.65,0.00268621,1.5996883634199979,1.5996883634199979,1.5996883634199979,1.5996883634199979
ripple,2026-02-03,1.6256767356731507,98927685724.82504,4618282356.542513,3.65,0.00268621,1.6256767356731507,1.6256767356731507,1.6256767356731507,1.6256767356731507
ripple,2026-02-04,1.5829643682651893,96328500064.6154,2889237408.849138,3.65,0.00268621,1.5829643682651893,1.5829643682651893,1.5829643682651893,1.5829643682651893
ripple,2026-02-05,1.517858947387863,92463892156.36337,3185478447.406075,3.65,0.00268621,1.517858947387863,1.517858947387863,1.517858947387863,1.517858947387863
ripple,2026-02-06,1.2133346953655288,73913092263.89143,7576769325.279198,3.65,0.00268621,1.2133346953655288,1.2133346953655288,1.2133346953655288,1.2133346953655288
ripple,2026-02-07,1.461711815305451,89043559605.24483,11050694601.181355,3.65,0.00268621,1.461711815305451,1.461711815305451,1.461711815305451,1.461711815305451
ripple,2026-02-08,1.4284174751103542,87015357784.17664,5073506331.084564,3.65,0.00268621,1.4284174751103542,1.4284174751103542,1.4284174751103542,1.4284174751103542
ripple,2026-02-09,1.4411870773919397,87793247673.27083,2663022626.700061,3.65,0.00268621,1.4411870773919397,1.4411870773919397,1.4411870773919397,1.4411870773919397
ripple,2026-02-10,1.441585913219291,87817543681.13887,3875554667.134261,3.65,0.00268621,1.441585913219291,1.441585913219291,1.441585913219291,1.441585913219291
ripple,2026-02-11,1.4055705614431524,85623585139.51463,2483503024.2695994,3.65,0.00268621,1.4055705614431524,1.4055705614431524,1.4055705614431524,1.4055705614431524
ripple,2026-02-12,1.3841745099158949,84320195121.36244,2778647282.516306,3.65,0.00268621,1.3841745099158949,1.3841745099158949,1.3841745099158949,1.3841745099158949
ripple,2026-02-13,1.3768617985796396,83874724378.82095,2378451649.7555704,3.65,0.00268621,1.3768617985796396,1.3768617985796396,1.3768617985796396,1.3768617985796396
ripple,2026-02-14,1.417330931274759,86339995297.19101,2391263477.007142,3.65,0.00268621,1.417330931274759,1.417330931274759,1.417330931274759,1.417330931274759
ripple,2026-02-15,1.5206965881596475,92636753614.11102,2491625120.1009955,3.65,0.00268621,1.5206965881596475,1.5206965881596475,1.5206965881596475,1.5206965881596475
ripple,2026-02-16,1.4930275577193792,90951230561.32478,4994909280.650372,3.65,0.00268621,1.4930275577193792,1.4930275577193792,1.4930275577193792,1.4930275577193792
ripple,2026-02-17,1.4990382978991095,91317388716.34633,2846460117.1449223,3.65,0.00268621,1.4990382978991095,1.4990382978991095,1.4990382978991095,1.4990382978991095
ripple,2026-02-18,1.4884442449776467,90672027453.6844,2357555988.4021897,3.65,0.00268621,1.4884442449776467,1.4884442449776467,1.4884442449776467,1.4884442449776467
ripple,2026-02-19,1.441114568480857,87788830625.06865,1489183725.751139,3.65,0.00268621,1.441114568480857,1.441114568480857,1.441114568480857,1.441114568480857
ripple,2026-02-20,1.4225004956108944,86798965948.75748,1660204197.0591292,3.65,0.00268621,1.4225004956108944,1.4225004956108944,1.4225004956108944,1.4225004956108944
ripple,2026-02-21,1.4382554246370942,87760309408.59433,2533133162.4299235,3.65,0.00268621,1.4382554246370942,1.4382554246370942,1.4382554246370942,1.4382554246370942
ripple,2026-02-22,1.450119642581838,88484247187.5771,1273770650.0341737,3.65,0.00268621,1.450119642581838,1.450119642581838,1.450119642581838,1.450119642581838
ripple,2026-02-23,1.3640075553007247,83229809558.37975,1498448766.7454028,3.65,0.00268621,1.3640075553007247,1.3640075553007247,1.3640075553007247,1.3640075553007247
ripple,2026-02-24,1.3662311865472427,83365492388.32928,3173671929.4517827,3.65,0.00268621,1.3662311865472427,1.3662311865472427,1.3662311865472427,1.3662311865472427
ripple,2026-02-25,1.3582480421774696,82878372223.20177,2570686947.6948767,3.65,0.00268621,1.3582480421774696,1.3582480421774696,1.3582480421774696,1.3582480421774696
ripple,2026-02-26,1.437975675373357,87743239504.65248,3906766194.5671296,3.65,0.00268621,1.437975675373357,1.437975675373357,1.437975675373357,1.437975675373357
ripple,2026-02-27,1.4126241932906416,86196327966.24689,2137436117.5044777,3.65,0.00268621,1.4126241932906416,1.4126241932906416,1.4126241932906416,1.4126241932906416
ripple,2026-02-28,1.3657781847122676,83435904171.03517,2610274300.4964843,3.65,0.00268621,1.3657781847122676,1.3657781847122676,1.3657781847122676,1.3657781847122676
ripple,2026-03-01,1.388047054085294,84796317795.88492,3205700825.514265,3.65,0.00268621,1.388047054085294,1.388047054085294,1.388047054085294,1.388047054085294
ripple,2026-03-02,1.362270057547874,83221591360.0791,3080090465.670675,3.65,0.00268621,1.362270057547874,1.362270057547874,1.362270057547874,1.362270057547874
ripple,2026-03-03,1.3987662416144493,85451157002.92818,2972082256.5950413,3.65,0.00268621,1.3987662416144493,1.3987662416144493,1.3987662416144493,1.3987662416144493
ripple,2026-03-04,1.3735872886650777,83912965275.36491,1126864605.9796827,3.65,0.00268621,1.3735872886650777,1.3735872886650777,1.3735872886650777,1.3735872886650777
ripple,2026-03-05,1.435767494550255,87711577493.39787,4027927261.4272275,3.65,0.00268621,1.435767494550255,1.435767494550255,1.435767494550255,1.435767494550255
ripple,2026-03-06,1.4095526706873105,86208459501.34096,2475233990.9781027,3.65,0.00268621,1.4095526706873105,1.4095526706873105,1.4095526706873105,1.4095526706873105
ripple,2026-03-07,1.37141424019512,83968721323.69652,2094803904.8417048,3.65,0.00268621,1.37141424019512,1.37141424019512,1.37141424019512,1.37141424019512
ripple,2026-03-08,1.396332311347475,85494400809.28976,458659046.4777184,3.65,0.00268621,1.396332311347475,1.396332311347475,1.396332311347475,1.396332311347475
ripple,2026-03-09,1.35490752108217,82958050691.48358,1344451651.2098658,3.65,0.00268621,1.35490752108217,1.35490752108217,1.35490752108217,1.35490752108217
ripple,2026-03-10,1.3718876229253802,83997705522.19151,2148042006.151797,3.65,0.00268621,1.3718876229253802,1.3718876229253802,1.3718876229253802,1.3718876229253802
ripple,2026-03-11,1.3919277981529767,85224722013.3756,2953474292.581349,3.65,0.00268621,1.3919277981529767,1.3919277981529767,1.3919277981529767,1.3919277981529767
ripple,2026-03-12,1.3847478524585772,84785109501.37007,143400356.36101973,3.65,0.00268621,1.3847478524585772,1.3847478524585772,1.3847478524585772,1.3847478524585772
ripple,2026-03-13,1.3988862713864045,85650774246.64755,1074879764.204134,3.65,0.00268621,1.3988862713864045,1.3988862713864045,1.3988862713864045,1.3988862713864045
ripple,2026-03-14,1.3987968885148327,85645301527.16269,3264932657.4513073,3.65,0.00268621,1.3987968885148327,1.3987968885148327,1.3987968885148327,1.3987968885148327
ripple,2026-03-15,1.425291428571713,87267504786.71115,817713671.0767072,3.65,0.00268621,1.425291428571713,1.425291428571713,1.425291428571713,1.425291428571713
ripple,2026-03-16,1.4582581325650392,89285984615.37514,1710109865.4326134,3.65,0.00268621,1.4582581325650392,1.4582581325650392,1.4582581325650392,1.4582581325650392
ripple,2026-03-17,1.5394605590302872,94257833177.8476,3794681396.7142043,3.65,0.00268621,1.5394605590302872,1.5394605590302872,1.5394605590302872,1.5394605590302872
ripple,2026-03-18,1.5225501906361782,93222447975.07768,4471635614.547484,3.65,0.00268621,1.5225501906361782,1.5225501906361782,1.5225501906361782,1.5225501906361782
ripple,2026-03-19,1.4662524918487003,89775461906.17223,2871675929.974361,3.65,0.00268621,1.4662524918487003,1.4662524918487003,1.4662524918487003,1.4662524918487003
ripple,2026-03-20,1.4557086485948132,89206813117.93756,2276167290.0625157,3.65,0.00268621,1.4557086485948132,1.4557086485948132,1.4557086485948132,1.4557086485948132
ripple,2026-03-21,1.4438593513850513,88572950910.03639,1605645003.1316595,3.65,0.00268621,1.4438593513850513,1.4438593513850513,1.4438593513850513,1.4438593513850513
ripple,2026-03-22,1.4130020572493553,86680023045.50739,1165574545.9425142,3.65,0.00268621,1.4130020572493553,1.4130020572493553,1.4130020572493553,1.4130020572493553
ripple,2026-03-23,1.399010071779641,85821690520.97574,1430394325.9248023,3.65,0.00268621,1.399010071779641,1.399010071779641,1.399010071779641,1.399010071779641
ripple,2026-03-24,1.4376099340574098,88189583005.36719,3346754594.881686,3.65,0.00268621,1.4376099340574098,1.4376099340574098,1.4376099340574098,1.4376099340574098
ripple,2026-03-25,1.4233299309185359,87313582156.80716,2072027489.3792672,3.65,0.00268621,1.4233299309185359,1.4233299309185359,1.4233299309185359,1.4233299309185359
ripple,2026-03-26,1.42323613048032,87307828007.96887,1790785537.8160796,3.65,0.00268621,1.42323613048032,1.42323613048032,1.42323613048032,1.42323613048032
ripple,2026-03-27,1.3681491705216458,83928541379.03073,2338114931.8052416,3.65,0.00268621,1.3681491705216458,1.3681491705216458,1.3681491705216458,1.3681491705216458
ripple,2026-03-28,1.3250991075693428,81287653186.6382,2339885154.570431,3.65,0.00268621,1.3250991075693428,1.3250991075693428,1.3250991075693428,1.3250991075693428
ripple,2026-03-29,1.3342864570168125,81851247314.29578,1172617476.0996406,3.65,0.00268621,1.3342864570168125,1.3342864570168125,1.3342864570168125,1.3342864570168125
ripple,2026-03-30,1.3279211567600602,81460770619.57608,1362521606.467456,3.65,0.00268621,1.3279211567600602,1.3279211567600602,1.3279211567600602,1.3279211567600602
ripple,2026-03-31,1.3228726302337825,81151070861.25055,1797134401.550288,3.65,0.00268621,1.3228726302337825,1.3228726302337825,1.3228726302337825,1.3228726302337825
ripple,2026-04-01,1.3390639434582177,82225933451.11469,1814281536.1850655,3.65,0.00268621,1.3390639434582177,1.3390639434582177,1.3390639434582177,1.3390639434582177
ripple,2026-04-02,1.348434133804052,84515723723.41747,2149137642.11241,3.65,0.00268621,1.348434133804052,1.348434133804052,1.348434133804052,1.348434133804052
ripple,2026-04-03,1.3219171671228065,82853721424.72687,2822934524.886891,3.65,0.00268621,1.3219171671228065,1.3219171671228065,1.3219171671228065,1.3219171671228065
ripple,2026-04-04,1.3194997099489518,82702202609.3122,1686259089.715075,3.65,0.00268621,1.3194997099489518,1.3194997099489518,1.3194997099489518,1.3194997099489518
ripple,2026-04-05,1.3175529895382665,82580188133.20866,1092465170.3690884,3.65,0.00268621,1.3175529895382665,1.3175529895382665,1.3175529895382665,1.3175529895382665
ripple,2026-04-06,1.3374735160923328,83828745757.53911,1772832847.7053504,3.65,0.00268621,1.3374735160923328,1.3374735160923328,1.3374735160923328,1.3374735160923328
ripple,2026-04-07,1.3212073179193704,82809230249.62315,2278171895.599631,3.65,0.00268621,1.3212073179193704,1.3212073179193704,1.3212073179193704,1.3212073179193704
ripple,2026-04-08,1.3819971406029992,86619350247.57309,2730733372.6220455,3.65,0.00268621,1.3819971406029992,1.3819971406029992,1.3819971406029992,1.3819971406029992
ripple,2026-04-09,1.342791869574639,84162083873.43657,2774332881.1842375,3.65,0.00268621,1.342791869574639,1.342791869574639,1.342791869574639,1.342791869574639
ripple,2026-04-10,1.3449506959316484,84297392500.96376,3064142170.4773006,3.65,0.00268621,1.3449506959316484,1.3449506959316484,1.3449506959316484,1.3449506959316484
ripple,2026-04-11,1.3561245684325638,83273550199.08873,1860088372.5588098,3.65,0.00268621,1.3561245684325638,1.3561245684325638,1.3561245684325638,1.3561245684325638
ripple,2026-04-12,1.3550226689539349,83205887475.70483,1468756651.7933085,3.65,0.00268621,1.3550226689539349,1.3550226689539349,1.3550226689539349,1.3550226689539349
ripple,2026-04-13,1.3252607819143487,81378342977.13776,1756668602.8346794,3.65,0.00268621,1.3252607819143487,1.3252607819143487,1.3252607819143487,1.3252607819143487
ripple,2026-04-14,1.375705421959058,84475922921.3558,2664316804.888449,3.65,0.00268621,1.375705421959058,1.375705421959058,1.375705421959058,1.375705421959058
ripple,2026-04-15,1.363623937325541,83734052933.50392,1850808806.547119,3.65,0.00268621,1.363623937325541,1.363623937325541,1.363623937325541,1.363623937325541
ripple,2026-04-16,1.3924365799367313,85731875018.77954,2635443591.5683317,3.65,0.00268621,1.3924365799367313,1.3924365799367313,1.3924365799367313,1.3924365799367313
ripple,2026-04-17,1.4535685190773635,89495748965.76996,4005928684.448365,3.65,0.00268621,1.4535685190773635,1.4535685190773635,1.4535685190773635,1.4535685190773635
ripple,2026-04-18,1.476944178548981,90934980845.46771,4188050167.3745346,3.65,0.00268621,1.476944178548981,1.476944178548981,1.476944178548981,1.476944178548981
ripple,2026-04-19,1.4342426784687692,88305863138.6078,1859713313.8722024,3.65,0.00268621,1.4342426784687692,1.4342426784687692,1.4342426784687692,1.4342426784687692
ripple,2026-04-20,1.3956962596939182,85932572459.20235,2723143653.166121,3.65,0.00268621,1.3956962596939182,1.3956962596939182,1.3956962596939182,1.3956962596939182
ripple,2026-04-21,1.4252047684646112,87749401909.36987,2336665073.279369,3.65,0.00268621,1.4252047684646112,1.4252047684646112,1.4252047684646112,1.4252047684646112
ripple,2026-04-22,1.4337758080346694,88277118075.25417,2266691444.0305786,3.65,0.00268621,1.4337758080346694,1.4337758080346694,1.4337758080346694,1.4337758080346694
ripple,2026-04-23,1.4301743977390085,88055380394.84004,1387139940.4631116,3.65,0.00268621,1.4301743977390085,1.4301743977390085,1.4301743977390085,1.4301743977390085
ripple,2026-04-24,1.4394581994074445,88626981095.22789,1155940720.060029,3.65,0.00268621,1.4394581994074445,1.4394581994074445,1.4394581994074445,1.4394581994074445
ripple,2026-04-25,1.436134425683369,88587869367.14746,542642420.4416522,3.65,0.00268621,1.436134425683369,1.436134425683369,1.436134425683369,1.436134425683369
ripple,2026-04-26,1.426350778891515,87984365678.05606,342124230.6105505,3.65,0.00268621,1.426350778891515,1.426350778891515,1.426350778891515,1.426350778891515
ripple,2026-04-27,1.432179767588003,88343926510.21239,469785147.12955624,3.65,0.00268621,1.432179767588003,1.432179767588003,1.432179767588003,1.432179767588003
ripple,2026-04-28,1.403977352114116,86604262135.37512,816915003.0272021,3.65,0.00268621,1.403977352114116,1.403977352114116,1.403977352114116,1.403977352114116
ripple,2026-04-29,1.3830126883729867,85311058059.48119,512678532.50703317,3.65,0.00268621,1.3830126883729867,1.3830126883729867,1.3830126883729867,1.3830126883729867
ripple,2026-04-30,1.3706147124320556,84546289627.34113,713923119.9774572,3.65,0.00268621,1.3706147124320556,1.3706147124320556,1.3706147124320556,1.3706147124320556
ripple,2026-05-01,1.3686295149928924,84424974958.92839,1024925513.2819873,3.65,0.00268621,1.3686295149928924,1.3686295149928924,1.3686295149928924,1.3686295149928924
ripple,2026-05-02,1.387111151936983,85565029092.72585,481412578.32498676,3.65,0.00268621,1.387111151936983,1.387111151936983,1.387111151936983,1.387111151936983
ripple,2026-05-03,1.3943322006711885,86164466726.48431,397915214.23617184,3.65,0.00268621,1.3943322006711885,1.3943322006711885,1.3943322006711885,1.3943322006711885
ripple,2026-05-04,1.388725666103684,85818004053.55739,375992316.66072345,3.65,0.00268621,1.388725666103684,1.388725666103684,1.388725666103684,1.388725666103684
ripple,2026-05-05,1.3924135298140945,86045900110.04558,1344260316.5067718,3.65,0.00268621,1.3924135298140945,1.3924135298140945,1.3924135298140945,1.3924135298140945
ripple,2026-05-06,1.4135034968103786,87349180460.76776,564795720.9407932,3.65,0.00268621,1.4135034968103786,1.4135034968103786,1.4135034968103786,1.4135034968103786
ripple,2026-05-07,1.4294969503913497,88337515520.55896,743626760.3899237,3.65,0.00268621,1.4294969503913497,1.4294969503913497,1.4294969503913497,1.4294969503913497
ripple,2026-05-08,1.3919587883116804,86017798801.73825,524803607.8065446,3.65,0.00268621,1.3919587883116804,1.3919587883116804,1.3919587883116804,1.3919587883116804
ripple,2026-05-09,1.420641611770628,87790289020.6118,510287113.00225925,3.65,0.00268621,1.420641611770628,1.420641611770628,1.420641611770628,1.420641611770628
ripple,2026-05-10,1.4224308017553566,87900854207.89809,524852535.6878442,3.65,0.00268621,1.4224308017553566,1.4224308017553566,1.4224308017553566,1.4224308017553566
ripple,2026-05-11,1.4733272918435374,91046065173.10915,2672275018.6172695,3.65,0.00268621,1.4733272918435374,1.4733272918435374,1.4733272918435374,1.4733272918435374
ripple,2026-05-12,1.4759911514946882,91210681644.10875,1431186694.1188374,3.65,0.00268621,1.4759911514946882,1.4759911514946882,1.4759911514946882,1.4759911514946882
ripple,2026-05-13,1.4358487937325481,88730035462.33545,1928695514.257027,3.65,0.00268621,1.4358487937325481,1.4358487937325481,1.4358487937325481,1.4358487937325481
ripple,2026-05-14,1.42655925240605,88155976874.18404,1087307772.6756115,3.65,0.00268621,1.42655925240605,1.42655925240605,1.42655925240605,1.42655925240605
ripple,2026-05-15,1.4825648811639263,91616913323.38956,1945865049.8720484,3.65,0.00268621,1.4825648811639263,1.4825648811639263,1.4825648811639263,1.4825648811639263
ripple,2026-05-16,1.4331104702954172,88607852359.7729,1960051949.6576846,3.65,0.00268621,1.4331104702954172,1.4331104702954172,1.4331104702954172,1.4331104702954172
ripple,2026-05-17,1.4131582551338857,87374225942.32097,1312281607.5065439,3.65,0.00268621,1.4131582551338857,1.4131582551338857,1.4131582551338857,1.4131582551338857
ripple,2026-05-18,1.4008124294376394,86610895324.60036,1048158809.8903788,3.65,0.00268621,1.4008124294376394,1.4008124294376394,1.4008124294376394,1.4008124294376394
ripple,2026-05-19,1.389106938376565,85887155986.12178,1879358787.7611547,3.65,0.00268621,1.389106938376565,1.389106938376565,1.389106938376565,1.389106938376565
ripple,2026-05-20,1.358688584281766,84006418189.19281,674103591.1539428,3.65,0.00268621,1.358688584281766,1.358688584281766,1.358688584281766,1.358688584281766
ripple,2026-05-21,1.364914449532441,84391357494.55559,1242861908.1530118,3.65,0.00268621,1.364914449532441,1.364914449532441,1.364914449532441,1.364914449532441
ripple,2026-05-22,1.36936418176817,84666480191.06532,523108758.1824143,3.65,0.00268621,1.36936418176817,1.36936418176817,1.36936418176817,1.36936418176817
ripple,2026-05-23,1.3323718289119872,82418284610.62589,1697716123.7633803,3.65,0.00268621,1.3323718289119872,1.3323718289119872,1.3323718289119872,1.3323718289119872
ripple,2026-05-24,1.354304495326544,83775002535.45695,912675749.776016,3.65,0.00268621,1.354304495326544,1.354304495326544,1.354304495326544,1.354304495326544
ripple,2026-05-25,1.3489759781401205,83445389407.57967,751342231.8140342,3.65,0.00268621,1.3489759781401205,1.3489759781401205,1.3489759781401205,1.3489759781401205
ripple,2026-05-26,1.347040252911395,83325648694.53911,537383626.6113791,3.65,0.00268621,1.347040252911395,1.347040252911395,1.347040252911395,1.347040252911395
ripple,2026-05-27,1.3265991470275145,82061196200.17097,1119055715.3953128,3.65,0.00268621,1.3265991470275145,1.3265991470275145,1.3265991470275145,1.3265991470275145
ripple,2026-05-28,1.3005645361540241,80515754596.5486,603256098.9087565,3.65,0.00268621,1.3005645361540241,1.3005645361540241,1.3005645361540241,1.3005645361540241
ripple,2026-05-29,1.3143541072350677,81460832908.1269,2190748177.889036,3.65,0.00268621,1.3143541072350677,1.3143541072350677,1.3143541072350677,1.3143541072350677
ripple,2026-05-30,1.3289137152633566,82363206013.11552,1931837355.7194223,3.65,0.00268621,1.3289137152633566,1.3289137152633566,1.3289137152633566,1.3289137152633566
ripple,2026-05-31,1.33979269803168,83037461902.47023,1645267808.5690072,3.65,0.00268621,1.33979269803168,1.33979269803168,1.33979269803168,1.33979269803168
ripple,2026-06-01,1.3315091082438855,82524062872.58284,1164295942.8589847,3.65,0.00268621,1.3315091082438855,1.3315091082438855,1.3315091082438855,1.3315091082438855
ripple,2026-06-02,1.295466044055384,80290191488.00375,1831879993.1924312,3.65,0.00268621,1.295466044055384,1.295466044055384,1.295466044055384,1.295466044055384
ripple,2026-06-03,1.2102231710312374,75007022060.6747,2808786547.579418,3.65,0.00268621,1.2102231710312374,1.2102231710312374,1.2102231710312374,1.2102231710312374
ripple,2026-06-04,1.1998719776763807,74365477420.88692,2312768031.2975297,3.65,0.00268621,1.1998719776763807,1.1998719776763807,1.1998719776763807,1.1998719776763807
ripple,2026-06-05,1.1676610643848133,72369114484.1268,3134853920.0251436,3.65,0.00268621,1.1676610643848133,1.1676610643848133,1.1676610643848133,1.1676610643848133
ripple,2026-06-06,1.0972843950512718,68090777202.89725,4157762667.0645604,3.65,0.00268621,1.0972843950512718,1.0972843950512718,1.0972843950512718,1.0972843950512718
ripple,2026-06-07,1.0929747313661586,67823345759.30258,2112505694.7093952,3.65,0.00268621,1.0929747313661586,1.0929747313661586,1.0929747313661586,1.0929747313661586
ripple,2026-06-08,1.1548517514448144,71663056236.51035,2010546066.5698698,3.65,0.00268621,1.1548517514448144,1.1548517514448144,1.1548517514448144,1.1548517514448144
ripple,2026-06-09,1.1677525780115696,72463602850.90843,2103882956.1796708,3.65,0.00268621,1.1677525780115696,1.1677525780115696,1.1677525780115696,1.1677525780115696
ripple,2026-06-10,1.1368684224292722,70547120518.39922,1862270482.1402798,3.65,0.00268621,1.1368684224292722,1.1368684224292722,1.1368684224292722,1.1368684224292722
ripple,2026-06-11,1.096886405735991,68066080413.333725,1909699727.0101113,3.65,0.00268621,1.096886405735991,1.096886405735991,1.096886405735991,1.096886405735991
ripple,2026-06-12,1.1411231049622073,70811140167.02057,1719096680.843338,3.65,0.00268621,1.1411231049622073,1.1411231049622073,1.1411231049622073,1.1411231049622073
ripple,2026-06-13,1.131721918290297,70227759860.14035,1489339884.4178603,3.65,0.00268621,1.131721918290297,1.131721918290297,1.131721918290297,1.131721918290297
ripple,2026-06-14,1.1501945676088534,71374059811.88467,986313094.145977,3.65,0.00268621,1.1501945676088534,1.1501945676088534,1.1501945676088534,1.1501945676088534
ripple,2026-06-15,1.1857724963931864,73581809081.91905,1302997963.6227057,3.65,0.00268621,1.1857724963931864,1.1857724963931864,1.1857724963931864,1.1857724963931864
ripple,2026-06-16,1.2376600592814702,76801634771.74158,3097520362.8626714,3.65,0.00268621,1.2376600592814702,1.2376600592814702,1.2376600592814702,1.2376600592814702
ripple,2026-06-17,1.2164421139531405,75484978493.23227,1799365537.549333,3.65,0.00268621,1.2164421139531405,1.2164421139531405,1.2164421139531405,1.2164421139531405
ripple,2026-06-18,1.1858247656054528,73585052590.4416,1988226360.1335871,3.65,0.00268621,1.1858247656054528,1.1858247656054528,1.1858247656054528,1.1858247656054528
ripple,2026-06-19,1.1457015254597007,71095249019.23973,1902183485.330534,3.65,0.00268621,1.1457015254597007,1.1457015254597007,1.1457015254597007,1.1457015254597007
ripple,2026-06-20,1.1352079033331168,70444078830.82268,1418755822.7524796,3.65,0.00268621,1.1352079033331168,1.1352079033331168,1.1352079033331168,1.1352079033331168
ripple,2026-06-21,1.1491349570468194,71308306842.98557,1019972928.7837105,3.65,0.00268621,1.1491349570468194,1.1491349570468194,1.1491349570468194,1.1491349570468194
ripple,2026-06-22,1.1240573531728624,69752143695.24998,983637216.1864166,3.65,0.00268621,1.1240573531728624,1.1240573531728624,1.1240573531728624,1.1240573531728624
ripple,2026-06-23,1.1278455886946306,69987218487.22565,1484508576.7450202,3.65,0.00268621,1.1278455886946306,1.1278455886946306,1.1278455886946306,1.1278455886946306
ripple,2026-06-24,1.1090597219669764,68821482173.39038,1455232730.4323268,3.65,0.00268621,1.1090597219669764,1.1090597219669764,1.1090597219669764,1.1090597219669764
ripple,2026-06-25,1.072805994012306,66571796928.55414,2113909082.8017957,3.65,0.00268621,1.072805994012306,1.072805994012306,1.072805994012306,1.072805994012306
ripple,2026-06-26,1.0424278885912308,64882284606.32865,2204766060.374263,3.65,0.00268621,1.0424278885912308,1.0424278885912308,1.0424278885912308,1.0424278885912308
ripple,2026-06-27,1.0466477618660692,65144935885.920494,1167448630.4842312,3.65,0.00268621,1.0466477618660692,1.0466477618660692,1.0466477618660692,1.0466477618660692
ripple,2026-06-28,1.0451606232986514,65052374137.682304,352661244.64196867,3.65,0.00268621,1.0451606232986514,1.0451606232986514,1.0451606232986514,1.0451606232986514
ripple,2026-06-29,1.0463154690273346,65124253478.27255,463971922.8435673,3.65,0.00268621,1.0463154690273346,1.0463154690273346,1.0463154690273346,1.0463154690273346
ripple,2026-06-30,1.0547737677266684,65650710751.242455,586001286.0128037,3.65,0.00268621,1.0547737677266684,1.0547737677266684,1.0547737677266684,1.0547737677266684
ripple,2026-07-01,1.0381027722508576,64613082839.54666,1117152886.3904057,3.65,0.00268621,1.0381027722508576,1.0381027722508576,1.0381027722508576,1.0381027722508576
ripple,2026-07-02,1.0508621926009323,65407248413.61253,1433867706.133708,3.65,0.00268621,1.0508621926009323,1.0508621926009323,1.0508621926009323,1.0508621926009323
ripple,2026-07-03,1.0869488576659663,67653336895.00093,1756975101.8633578,3.65,0.00268621,1.0869488576659663,1.0869488576659663,1.0869488576659663,1.0869488576659663
ripple,2026-07-04,1.1341333307169985,70590169689.86604,1710327059.70597,3.65,0.00268621,1.1341333307169985,1.1341333307169985,1.1341333307169985,1.1341333307169985
ripple,2026-07-05,1.15642721313132,71977774568.45467,1785424567.159435,3.65,0.00268621,1.15642721313132,1.15642721313132,1.15642721313132,1.15642721313132
ripple,2026-07-06,1.1564208702117225,71977379775.56868,1270570254.583816,3.65,0.00268621,1.1564208702117225,1.1564208702117225,1.1564208702117225,1.1564208702117225
ripple,2026-07-07,1.1441118072110117,71211245122.42865,1709872551.241296,3.65,0.00268621,1.1441118072110117,1.1441118072110117,1.1441118072110117,1.1441118072110117
ripple,2026-07-08,1.1120051240230528,69463072197.541,1348002962.005787,3.65,0.00268621,1.1120051240230528,1.1120051240230528,1.1120051240230528,1.1120051240230528
ripple,2026-07-09,1.0901740623941096,68099362105.4562,1523820196.186068,3.65,0.00268621,1.0901740623941096,1.0901740623941096,1.0901740623941096,1.0901740623941096
ripple,2026-07-10,1.0927141951064325,68258035314.93663,873960769.6370426,3.65,0.00268621,1.0927141951064325,1.0927141951064325,1.0927141951064325,1.0927141951064325
ripple,2026-07-11,1.104005366846566,68963355336.25288,992775180.4444014,3.65,0.00268621,1.104005366846566,1.104005366846566,1.104005366846566,1.104005366846566
ripple,2026-07-12,1.096197339470673,68475615165.26354,633226329.9235072,3.65,0.00268621,1.096197339470673,1.096197339470673,1.096197339470673,1.096197339470673
ripple,2026-07-13,1.0854933916295033,67806976967.8064,690066150.4337656,3.65,0.00268621,1.0854933916295033,1.0854933916295033,1.0854933916295033,1.0854933916295033
ripple,2026-07-14,1.0664910722139291,66619968511.66785,1119722818.7992048,3.65,0.00268621,1.0664910722139291,1.0664910722139291,1.0664910722139291,1.0664910722139291
ripple,2026-07-15,1.111116761569743,69407579301.06172,1250577906.30019,3.65,0.00268621,1.111116761569743,1.111116761569743,1.111116761569743,1.111116761569743
ripple,2026-07-16,1.1127284157422908,69508253702.39912,1146435196.149918,3.65,0.00268621,1.1127284157422908,1.1127284157422908,1.1127284157422908,1.1127284157422908
ripple,2026-07-17,1.0863798740753594,67862352426.79311,1033182124.7603062,3.65,0.00268621,1.0863798740753594,1.0863798740753594,1.0863798740753594,1.0863798740753594
ripple,2026-07-18,1.0885135568085882,67995636127.149376,1008788777.7315315,3.65,0.00268621,1.0885135568085882,1.0885135568085882,1.0885135568085882,1.0885135568085882
ripple,2026-07-19,1.0922463620697758,68228811420.81992,628234919.0261549,3.65,0.00268621,1.0922463620697758,1.0922463620697758,1.0922463620697758,1.0922463620697758
ripple,2026-07-20,1.0968034898967796,68513479263.1005,661262984.2836158,3.65,0.00268621,1.0968034898967796,1.0968034898967796,1.0968034898967796,1.0968034898967796
ripple,2026-07-21,1.1112396193859457,69415253799.2925,1209500140.076105,3.65,0.00268621,1.1112396193859457,1.1112396193859457,1.1112396193859457,1.1112396193859457
ripple,2026-07-22,1.1424327821391576,71363781615.92427,1460696536.4892385,3.65,0.00268621,1.1424327821391576,1.1424327821391576,1.1424327821391576,1.1424327821391576
ripple,2026-07-23,1.141418837576549,71300444044.14946,1037341494.8986783,3.65,0.00268621,1.141418837576549,1.141418837576549,1.141418837576549,1.141418837576549
ripple,2026-07-24,1.107222681879862,69164329757.694,1014935515.9053533,3.65,0.00268621,1.107222681879862,1.107222681879862,1.107222681879862,1.107222681879862
ripple,2026-07-25,1.0912834733115033,68241526216.58522,1001688218.8470391,3.65,0.00268621,1.0912834733115033,1.0912834733115033,1.0912834733115033,1.0912834733115033
ripple,2026-07-26,1.0973556934181352,68621242007.88385,610399090.2647156,3.65,0.00268621,1.0973556934181352,1.0973556934181352,1.0973556934181352,1.0973556934181352
ripple,2026-07-27,1.1119804109391629,69535773445.89133,597506774.6683857,3.65,0.00268621,1.1119804109391629,1.1119804109391629,1.1119804109391629,1.1119804109391629
ripple,2026-07-28,1.0651155264803904,66605158880.89126,1156616425.6920612,3.65,0.00268621,1.0651155264803904,1.0651155264803904,1.0651155264803904,1.0651155264803904
ripple,2026-07-29,1.0680196954265415,66786766067.40419,1201503586.5613673,3.65,0.00268621,1.0680196954265415,1.0680196954265415,1.0680196954265415,1.0680196954265415
ripple,2026-07-30,1.0726215890261952,67074537531.37931,1317525505.9457545,3.65,0.00268621,1.0726215890261952,1.0726215890261952,1.0726215890261952,1.0726215890261952
ripple,2026-07-31,1.0821017378210545,67667362254.142105,981721241.1761746,3.65,0.00268621,1.0821017378210545,1.0821017378210545,1.0821017378210545,1.0821017378210545
ripple,2026-08-01,1.060602597938289,66322950693.05454,1076036179.213201,3.65,0.00268621,1.060602597938289,1.060602597938289,1.060602597938289,1.060602597938289
ripple,2026-08-02,1.059904049057053,66279268145.89036,582014062.5285059,3.65,0.00268621,1.059904049057053,1.059904049057053,1.059904049057053,1.059904049057053
ripple,2026-08-03,1.0855820463617203,67884997334.602875,812706136.669937,3.65,0.00268621,1.0855820463617203,1.0855820463617203,1.0855820463617203,1.0855820463617203
ripple,2026-08-04,1.0746193498375005,67199464051.493706,1015375745.766194,3.65,0.00268621,1.0746193498375005,1.0746193498375005,1.0746193498375005,1.0746193498375005
ripple,2026-08-05,1.0729984465262679,67098103663.91963,919508794.1132715,3.65,0.00268621,1.0729984465262679,1.0729984465262679,1.0729984465262679,1.0729984465262679
ripple,2026-08-06,1.0612634403442796,66364275330.947754,1015313433.8962331,3.65,0.00268621,1.0612634403442796,1.0612634403442796,1.0612634403442796,1.0612634403442796
ripple,2026-08-07,1.0338663628577867,64651046433.712685,1428219247.068218,3.65,0.00268621,1.0338663628577867,1.0338663628577867,1.0338663628577867,1.0338663628577867
ripple,2026-08-08,1.0205863784917084,63820605559.790565,1562193664.467323,3.65,0.00268621,1.0205863784917084,1.0205863784917084,1.0205863784917084,1.0205863784917084
ripple,2026-08-09,1.0389339261257766,64967937745.699066,741306471.896341,3.65,0.00268621,1.0389339261257766,1.0389339261257766,1.0389339261257766,1.0389339261257766
ripple,2026-08-10,1.0290585227104907,64350396458.265656,628838812.6930692,3.65,0.00268621,1.0290585227104907,1.0290585227104907,1.0290585227104907,1.0290585227104907
ripple,2026-08-11,1.0112911348316656,63239343560.109116,1020475456.1891595,3.65,0.00268621,1.0112911348316656,1.0112911348316656,1.0112911348316656,1.0112911348316656
ripple,2026-08-12,1.0217976248782756,64043147233.178566,1325001635.0299733,3.65,0.00268621,1.0217976248782756,1.0217976248782756,1.0217976248782756,1.0217976248782756
ripple,2026-08-13,1.0045392098190313,62961442608.17304,910494773.9408547,3.65,0.00268621,1.0045392098190313,1.0045392098190313,1.0045392098190313,1.0045392098190313
ripple,2026-08-14,1.0084078498627047,63203917123.55338,833646703.4277709,3.65,0.00268621,1.0084078498627047,1.0084078498627047,1.0084078498627047,1.0084078498627047
ripple,2026-08-15,0.9986457958160457,62592061459.19626,974435976.6481216,3.65,0.00268621,0.9986457958160457,0.9986457958160457,0.9986457958160457,0.9986457958160457
ripple,2026-08-16,1.001843753853044,62792499679.468506,458599167.0229421,3.65,0.00268621,1.001843753853044,1.001843753853044,1.001843753853044,1.001843753853044
ripple,2026-08-17,0.9927072784932938,62219853372.20536,475452897.1349322,3.65,0.00268621,0.9927072784932938,0.9927072784932938,0.9927072784932938,0.9927072784932938
ripple,2026-08-18,1.0024131723623284,62828189088.54473,833509753.6714206,3.65,0.00268621,1.0024131723623284,1.0024131723623284,1.0024131723623284,1.0024131723623284
ripple,2026-08-19,1.0011429230744608,62748573751.62766,777916324.3318717,3.65,0.00268621,1.0011429230744608,1.0011429230744608,1.0011429230744608,1.0011429230744608
ripple,2026-08-20,1.1051485598996633,69267328689.10408,2887273875.3716908,3.65,0.00268621,1.1051485598996633,1.1051485598996633,1.1051485598996633,1.1051485598996633
ripple,2026-08-21,1.2681797698816397,79485625864.85136,6369333637.955181,3.65,0.00268621,1.2681797698816397,1.2681797698816397,1.2681797698816397,1.2681797698816397
ripple,2026-08-22,1.4542994943305336,91249301678.28331,8539102819.971826,3.65,0.00268621,1.4542994943305336,1.4542994943305336,1.4542994943305336,1.4542994943305336
ripple,2026-08-23,1.4637843769045962,91844425938.97223,11336138918.97461,3.65,0.00268621,1.4637843769045962,1.4637843769045962,1.4637843769045962,1.4637843769045962
ripple,2026-08-24,1.52050482788377,95403322550.64264,5320758107.229973,3.65,0.00268621,1.52050482788377,1.52050482788377,1.52050482788377,1.52050482788377
ripple,2026-08-25,1.4804016400422346,92887067886.53874,5800396926.643807,3.65,0.00268621,1.4804016400422346,1.4804016400422346,1.4804016400422346,1.4804016400422346
ripple,2026-08-26,1.434049819401547,89978745851.45009,4082824742.7934737,3.65,0.00268621,1.434049819401547,1.434049819401547,1.434049819401547,1.434049819401547
ripple,2026-08-27,1.422486925574032,89253237803.58641,3766977001.261257,3.65,0.00268621,1.422486925574032,1.422486925574032,1.422486925574032,1.422486925574032
ripple,2026-08-28,1.453606158145044,91205798642.62878,3578007306.0460496,3.65,0.00268621,1.453606158145044,1.453606158145044,1.453606158145044,1.453606158145044
ripple,2026-08-29,1.3834326975271105,86802799602.40523,3012089060.2480206,3.65,0.00268621,1.3834326975271105,1.3834326975271105,1.3834326975271105,1.3834326975271105
ripple,2026-08-30,1.3962919749950886,87609648599.888,1089817502.5224993,3.65,0.00268621,1.3962919749950886,1.3962919749950886,1.3962919749950886,1.3962919749950886
ripple,2026-08-31,1.3579266931353293,85202437986.08998,1779471162.9979696,3.65,0.00268621,1.3579266931353293,1.3579266931353293,1.3579266931353293,1.3579266931353293
ripple,2026-09-01,1.3792804733945896,86542270355.17569,1989020218.1899161,3.65,0.00268621,1.3792804733945896,1.3792804733945896,1.3792804733945896,1.3792804733945896
ripple,2026-09-02,1.3514651765110592,84797013324.9072,2072820889.1030037,3.65,0.00268621,1.3514651765110592,1.3514651765110592,1.3514651765110592,1.3514651765110592
ripple,2026-09-03,1.350370850400152,84728350374.9317,2256669641.448012,3.65,0.00268621,1.350370850400152,1.350370850400152,1.350370850400152,1.350370850400152
ripple,2026-09-04,1.4512912373932785,91060550086.28764,4174584534.70657,3.65,0.00268621,1.4512912373932785,1.4512912373932785,1.4512912373932785,1.4512912373932785
ripple,2026-09-05,1.3986937238549557,87760345142.87921,2974267897.4031177,3.65,0.00268621,1.3986937238549557,1.3986937238549557,1.3986937238549557,1.3986937238549557
ripple,2026-09-06,1.4122708256630054,88612233673.1505,1462719239.6682935,3.65,0.00268621,1.4122708256630054,1.4122708256630054,1.4122708256630054,1.4122708256630054
ripple,2026-09-07,1.4226486567524865,89263385546.29767,1456470169.8882015,3.65,0.00268621,1.4226486567524865,1.4226486567524865,1.4226486567524865,1.4226486567524865
ripple,2026-09-08,1.3960935547617492,87597198820.5945,2072353839.530008,3.65,0.00268621,1.3960935547617492,1.3960935547617492,1.3960935547617492,1.3960935547617492
ripple,2026-09-09,1.4172841566021832,88926792640.58841,2445589456.406519,3.65,0.00268621,1.4172841566021832,1.4172841566021832,1.4172841566021832,1.4172841566021832
ripple,2026-09-10,1.3947406589248457,87512312041.19165,2484083693.1414204,3.65,0.00268621,1.3947406589248457,1.3947406589248457,1.3947406589248457,1.3947406589248457
ripple,2026-09-11,1.3340102087604153,83881507857.35445,2218658274.2132845,3.65,0.00268621,1.3340102087604153,1.3340102087604153,1.3340102087604153,1.3340102087604153
ripple,2026-09-12,1.3557713966363036,85249834156.36595,2777899179.476622,3.65,0.00268621,1.3557713966363036,1.3557713966363036,1.3557713966363036,1.3557713966363036
ripple,2026-09-13,1.3662323076269962,85907607973.76141,991369818.3760031,3.65,0.00268621,1.3662323076269962,1.3662323076269962,1.3662323076269962,1.3662323076269962
ripple,2026-09-14,1.341587719478689,84357975743.94183,1098768626.653035,3.65,0.00268621,1.341587719478689,1.341587719478689,1.341587719478689,1.341587719478689
ripple,2026-09-15,1.4231784835036279,89488338516.8062,4299658994.015737,3.65,0.00268621,1.4231784835036279,1.4231784835036279,1.4231784835036279,1.4231784835036279
ripple,2026-09-16,1.2832801680810546,80691642983.82863,5697321810.370769,3.65,0.00268621,1.2832801680810546,1.2832801680810546,1.2832801680810546,1.2832801680810546
ripple,2026-09-17,1.298304364425906,81636352578.60912,3878131731.9447083,3.65,0.00268621,1.298304364425906,1.298304364425906,1.298304364425906,1.298304364425906
ripple,2026-09-18,1.2954485992654137,81456784321.80305,2324564957.374032,3.65,0.00268621,1.2954485992654137,1.2954485992654137,1.2954485992654137,1.2954485992654137
ripple,2026-09-19,1.3960002270584508,87779391226.45998,4179061752.1439724,3.65,0.00268621,1.3960002270584508,1.3960002270584508,1.3960002270584508,1.3960002270584508
ripple,2026-09-20,1.4099588207580518,88657096568.89412,3359600762.785301,3.65,0.00268621,1.4099588207580518,1.4099588207580518,1.4099588207580518,1.4099588207580518
ripple,2026-09-21,1.4102316069939922,88674249151.86774,2356907010.3523397,3.65,0.00268621,1.4102316069939922,1.4102316069939922,1.4102316069939922,1.4102316069939922
usd-coin,2025-09-23,0.9996882592060168,74131349131.89389,23160842430.87541,1.043,0.877647,0.9996882592060168,0.9996882592060168,0.9996882592060168,0.9996882592060168
usd-coin,2025-09-24,0.9996817002462052,73972243461.23552,17896978161.432014,1.043,0.877647,0.9996817002462052,0.9996817002462052,0.9996817002462052,0.9996817002462052
usd-coin,2025-09-25,0.9997004004603484,74153464532.37256,10528226461.44338,1.043,0.877647,0.9997004004603484,0.9997004004603484,0.9997004004603484,0.9997004004603484
usd-coin,2025-09-26,0.9997042020151954,73967785643.0919,16139796510.64331,1.043,0.877647,0.9997042020151954,0.9997042020151954,0.9997042020151954,0.9997042020151954
usd-coin,2025-09-27,0.9996034887121756,73772781461.3662,15829248916.86826,1.043,0.877647,0.9996034887121756,0.9996034887121756,0.9996034887121756,0.9996034887121756
usd-coin,2025-09-28,0.9996011895483604,73723563950.47528,5381289352.638004,1.043,0.877647,0.9996011895483604,0.9996011895483604,0.9996011895483604,0.9996011895483604
usd-coin,2025-09-29,0.9997014930338856,73668341006.86754,6600216666.463603,1.043,0.877647,0.9997014930338856,0.9997014930338856,0.9997014930338856,0.9997014930338856
usd-coin,2025-09-30,0.9996121239943172,73522647595.57489,9060208015.155949,1.043,0.877647,0.9996121239943172,0.9996121239943172,0.9996121239943172,0.9996121239943172
usd-coin,2025-10-01,0.9997021096073272,73390363833.40398,10104736629.738848,1.043,0.877647,0.9997021096073272,0.9997021096073272,0.9997021096073272,0.9997021096073272
usd-coin,2025-10-02,0.9998063827454,74155645874.23766,12270250080.857428,1.043,0.877647,0.9998063827454,0.9998063827454,0.9998063827454,0.9998063827454
usd-coin,2025-10-03,0.9997200246605245,74303640228.35704,11665764516.857891,1.043,0.877647,0.9997200246605245,0.9997200246605245,0.9997200246605245,0.9997200246605245
usd-coin,2025-10-04,0.9999013722589184,75402866347.13437,13197849506.2697,1.043,0.877647,0.9999013722589184,0.9999013722589184,0.9999013722589184,0.9999013722589184
usd-coin,2025-10-05,0.9998,75340591581.69048,5691746359.570102,1.043,0.877647,0.9998,0.9998,0.9998,0.9998
usd-coin,2025-10-06,0.9997805125113604,75230435825.26009,15970849771.772545,1.043,0.877647,0.9997805125113604,0.9997805125113604,0.9997805125113604,0.9997805125113604
usd-coin,2025-10-07,0.9997326189677496,75491357751.89046,19540137560.076626,1.043,0.877647,0.9997326189677496,0.9997326189677496,0.9997326189677496,0.9997326189677496
usd-coin,2025-10-08,0.9996494904518228,75627180316.5451,23405782398.41512,1.043,0.877647,0.9996494904518228,0.9996494904518228,0.9996494904518228,0.9996494904518228
usd-coin,2025-10-09,0.9997076205375852,75665318341.2458,11091195248.327394,1.043,0.877647,0.9997076205375852,0.9997076205375852,0.9997076205375852,0.9997076205375852
usd-coin,2025-10-10,0.9997306421484576,75574176269.58711,20658848885.733223,1.043,0.877647,0.9997306421484576,0.9997306421484576,0.9997306421484576,0.9997306421484576
usd-coin,2025-10-11,1.000020632997088,75046649211.12883,29388765552.32707,1.043,0.877647,1.000020632997088,1.000020632997088,1.000020632997088,1.000020632997088
usd-coin,2025-10-12,0.9998825663978854,75389507206.18054,26886758141.39141,1.043,0.877647,0.9998825663978854,0.9998825663978854,0.9998825663978854,0.9998825663978854
usd-coin,2025-10-13,0.9999043479882256,75638257076.92598,15917828077.667557,1.043,0.877647,0.9999043479882256,0.9999043479882256,0.9999043479882256,0.9999043479882256
usd-coin,2025-10-14,0.99989947050822,75823849372.26302,15777570203.78479,1.043,0.877647,0.99989947050822,0.99989947050822,0.99989947050822,0.99989947050822
usd-coin,2025-10-15,0.9998712825678936,76219568925.90565,27003075074.18774,1.043,0.877647,0.9998712825678936,0.9998712825678936,0.9998712825678936,0.9998712825678936
usd-coin,2025-10-16,0.9998949716255732,76059599344.95299,13840045863.165377,1.043,0.877647,0.9998949716255732,0.9998949716255732,0.9998949716255732,0.9998949716255732
usd-coin,2025-10-17,0.9998044841135586,75948898981.36755,12839739831.633553,1.043,0.877647,0.9998044841135586,0.9998044841135586,0.9998044841135586,0.9998044841135586
usd-coin,2025-10-18,0.9998082559891376,76029899292.0738,12876127722.087976,1.043,0.877647,0.9998082559891376,0.9998082559891376,0.9998082559891376,0.9998082559891376
usd-coin,2025-10-19,0.9998064331977244,75939642432.97572,5033634712.22915,1.043,0.877647,0.9998064331977244,0.9998064331977244,0.9998064331977244,0.9998064331977244
usd-coin,2025-10-20,0.9998198911440332,75939947879.1123,7107193415.121735,1.043,0.877647,0.9998198911440332,0.9998198911440332,0.9998198911440332,0.9998198911440332
usd-coin,2025-10-21,0.9998034034980532,76249726694.7328,9478493532.366646,1.043,0.877647,0.9998034034980532,0.9998034034980532,0.9998034034980532,0.9998034034980532
usd-coin,2025-10-22,0.9998041468036551,76780640933.1605,16643419862.792677,1.043,0.877647,0.9998041468036551,0.9998041468036551,0.9998041468036551,0.9998041468036551
usd-coin,2025-10-23,0.9998039371638384,76534941503.05649,16016382469.032106,1.043,0.877647,0.9998039371638384,0.9998039371638384,0.9998039371638384,0.9998039371638384
usd-coin,2025-10-24,0.9998600108029138,76493466094.78433,15342511237.404016,1.043,0.877647,0.9998600108029138,0.9998600108029138,0.9998600108029138,0.9998600108029138
usd-coin,2025-10-25,0.999901541088286,76328149285.71512,8292694254.891086,1.043,0.877647,0.999901541088286,0.999901541088286,0.999901541088286,0.999901541088286
usd-coin,2025-10-26,0.9998065092284324,76272052674.60121,4045260739.7747583,1.043,0.877647,0.9998065092284324,0.9998065092284324,0.9998065092284324,0.9998065092284324
usd-coin,2025-10-27,0.999796851160087,76237137278.1361,6217591455.705922,1.043,0.877647,0.999796851160087,0.999796851160087,0.999796851160087,0.999796851160087
usd-coin,2025-10-28,0.9998674895349966,76144224127.71486,16245973545.5567,1.043,0.877647,0.9998674895349966,0.9998674895349966,0.9998674895349966,0.9998674895349966
usd-coin,2025-10-29,0.9998073944444896,76196700395.56046,9804194044.648258,1.043,0.877647,0.9998073944444896,0.9998073944444896,0.9998073944444896,0.9998073944444896
usd-coin,2025-10-30,0.9999011661213224,76298780611.75905,9989064681.054209,1.043,0.877647,0.9999011661213224,0.9999011661213224,0.9999011661213224,0.9999011661213224
usd-coin,2025-10-31,0.9998019867109674,75949992439.89314,11482436413.077547,1.043,0.877647,0.9998019867109674,0.9998019867109674,0.9998019867109674,0.9998019867109674
usd-coin,2025-11-01,0.9997808671107352,75900549258.74368,17838693420.519093,1.043,0.877647,0.9997808671107352,0.9997808671107352,0.9997808671107352,0.9997808671107352
usd-coin,2025-11-02,0.999800298902706,75856080202.71019,7670880597.98983,1.043,0.877647,0.999800298902706,0.999800298902706,0.999800298902706,0.999800298902706
usd-coin,2025-11-03,0.9997000175014188,75805750956.90102,4763603290.634089,1.043,0.877647,0.9997000175014188,0.9997000175014188,0.9997000175014188,0.9997000175014188
usd-coin,2025-11-04,0.9997629507025528,75556199390.10869,20865348793.358185,1.043,0.877647,0.9997629507025528,0.9997629507025528,0.9997629507025528,0.9997629507025528
usd-coin,2025-11-05,0.9997055531732963,75152896533.55537,22291676158.838154,1.043,0.877647,0.9997055531732963,0.9997055531732963,0.9997055531732963,0.9997055531732963
usd-coin,2025-11-06,0.999706358920354,75294966994.91058,11608385518.669333,1.043,0.877647,0.999706358920354,0.999706358920354,0.999706358920354,0.999706358920354
usd-coin,2025-11-07,0.9997039920846004,75446856804.79796,9832227376.533298,1.043,0.877647,0.9997039920846004,0.9997039920846004,0.9997039920846004,0.9997039920846004
usd-coin,2025-11-08,0.9999024627683036,75772740968.53752,10062147124.474327,1.043,0.877647,0.9999024627683036,0.9999024627683036,0.9999024627683036,0.9999024627683036
usd-coin,2025-11-09,0.9998028304055896,75693165353.89905,5702665550.137252,1.043,0.877647,0.9998028304055896,0.9998028304055896,0.9998028304055896,0.9998028304055896
usd-coin,2025-11-10,0.999790266185686,75757535005.92519,9498278574.067823,1.043,0.877647,0.999790266185686,0.999790266185686,0.999790266185686,0.999790266185686
usd-coin,2025-11-11,0.9998027831056596,76152007322.77269,8772071442.50663,1.043,0.877647,0.9998027831056596,0.9998027831056596,0.9998027831056596,0.9998027831056596
usd-coin,2025-11-12,0.9998014470154266,75974736869.47913,7830644323.248725,1.043,0.877647,0.9998014470154266,0.9998014470154266,0.9998014470154266,0.9998014470154266
usd-coin,2025-11-13,0.999772263181763,76059784043.29549,14252203977.24204,1.043,0.877647,0.999772263181763,0.999772263181763,0.999772263181763,0.999772263181763
usd-coin,2025-11-14,0.9997045557398656,75578527002.31732,11731915658.280878,1.043,0.877647,0.9997045557398656,0.9997045557398656,0.9997045557398656,0.9997045557398656
usd-coin,2025-11-15,0.9997354536370396,74995232370.0654,21911515045.177612,1.043,0.877647,0.9997354536370396,0.9997354536370396,0.9997354536370396,0.9997354536370396
usd-coin,2025-11-16,0.999738253377228,74919881932.46141,5834324596.09421,1.043,0.877647,0.999738253377228,0.999738253377228,0.999738253377228,0.999738253377228
usd-coin,2025-11-17,0.9998022550786658,74859726341.19606,6964267620.336143,1.043,0.877647,0.9998022550786658,0.9998022550786658,0.9998022550786658,0.9998022550786658
usd-coin,2025-11-18,0.9997243477632368,74895173766.54628,20276637632.4206,1.043,0.877647,0.9997243477632368,0.9997243477632368,0.9997243477632368,0.9997243477632368
usd-coin,2025-11-19,0.9997091491427444,74880638456.66263,10599680833.915262,1.043,0.877647,0.9997091491427444,0.9997091491427444,0.9997091491427444,0.9997091491427444
usd-coin,2025-11-20,0.9997043976669748,74640832126.17712,11941634046.931376,1.043,0.877647,0.9997043976669748,0.9997043976669748,0.9997043976669748,0.9997043976669748
usd-coin,2025-11-21,0.9997690128346226,73909788280.45352,13206162350.65581,1.043,0.877647,0.9997690128346226,0.9997690128346226,0.9997690128346226,0.9997690128346226
usd-coin,2025-11-22,0.9997108368636496,74040828444.27327,11568264508.889029,1.043,0.877647,0.9997108368636496,0.9997108368636496,0.9997108368636496,0.9997108368636496
usd-coin,2025-11-23,0.9996936711269908,73996454374.20338,7725116838.165482,1.043,0.877647,0.9996936711269908,0.9996936711269908,0.9996936711269908,0.9996936711269908
usd-coin,2025-11-24,0.9997022825490592,74071370220.69597,5389236736.495495,1.043,0.877647,0.9997022825490592,0.9997022825490592,0.9997022825490592,0.9997022825490592
usd-coin,2025-11-25,0.9997045086422048,74503220685.53316,6534080277.874264,1.043,0.877647,0.9997045086422048,0.9997045086422048,0.9997045086422048,0.9997045086422048
usd-coin,2025-11-26,0.9996009049524144,75170582923.86739,6611539667.291829,1.043,0.877647,0.9996009049524144,0.9996009049524144,0.9996009049524144,0.9996009049524144
usd-coin,2025-11-27,0.999715546436169,75749001575.25507,8421547293.920857,1.043,0.877647,0.999715546436169,0.999715546436169,0.999715546436169,0.999715546436169
usd-coin,2025-11-28,0.9997,76024535653.55592,3903316190.072473,1.043,0.877647,0.9997,0.9997,0.9997,0.9997
usd-coin,2025-11-29,0.9997014980993514,76529150887.86797,7058702483.148678,1.043,0.877647,0.9997014980993514,0.9997014980993514,0.9997014980993514,0.9997014980993514
usd-coin,2025-11-30,0.9997032384408098,76553019288.27193,2918449110.1875744,1.043,0.877647,0.9997032384408098,0.9997032384408098,0.9997032384408098,0.9997032384408098
usd-coin,2025-12-01,0.9997514498414172,76596625225.56262,3918437801.477861,1.043,0.877647,0.9997514498414172,0.9997514498414172,0.9997514498414172,0.9997514498414172
usd-coin,2025-12-02,0.9997555789795284,77500806740.60205,12885709843.994411,1.043,0.877647,0.9997555789795284,0.9997555789795284,0.9997555789795284,0.9997555789795284
usd-coin,2025-12-03,0.9998067468607412,77516822510.86353,5791009126.055772,1.043,0.877647,0.9998067468607412,0.9998067468607412,0.9998067468607412,0.9998067468607412
usd-coin,2025-12-04,0.9999008475098202,77812670828.27016,5671950669.369772,1.043,0.877647,0.9999008475098202,0.9999008475098202,0.9999008475098202,0.9999008475098202
usd-coin,2025-12-05,0.9997215070512898,78052796476.67848,9409240596.79104,1.043,0.877647,0.9997215070512898,0.9997215070512898,0.9997215070512898,0.9997215070512898
usd-coin,2025-12-06,0.9998292525286748,78060310053.64487,10546073225.951857,1.043,0.877647,0.9998292525286748,0.9998292525286748,0.9998292525286748,0.9998292525286748
usd-coin,2025-12-07,0.9997138404066396,78126533593.9762,2825932784.828776,1.043,0.877647,0.9997138404066396,0.9997138404066396,0.9997138404066396,0.9997138404066396
usd-coin,2025-12-08,0.9997119153316288,78184502037.2553,3783793798.861072,1.043,0.877647,0.9997119153316288,0.9997119153316288,0.9997119153316288,0.9997119153316288
usd-coin,2025-12-09,0.9998059461975756,78322917630.56197,6404784567.852879,1.043,0.877647,0.9998059461975756,0.9998059461975756,0.9998059461975756,0.9998059461975756
usd-coin,2025-12-10,0.9998793517315576,78456665491.51562,13685372416.256824,1.043,0.877647,0.9998793517315576,0.9998793517315576,0.9998793517315576,0.9998793517315576
usd-coin,2025-12-11,0.9987106715752057,78252147172.77448,14719943706.498983,1.043,0.877647,0.9987106715752057,0.9987106715752057,0.9987106715752057,0.9987106715752057
usd-coin,2025-12-12,0.999826149078939,78266972851.4795,13763490844.627577,1.043,0.877647,0.999826149078939,0.999826149078939,0.999826149078939,0.999826149078939
usd-coin,2025-12-13,0.9998995742106408,78481688114.53639,11065316696.380896,1.043,0.877647,0.9998995742106408,0.9998995742106408,0.9998995742106408,0.9998995742106408
usd-coin,2025-12-14,1.000054816237861,78427822063.7453,4214525135.2235856,1.043,0.877647,1.000054816237861,1.000054816237861,1.000054816237861,1.000054816237861
usd-coin,2025-12-15,1.0000036554119334,78405082140.56392,6387785711.994437,1.043,0.877647,1.0000036554119334,1.0000036554119334,1.0000036554119334,1.0000036554119334
usd-coin,2025-12-16,1.0000151174671563,78445741950.24757,12947365411.202158,1.043,0.877647,1.0000151174671563,1.0000151174671563,1.0000151174671563,1.0000151174671563
usd-coin,2025-12-17,1.0000800395992002,78311819853.68745,11440708831.133593,1.043,0.877647,1.0000800395992002,1.0000800395992002,1.0000800395992002,1.0000800395992002
usd-coin,2025-12-18,1.0000632540065986,78037985006.72809,13315153685.4639,1.043,0.877647,1.0000632540065986,1.0000632540065986,1.0000632540065986,1.0000632540065986
usd-coin,2025-12-19,0.9997861334463124,77328950608.88222,14083660437.899103,1.043,0.877647,0.9997861334463124,0.9997861334463124,0.9997861334463124,0.9997861334463124
usd-coin,2025-12-20,0.99983710762898,77098899689.79321,13391450084.047228,1.043,0.877647,0.99983710762898,0.99983710762898,0.99983710762898,0.99983710762898
usd-coin,2025-12-21,0.999944284928604,77082785524.43701,4000752060.089263,1.043,0.877647,0.999944284928604,0.999944284928604,0.999944284928604,0.999944284928604
usd-coin,2025-12-22,0.9999900096937688,77106500776.47333,5051960424.175747,1.043,0.877647,0.9999900096937688,0.9999900096937688,0.9999900096937688,0.9999900096937688
usd-coin,2025-12-23,0.9998866948363152,77100104084.67818,12353957175.77596,1.043,0.877647,0.9998866948363152,0.9998866948363152,0.9998866948363152,0.9998866948363152
usd-coin,2025-12-24,0.9998106718367477,76918995076.24728,19696399501.540462,1.043,0.877647,0.9998106718367477,0.9998106718367477,0.9998106718367477,0.9998106718367477
usd-coin,2025-12-25,0.9999973498837482,76588401893.38557,8620241456.441038,1.043,0.877647,0.9999973498837482,0.9999973498837482,0.9999973498837482,0.9999973498837482
usd-coin,2025-12-26,0.9996494491564624,76484813280.377,6426170067.056134,1.043,0.877647,0.9996494491564624,0.9996494491564624,0.9996494491564624,0.9996494491564624
usd-coin,2025-12-27,0.9998167796003647,76512503906.37706,9733794353.058523,1.043,0.877647,0.9998167796003647,0.9998167796003647,0.9998167796003647,0.9998167796003647
usd-coin,2025-12-28,1.000237578247314,76472411387.39801,4075664281.939299,1.043,0.877647,1.000237578247314,1.000237578247314,1.000237578247314,1.000237578247314
usd-coin,2025-12-29,1.0000095707618926,76385117362.57683,4679339321.1350565,1.043,0.877647,1.0000095707618926,1.0000095707618926,1.0000095707618926,1.0000095707618926
usd-coin,2025-12-30,0.9997502830457848,76012192301.77966,13680217965.892803,1.043,0.877647,0.9997502830457848,0.9997502830457848,0.9997502830457848,0.9997502830457848
usd-coin,2025-12-31,0.9998368893665356,76009511854.33122,10771826657.4781,1.043,0.877647,0.9998368893665356,0.9998368893665356,0.9998368893665356,0.9998368893665356
usd-coin,2026-01-01,0.9993491227282315,75337165197.27342,9556140562.144846,1.043,0.877647,0.9993491227282315,0.9993491227282315,0.9993491227282315,0.9993491227282315
usd-coin,2026-01-02,0.9997037454595947,75175991439.17204,4336194048.124548,1.043,0.877647,0.9997037454595947,0.9997037454595947,0.9997037454595947,0.9997037454595947
usd-coin,2026-01-03,0.9996745822439911,75339319235.90234,9408479171.129162,1.043,0.877647,0.9996745822439911,0.9996745822439911,0.9996745822439911,0.9996745822439911
usd-coin,2026-01-04,0.9998584037865045,75375215195.4414,3945189992.8482585,1.043,0.877647,0.9998584037865045,0.9998584037865045,0.9998584037865045,0.9998584037865045
usd-coin,2026-01-05,0.9995226878353474,75409791518.53122,4652001037.266702,1.043,0.877647,0.9995226878353474,0.9995226878353474,0.9995226878353474,0.9995226878353474
usd-coin,2026-01-06,0.9998968643730338,75877286731.58539,11783534859.348457,1.043,0.877647,0.9998968643730338,0.9998968643730338,0.9998968643730338,0.9998968643730338
usd-coin,2026-01-07,0.9997790008017502,75747428952.98805,10781868092.015192,1.043,0.877647,0.9997790008017502,0.9997790008017502,0.9997790008017502,0.9997790008017502
usd-coin,2026-01-08,0.9998448226082159,75195350249.0662,9479372866.403074,1.043,0.877647,0.9998448226082159,0.9998448226082159,0.9998448226082159,0.9998448226082159
usd-coin,2026-01-09,0.9998707714983349,74983317215.89085,10243351262.255365,1.043,0.877647,0.9998707714983349,0.9998707714983349,0.9998707714983349,0.9998707714983349
usd-coin,2026-01-10,0.9996214820445918,74753108131.02203,8313832903.800583,1.043,0.877647,0.9996214820445918,0.9996214820445918,0.9996214820445918,0.9996214820445918
usd-coin,2026-01-11,1.0000228508125855,74713774613.13579,3371047782.835434,1.043,0.877647,1.0000228508125855,1.0000228508125855,1.0000228508125855,1.0000228508125855
usd-coin,2026-01-12,0.9994085114623247,74598390644.99107,4062753899.1421022,1.043,0.877647,0.9994085114623247,0.9994085114623247,0.9994085114623247,0.9994085114623247
usd-coin,2026-01-13,0.9995426498764179,74320578871.63246,9777300584.688654,1.043,0.877647,0.9995426498764179,0.9995426498764179,0.9995426498764179,0.9995426498764179
usd-coin,2026-01-14,0.9995844130328463,75007162453.15173,16029966370.02456,1.043,0.877647,0.9995844130328463,0.9995844130328463,0.9995844130328463,0.9995844130328463
usd-coin,2026-01-15,0.9997927855311043,75747121813.58868,16921470285.710848,1.043,0.877647,0.9997927855311043,0.9997927855311043,0.9997927855311043,0.9997927855311043
usd-coin,2026-01-16,0.9997355706389657,75651950611.13062,11093375260.137535,1.043,0.877647,0.9997355706389657,0.9997355706389657,0.9997355706389657,0.9997355706389657
usd-coin,2026-01-17,0.9997680955714987,75998641635.97366,8116717721.856322,1.043,0.877647,0.9997680955714987,0.9997680955714987,0.9997680955714987,0.9997680955714987
usd-coin,2026-01-18,0.9996328371872458,75952114691.67888,2874902841.540269,1.043,0.877647,0.9996328371872458,0.9996328371872458,0.9996328371872458,0.9996328371872458
usd-coin,2026-01-19,0.999608630334358,75938460734.52283,6057509811.761323,1.043,0.877647,0.999608630334358,0.999608630334358,0.999608630334358,0.999608630334358
usd-coin,2026-01-20,0.9997815688144868,75816803047.1612,9462864180.861094,1.043,0.877647,0.9997815688144868,0.9997815688144868,0.9997815688144868,0.9997815688144868
usd-coin,2026-01-21,0.9998703225949915,74923274807.51753,13819050550.28294,1.043,0.877647,0.9998703225949915,0.9998703225949915,0.9998703225949915,0.9998703225949915
usd-coin,2026-01-22,0.9996883935632593,74433517750.11322,11770390132.113546,1.043,0.877647,0.9996883935632593,0.9996883935632593,0.9996883935632593,0.9996883935632593
usd-coin,2026-01-23,0.9996345122882782,73726100995.04271,10470156124.646994,1.043,0.877647,0.9996345122882782,0.9996345122882782,0.9996345122882782,0.9996345122882782
usd-coin,2026-01-24,0.9996674539950945,72873169826.30334,11424366741.28651,1.043,0.877647,0.9996674539950945,0.9996674539950945,0.9996674539950945,0.9996674539950945
usd-coin,2026-01-25,1.0000698335801594,72558832196.70168,5497450030.257664,1.043,0.877647,1.0000698335801594,1.0000698335801594,1.0000698335801594,1.0000698335801594
usd-coin,2026-01-26,1.0006097984573195,72474664200.66963,7313235151.478693,1.043,0.877647,1.0006097984573195,1.0006097984573195,1.0006097984573195,1.0006097984573195
usd-coin,2026-01-27,0.9996693050654559,72069924791.62607,10693758792.485687,1.043,0.877647,0.9996693050654559,0.9996693050654559,0.9996693050654559,0.9996693050654559
usd-coin,2026-01-28,0.9994749430270524,71622477565.63547,21150361589.657784,1.043,0.877647,0.9994749430270524,0.9994749430270524,0.9994749430270524,0.9994749430270524
usd-coin,2026-01-29,0.9991139214235837,71185999183.35487,9743035061.197998,1.043,0.877647,0.9991139214235837,0.9991139214235837,0.9991139214235837,0.9991139214235837
usd-coin,2026-01-30,0.9997020019703808,70293678000.83156,11930004843.116423,1.043,0.877647,0.9997020019703808,0.9997020019703808,0.9997020019703808,0.9997020019703808
usd-coin,2026-01-31,0.9995492910309199,70041730989.74196,14372602838.321783,1.043,0.877647,0.9995492910309199,0.9995492910309199,0.9995492910309199,0.9995492910309199
usd-coin,2026-02-01,0.9993158126585323,70202433887.84106,15042224105.003048,1.043,0.877647,0.9993158126585323,0.9993158126585323,0.9993158126585323,0.9993158126585323
usd-coin,2026-02-02,1.0000126117611612,70355095160.3448,10801132820.147644,1.043,0.877647,1.0000126117611612,1.0000126117611612,1.0000126117611612,1.0000126117611612
usd-coin,2026-02-03,0.9995750848728341,70631000863.605,18370052969.25966,1.043,0.877647,0.9995750848728341,0.9995750848728341,0.9995750848728341,0.9995750848728341
usd-coin,2026-02-04,0.9993740805866026,70781819028.02794,16818770926.841211,1.043,0.877647,0.9993740805866026,0.9993740805866026,0.9993740805866026,0.9993740805866026
usd-coin,2026-02-05,0.9991919996214949,70688503838.03394,17077111931.799892,1.043,0.877647,0.9991919996214949,0.9991919996214949,0.9991919996214949,0.9991919996214949
usd-coin,2026-02-06,0.9991429478147356,70581836207.89578,27532454029.060997,1.043,0.877647,0.9991429478147356,0.9991429478147356,0.9991429478147356,0.9991429478147356
usd-coin,2026-02-07,0.9998482478764145,72481634194.36922,28723694890.330204,1.043,0.877647,0.9998482478764145,0.9998482478764145,0.9998482478764145,0.9998482478764145
usd-coin,2026-02-08,0.9999607103272155,72705778921.17432,13469191412.714754,1.043,0.877647,0.9999607103272155,0.9999607103272155,0.9999607103272155,0.9999607103272155
usd-coin,2026-02-09,1.0000734074990352,72917374758.34097,6716844616.112471,1.043,0.877647,1.0000734074990352,1.0000734074990352,1.0000734074990352,1.0000734074990352
usd-coin,2026-02-10,1.0000736967883295,73035272556.0698,16076918341.676174,1.043,0.877647,1.0000736967883295,1.0000736967883295,1.0000736967883295,1.0000736967883295
usd-coin,2026-02-11,1.0005628539509621,73712812075.53148,15713662758.640297,1.043,0.877647,1.0005628539509621,1.0005628539509621,1.0005628539509621,1.0005628539509621
usd-coin,2026-02-12,1.0004511389769872,73367863164.01576,13662548108.261866,1.043,0.877647,1.0004511389769872,1.0004511389769872,1.0004511389769872,1.0004511389769872
usd-coin,2026-02-13,0.9999736727520292,73178484780.50339,12240318835.68784,1.043,0.877647,0.9999736727520292,0.9999736727520292,0.9999736727520292,0.9999736727520292
usd-coin,2026-02-14,1.000155539733143,73496839807.38992,11639626652.35085,1.043,0.877647,1.000155539733143,1.000155539733143,1.000155539733143,1.000155539733143
usd-coin,2026-02-15,1.0000202625128272,73547402526.62387,5347231810.072279,1.043,0.877647,1.0000202625128272,1.0000202625128272,1.0000202625128272,1.0000202625128272
usd-coin,2026-02-16,1.0004405696241794,73642704028.38809,8596169298.08074,1.043,0.877647,1.0004405696241794,1.0004405696241794,1.0004405696241794,1.0004405696241794
usd-coin,2026-02-17,1.0006812792753894,73734194415.34361,7606202739.248978,1.043,0.877647,1.0006812792753894,1.0006812792753894,1.0006812792753894,1.0006812792753894
usd-coin,2026-02-18,1.0008429806157215,73563066299.37823,8558220198.886456,1.043,0.877647,1.0008429806157215,1.0008429806157215,1.0008429806157215,1.0008429806157215
usd-coin,2026-02-19,1.0006838874571893,73671130421.38542,8738852645.404884,1.043,0.877647,1.0006838874571893,1.0006838874571893,1.0006838874571893,1.0006838874571893
usd-coin,2026-02-20,1.0003640463090242,73879168970.45206,8156234954.406125,1.043,0.877647,1.0003640463090242,1.0003640463090242,1.0003640463090242,1.0003640463090242
usd-coin,2026-02-21,1.0004625798407356,74508080926.61987,10466284172.952316,1.043,0.877647,1.0004625798407356,1.0004625798407356,1.0004625798407356,1.0004625798407356
usd-coin,2026-02-22,1.0015887389309457,74578041590.5968,4220446226.3811436,1.043,0.877647,1.0015887389309457,1.0015887389309457,1.0015887389309457,1.0015887389309457
usd-coin,2026-02-23,1.0022737244723054,74604652427.45341,4318443150.591322,1.043,0.877647,1.0022737244723054,1.0022737244723054,1.0022737244723054,1.0022737244723054
usd-coin,2026-02-24,1.001243692645907,74843867218.7365,9412673397.802637,1.043,0.877647,1.001243692645907,1.001243692645907,1.001243692645907,1.001243692645907
usd-coin,2026-02-25,1.0004280238140872,74975631388.0429,10654391523.597689,1.043,0.877647,1.0004280238140872,1.0004280238140872,1.0004280238140872,1.0004280238140872
usd-coin,2026-02-26,1.000077304353535,75364516602.26546,12474860328.496414,1.043,0.877647,1.000077304353535,1.000077304353535,1.000077304353535,1.000077304353535
usd-coin,2026-02-27,1.0001145751021332,75321358847.22765,10050878981.803055,1.043,0.877647,1.0001145751021332,1.0001145751021332,1.0001145751021332,1.0001145751021332
usd-coin,2026-02-28,1.000290386718646,75248919019.22368,9780870433.332706,1.043,0.877647,1.000290386718646,1.000290386718646,1.000290386718646,1.000290386718646
usd-coin,2026-03-01,1.0002742795368822,75209293220.93507,7781218188.172692,1.043,0.877647,1.0002742795368822,1.0002742795368822,1.0002742795368822,1.0002742795368822
usd-coin,2026-03-02,1.000280743944305,75213805729.16626,7662360053.329334,1.043,0.877647,1.000280743944305,1.000280743944305,1.000280743944305,1.000280743944305
usd-coin,2026-03-03,1.0000235065606002,75939443477.57784,15041993694.445894,1.043,0.877647,1.0000235065606002,1.0000235065606002,1.0000235065606002,1.0000235065606002
usd-coin,2026-03-04,0.9999112801189771,76324043932.2199,11718179349.21587,1.043,0.877647,0.9999112801189771,0.9999112801189771,0.9999112801189771,0.9999112801189771
usd-coin,2026-03-05,0.9999046768055372,77020233074.98882,14873386782.740963,1.043,0.877647,0.9999046768055372,0.9999046768055372,0.9999046768055372,0.9999046768055372
usd-coin,2026-03-06,0.9999096508311912,77161446936.78369,13246302017.325666,1.043,0.877647,0.9999096508311912,0.9999096508311912,0.9999096508311912,0.9999096508311912
usd-coin,2026-03-07,0.9999715521813265,77351131343.80247,10332753430.678293,1.043,0.877647,0.9999715521813265,0.9999715521813265,0.9999715521813265,0.9999715521813265
usd-coin,2026-03-08,0.9996268511598131,77228002898.09102,3785083614.0201516,1.043,0.877647,0.9996268511598131,0.9996268511598131,0.9996268511598131,0.9996268511598131
usd-coin,2026-03-09,0.9999305423953304,77235865149.13464,5919470280.025845,1.043,0.877647,0.9999305423953304,0.9999305423953304,0.9999305423953304,0.9999305423953304
usd-coin,2026-03-10,0.9999066200522646,78198056437.31537,11821674167.386627,1.043,0.877647,0.9999066200522646,0.9999066200522646,0.9999066200522646,0.9999066200522646
usd-coin,2026-03-11,0.9999561190685626,78675082761.90126,12090857003.116297,1.043,0.877647,0.9999561190685626,0.9999561190685626,0.9999561190685626,0.9999561190685626
usd-coin,2026-03-12,1.000106783517678,78816137174.86345,3978016125.122094,1.043,0.877647,1.000106783517678,1.000106783517678,1.000106783517678,1.000106783517678
usd-coin,2026-03-13,0.999866624469845,78823112814.10417,10048743250.920288,1.043,0.877647,0.999866624469845,0.999866624469845,0.999866624469845,0.999866624469845
usd-coin,2026-03-14,0.9999289911427974,79211581864.51581,12564002464.386187,1.043,0.877647,0.9999289911427974,0.9999289911427974,0.9999289911427974,0.9999289911427974
usd-coin,2026-03-15,0.9996818270480657,79163256139.48224,2821435384.6757116,1.043,0.877647,0.9996818270480657,0.9996818270480657,0.9996818270480657,0.9996818270480657
usd-coin,2026-03-16,0.9991483552432546,79084155705.59706,5224641921.587033,1.043,0.877647,0.9991483552432546,0.9991483552432546,0.9991483552432546,0.9991483552432546
usd-coin,2026-03-17,0.999700388290956,79310129015.54251,12746850043.32032,1.043,0.877647,0.999700388290956,0.999700388290956,0.999700388290956,0.999700388290956
usd-coin,2026-03-18,0.9999270268354344,79620261655.14276,10929536856.588268,1.043,0.877647,0.9999270268354344,0.9999270268354344,0.9999270268354344,0.9999270268354344
usd-coin,2026-03-19,0.9997351498570984,79415778798.3812,10231560615.309366,1.043,0.877647,0.9997351498570984,0.9997351498570984,0.9997351498570984,0.9997351498570984
usd-coin,2026-03-20,0.9999659646767278,79245213847.9001,9611677413.009138,1.043,0.877647,0.9999659646767278,0.9999659646767278,0.9999659646767278,0.9999659646767278
usd-coin,2026-03-21,0.9998757734772056,79047996171.20624,7784730134.519748,1.043,0.877647,0.9998757734772056,0.9998757734772056,0.9998757734772056,0.9998757734772056
usd-coin,2026-03-22,1.000206687821825,79043711603.86073,3066069997.128102,1.043,0.877647,1.000206687821825,1.000206687821825,1.000206687821825,1.000206687821825
usd-coin,2026-03-23,0.9997637627650524,78964034012.12512,5663750620.765833,1.043,0.877647,0.9997637627650524,0.9997637627650524,0.9997637627650524,0.9997637627650524
usd-coin,2026-03-24,0.9998216376257885,78643723466.93642,12375390652.829895,1.043,0.877647,0.9998216376257885,0.9998216376257885,0.9998216376257885,0.9998216376257885
usd-coin,2026-03-25,0.9996606189262914,78619624721.6827,10264356643.793465,1.043,0.877647,0.9996606189262914,0.9996606189262914,0.9996606189262914,0.9996606189262914
usd-coin,2026-03-26,0.999617256145613,78639015031.3556,8450109073.554758,1.043,0.877647,0.999617256145613,0.999617256145613,0.999617256145613,0.999617256145613
usd-coin,2026-03-27,0.9996577071049028,78044539811.31339,9725537050.465334,1.043,0.877647,0.9996577071049028,0.9996577071049028,0.9996577071049028,0.9996577071049028
usd-coin,2026-03-28,0.9997418312505005,77761015990.13274,11236331417.196798,1.043,0.877647,0.9997418312505005,0.9997418312505005,0.9997418312505005,0.9997418312505005
usd-coin,2026-03-29,0.9999326578971763,77761337295.03328,4701489844.019519,1.043,0.877647,0.9999326578971763,0.9999326578971763,0.9999326578971763,0.9999326578971763
usd-coin,2026-03-30,0.9998792188807268,77778703856.54816,4591700331.521939,1.043,0.877647,0.9998792188807268,0.9998792188807268,0.9998792188807268,0.9998792188807268
usd-coin,2026-03-31,0.9995675241977772,77423829780.62288,9471280260.22022,1.043,0.877647,0.9995675241977772,0.9995675241977772,0.9995675241977772,0.9995675241977772
usd-coin,2026-04-01,0.9995690236964555,77137815088.52452,10951958216.726898,1.043,0.877647,0.9995690236964555,0.9995690236964555,0.9995690236964555,0.9995690236964555
usd-coin,2026-04-02,0.9998674041752036,77154882201.05464,11055732168.035686,1.043,0.877647,0.9998674041752036,0.9998674041752036,0.9998674041752036,0.9998674041752036
usd-coin,2026-04-03,0.999995455150248,77212220870.71333,9778101546.303047,1.043,0.877647,0.999995455150248,0.999995455150248,0.999995455150248,0.999995455150248
usd-coin,2026-04-04,1.000266255646991,77552862602.05226,4807375447.673642,1.043,0.877647,1.000266255646991,1.000266255646991,1.000266255646991,1.000266255646991
usd-coin,2026-04-05,0.9999810950080008,77507512357.39,3148147383.1972895,1.043,0.877647,0.9999810950080008,0.9999810950080008,0.9999810950080008,0.9999810950080008
usd-coin,2026-04-06,0.9998724949573599,77502800130.31496,3923262290.1018887,1.043,0.877647,0.9998724949573599,0.9998724949573599,0.9998724949573599,0.9998724949573599
usd-coin,2026-04-07,0.9999260360945568,77856958164.9553,10356294307.521795,1.043,0.877647,0.9999260360945568,0.9999260360945568,0.9999260360945568,0.9999260360945568
usd-coin,2026-04-08,0.9998633094204612,77811113630.75188,12175370710.24542,1.043,0.877647,0.9998633094204612,0.9998633094204612,0.9998633094204612,0.9998633094204612
usd-coin,2026-04-09,1.000103200859222,78239326340.75334,11253877438.68039,1.043,0.877647,1.000103200859222,1.000103200859222,1.000103200859222,1.000103200859222
usd-coin,2026-04-10,1.0000540160972187,78374913044.7937,10680531122.356167,1.043,0.877647,1.0000540160972187,1.0000540160972187,1.0000540160972187,1.0000540160972187
usd-coin,2026-04-11,0.9999109681347962,78669825056.13405,7793323803.773764,1.043,0.877647,0.9999109681347962,0.9999109681347962,0.9999109681347962,0.9999109681347962
usd-coin,2026-04-12,0.9999834025584043,78637815938.45143,4343061084.709806,1.043,0.877647,0.9999834025584043,0.9999834025584043,0.9999834025584043,0.9999834025584043
usd-coin,2026-04-13,1.0000315853967736,78590624082.60654,5867305865.446343,1.043,0.877647,1.0000315853967736,1.0000315853967736,1.0000315853967736,1.0000315853967736
usd-coin,2026-04-14,0.9998403680747051,78757267578.64998,13374799004.173903,1.043,0.877647,0.9998403680747051,0.9998403680747051,0.9998403680747051,0.9998403680747051
usd-coin,2026-04-15,0.9998282572394899,78733413679.67696,17842343339.47233,1.043,0.877647,0.9998282572394899,0.9998282572394899,0.9998282572394899,0.9998282572394899
usd-coin,2026-04-16,0.9998456904031748,78578994483.43765,10010511451.025238,1.043,0.877647,0.9998456904031748,0.9998456904031748,0.9998456904031748,0.9998456904031748
usd-coin,2026-04-17,0.99984704174086,78706043840.27798,15749497135.506886,1.043,0.877647,0.99984704174086,0.99984704174086,0.99984704174086,0.99984704174086
usd-coin,2026-04-18,0.9999715654049253,78535704585.28085,18224421301.825092,1.043,0.877647,0.9999715654049253,0.9999715654049253,0.9999715654049253,0.9999715654049253
usd-coin,2026-04-19,0.9998955029109061,78500068669.77408,6862589807.687368,1.043,0.877647,0.9998955029109061,0.9998955029109061,0.9998955029109061,0.9998955029109061
usd-coin,2026-04-20,0.9999731941749629,78263018347.77718,10802313733.141953,1.043,0.877647,0.9999731941749629,0.9999731941749629,0.9999731941749629,0.9999731941749629
usd-coin,2026-04-21,0.99986779865906,78294465470.72217,14615573990.923239,1.043,0.877647,0.99986779865906,0.99986779865906,0.99986779865906,0.99986779865906
usd-coin,2026-04-22,0.9998265992911982,77889243089.97029,14856095761.041422,1.043,0.877647,0.9998265992911982,0.9998265992911982,0.9998265992911982,0.9998265992911982
usd-coin,2026-04-23,0.9998250634977661,78334978650.70334,15356969221.173222,1.043,0.877647,0.9998250634977661,0.9998250634977661,0.9998250634977661,0.9998250634977661
usd-coin,2026-04-24,0.9997879187433891,78050638990.02013,13430203739.045515,1.043,0.877647,0.9997879187433891,0.9997879187433891,0.9997879187433891,0.9997879187433891
usd-coin,2026-04-25,0.9997735340752997,77735314502.44603,9259313616.70645,1.043,0.877647,0.9997735340752997,0.9997735340752997,0.9997735340752997,0.9997735340752997
usd-coin,2026-04-26,0.9998887679272858,77725630174.2936,4286654028.747513,1.043,0.877647,0.9998887679272858,0.9998887679272858,0.9998887679272858,0.9998887679272858
usd-coin,2026-04-27,0.9998716358280382,77730697964.81047,5275265162.470836,1.043,0.877647,0.9998716358280382,0.9998716358280382,0.9998716358280382,0.9998716358280382
usd-coin,2026-04-28,0.9997876955706995,77605971786.5728,11803164254.55782,1.043,0.877647,0.9997876955706995,0.9997876955706995,0.9997876955706995,0.9997876955706995
usd-coin,2026-04-29,0.9997849149635016,77476196650.69089,10188013129.855,1.043,0.877647,0.9997849149635016,0.9997849149635016,0.9997849149635016,0.9997849149635016
usd-coin,2026-04-30,0.9997372757367828,77266339115.72157,12610345219.023932,1.043,0.877647,0.9997372757367828,0.9997372757367828,0.9997372757367828,0.9997372757367828
usd-coin,2026-05-01,0.999645078767337,77140693129.72032,9932236659.925966,1.043,0.877647,0.999645078767337,0.999645078767337,0.999645078767337,0.999645078767337
usd-coin,2026-05-02,0.9997970196727951,77241215577.01762,9409173523.451204,1.043,0.877647,0.9997970196727951,0.9997970196727951,0.9997970196727951,0.9997970196727951
usd-coin,2026-05-03,0.9998902365565114,77221281393.49051,3713766750.2365837,1.043,0.877647,0.9998902365565114,0.9998902365565114,0.9998902365565114,0.9998902365565114
usd-coin,2026-05-04,0.9997994419302714,77249406323.84265,4855386873.9178,1.043,0.877647,0.9997994419302714,0.9997994419302714,0.9997994419302714,0.9997994419302714
usd-coin,2026-05-05,0.9998237649562218,77860865019.3443,15067921640.51932,1.043,0.877647,0.9998237649562218,0.9998237649562218,0.9998237649562218,0.9998237649562218
usd-coin,2026-05-06,0.999853716401482,78079300458.8616,12818442862.762945,1.043,0.877647,0.999853716401482,0.999853716401482,0.999853716401482,0.999853716401482
usd-coin,2026-05-07,0.9997689354507281,78246085534.05794,13360238430.910322,1.043,0.877647,0.9997689354507281,0.9997689354507281,0.9997689354507281,0.9997689354507281
usd-coin,2026-05-08,0.999884716788652,78342510096.4752,11974905424.768612,1.043,0.877647,0.999884716788652,0.999884716788652,0.999884716788652,0.999884716788652
usd-coin,2026-05-09,0.9998501580912235,77932434258.87694,11439878758.690592,1.043,0.877647,0.9998501580912235,0.9998501580912235,0.9998501580912235,0.9998501580912235
usd-coin,2026-05-10,0.9998300392058389,77897386803.52058,5449984014.50613,1.043,0.877647,0.9998300392058389,0.9998300392058389,0.9998300392058389,0.9998300392058389
usd-coin,2026-05-11,0.9998812894113239,77867317778.66078,7709631684.932276,1.043,0.877647,0.9998812894113239,0.9998812894113239,0.9998812894113239,0.9998812894113239
usd-coin,2026-05-12,0.9997888411138788,77478979458.57097,12022838996.639349,1.043,0.877647,0.9997888411138788,0.9997888411138788,0.9997888411138788,0.9997888411138788
usd-coin,2026-05-13,0.9997456411674601,77123349352.99672,14342913327.47079,1.043,0.877647,0.9997456411674601,0.9997456411674601,0.9997456411674601,0.9997456411674601
usd-coin,2026-05-14,0.9996079549035155,76697302878.95486,136460581093.36671,1.043,0.877647,0.9996079549035155,0.9996079549035155,0.9996079549035155,0.9996079549035155
usd-coin,2026-05-15,0.9996495059704271,76594834410.31004,12962408945.506895,1.043,0.877647,0.9996495059704271,0.9996495059704271,0.9996495059704271,0.9996495059704271
usd-coin,2026-05-16,0.9996934521885488,76952303453.30783,12363696903.695051,1.043,0.877647,0.9996934521885488,0.9996934521885488,0.9996934521885488,0.9996934521885488
usd-coin,2026-05-17,0.9997282356945851,76957331709.87592,5171808077.380867,1.043,0.877647,0.9997282356945851,0.9997282356945851,0.9997282356945851,0.9997282356945851
usd-coin,2026-05-18,0.9996779642256713,76924332344.57092,4818837387.038277,1.043,0.877647,0.9996779642256713,0.9996779642256713,0.9996779642256713,0.9996779642256713
usd-coin,2026-05-19,0.9996218596466683,76909582146.8645,13299195607.463621,1.043,0.877647,0.9996218596466683,0.9996218596466683,0.9996218596466683,0.9996218596466683
usd-coin,2026-05-20,0.9995887781374295,76847472387.70496,10077824976.613077,1.043,0.877647,0.9995887781374295,0.9995887781374295,0.9995887781374295,0.9995887781374295
usd-coin,2026-05-21,0.999361582931429,76288712967.67384,11751216771.256697,1.043,0.877647,0.999361582931429,0.999361582931429,0.999361582931429,0.999361582931429
usd-coin,2026-05-22,0.9996856996078267,76952180946.98543,10141738148.080175,1.043,0.877647,0.9996856996078267,0.9996856996078267,0.9996856996078267,0.9996856996078267
usd-coin,2026-05-23,0.9996144534634049,76502963303.0993,11308466789.132933,1.043,0.877647,0.9996144534634049,0.9996144534634049,0.9996144534634049,0.9996144534634049
usd-coin,2026-05-24,0.9993673962306723,76424802542.99469,8066683833.987815,1.043,0.877647,0.9993673962306723,0.9993673962306723,0.9993673962306723,0.9993673962306723
usd-coin,2026-05-25,0.9995375888049639,76386951815.69397,6451167193.703462,1.043,0.877647,0.9995375888049639,0.9995375888049639,0.9995375888049639,0.9995375888049639
usd-coin,2026-05-26,0.9995795659860988,76411736706.81973,8466441696.783392,1.043,0.877647,0.9995795659860988,0.9995795659860988,0.9995795659860988,0.9995795659860988
usd-coin,2026-05-27,0.9994529954759068,76505816250.56255,14893080608.4962,1.043,0.877647,0.9994529954759068,0.9994529954759068,0.9994529954759068,0.9994529954759068
usd-coin,2026-05-28,0.9992877715034162,76297315014.79047,12588157027.296106,1.043,0.877647,0.9992877715034162,0.9992877715034162,0.9992877715034162,0.9992877715034162
usd-coin,2026-05-29,1.0000688601934185,76232036418.72261,12429528617.982267,1.043,0.877647,1.0000688601934185,1.0000688601934185,1.0000688601934185,1.0000688601934185
usd-coin,2026-05-30,1.0000382755917974,76000158504.04683,10267566856.15817,1.043,0.877647,1.0000382755917974,1.0000382755917974,1.0000382755917974,1.0000382755917974
usd-coin,2026-05-31,0.9994771615827539,75838473676.47017,5871888195.678267,1.043,0.877647,0.9994771615827539,0.9994771615827539,0.9994771615827539,0.9994771615827539
usd-coin,2026-06-01,1.0001655549580604,75822135601.42317,5408825260.139009,1.043,0.877647,1.0001655549580604,1.0001655549580604,1.0001655549580604,1.0001655549580604
usd-coin,2026-06-02,1.0000065792130295,75912223186.69719,14312446931.769243,1.043,0.877647,1.0000065792130295,1.0000065792130295,1.0000065792130295,1.0000065792130295
usd-coin,2026-06-03,1.0012345722071105,76042771663.55434,16969110367.641853,1.043,0.877647,1.0012345722071105,1.0012345722071105,1.0012345722071105,1.0012345722071105
usd-coin,2026-06-04,0.9998760686759733,75916054331.06512,15863024292.991169,1.043,0.877647,0.9998760686759733,0.9998760686759733,0.9998760686759733,0.9998760686759733
usd-coin,2026-06-05,1.0024078253029371,75825642197.4626,19814176233.82919,1.043,0.877647,1.0024078253029371,1.0024078253029371,1.0024078253029371,1.0024078253029371
usd-coin,2026-06-06,1.000644702316266,75611648457.73265,21787353577.735245,1.043,0.877647,1.000644702316266,1.000644702316266,1.000644702316266,1.000644702316266
usd-coin,2026-06-07,1.0006033149061166,75447702882.35934,10643022805.754114,1.043,0.877647,1.0006033149061166,1.0006033149061166,1.0006033149061166,1.0006033149061166
usd-coin,2026-06-08,1.0007285230784555,75678967282.3735,9457067261.05898,1.043,0.877647,1.0007285230784555,1.0007285230784555,1.0007285230784555,1.0007285230784555
usd-coin,2026-06-09,0.9998265346831134,75986453790.69221,12181573972.654428,1.043,0.877647,0.9998265346831134,0.9998265346831134,0.9998265346831134,0.9998265346831134
usd-coin,2026-06-10,1.000591876164245,75133122461.81566,11232207086.27334,1.043,0.877647,1.000591876164245,1.000591876164245,1.000591876164245,1.000591876164245
usd-coin,2026-06-11,0.999950310405371,74962858333.85675,10892054496.07646,1.043,0.877647,0.999950310405371,0.999950310405371,0.999950310405371,0.999950310405371
usd-coin,2026-06-12,0.9997454648599381,74816495368.67642,11425986535.489437,1.043,0.877647,0.9997454648599381,0.9997454648599381,0.9997454648599381,0.9997454648599381
usd-coin,2026-06-13,1.0003530269257854,74887542552.1292,11287543981.539436,1.043,0.877647,1.0003530269257854,1.0003530269257854,1.0003530269257854,1.0003530269257854
usd-coin,2026-06-14,0.9998183071626325,74801999046.06749,4932730188.593803,1.043,0.877647,0.9998183071626325,0.9998183071626325,0.9998183071626325,0.9998183071626325
usd-coin,2026-06-15,1.0001990635812623,74816889445.26118,5657630153.136063,1.043,0.877647,1.0001990635812623,1.0001990635812623,1.0001990635812623,1.0001990635812623
usd-coin,2026-06-16,1.0010576435873462,75049561968.27544,12282041965.723087,1.043,0.877647,1.0010576435873462,1.0010576435873462,1.0010576435873462,1.0010576435873462
usd-coin,2026-06-17,1.0010226908974318,75025108464.6182,10365746389.229643,1.043,0.877647,1.0010226908974318,1.0010226908974318,1.0010226908974318,1.0010226908974318
usd-coin,2026-06-18,0.9994593147791342,74691691045.2132,12114627690.702988,1.043,0.877647,0.9994593147791342,0.9994593147791342,0.9994593147791342,0.9994593147791342
usd-coin,2026-06-19,0.9994725122498881,74787273155.91402,11728636241.785702,1.043,0.877647,0.9994725122498881,0.9994725122498881,0.9994725122498881,0.9994725122498881
usd-coin,2026-06-20,0.9993805554404933,74812774919.16556,8556684491.39058,1.043,0.877647,0.9993805554404933,0.9993805554404933,0.9993805554404933,0.9993805554404933
usd-coin,2026-06-21,0.9992795380601642,74804485734.18085,6466037831.640363,1.043,0.877647,0.9992795380601642,0.9992795380601642,0.9992795380601642,0.9992795380601642
usd-coin,2026-06-22,0.9993731225085577,74752827729.96764,5669361611.935266,1.043,0.877647,0.9993731225085577,0.9993731225085577,0.9993731225085577,0.9993731225085577
usd-coin,2026-06-23,0.9995340211135334,74374378863.14621,11406622633.12703,1.043,0.877647,0.9995340211135334,0.9995340211135334,0.9995340211135334,0.9995340211135334
usd-coin,2026-06-24,0.9994040117312657,74056685405.7201,11623502531.545181,1.043,0.877647,0.9994040117312657,0.9994040117312657,0.9994040117312657,0.9994040117312657
usd-coin,2026-06-25,0.9991841463747843,73751984807.4236,15114401850.973686,1.043,0.877647,0.9991841463747843,0.9991841463747843,0.9991841463747843,0.9991841463747843
usd-coin,2026-06-26,0.9992666288022827,73690384487.00162,16642113564.894802,1.043,0.877647,0.9992666288022827,0.9992666288022827,0.9992666288022827,0.9992666288022827
usd-coin,2026-06-27,0.9993900447355414,73730068438.4437,15247982057.090864,1.043,0.877647,0.9993900447355414,0.9993900447355414,0.9993900447355414,0.9993900447355414
usd-coin,2026-06-28,0.9992759196211628,73717455333.68349,5179889197.198327,1.043,0.877647,0.9992759196211628,0.9992759196211628,0.9992759196211628,0.9992759196211628
usd-coin,2026-06-29,0.999107598160456,73697492604.97707,5660431796.621355,1.043,0.877647,0.999107598160456,0.999107598160456,0.999107598160456,0.999107598160456
usd-coin,2026-06-30,0.9993868377445284,73692009569.17111,14733152038.580864,1.043,0.877647,0.9993868377445284,0.9993868377445284,0.9993868377445284,0.9993868377445284
usd-coin,2026-07-01,0.9993737638477656,73451539195.90175,12850374238.308437,1.043,0.877647,0.9993737638477656,0.9993737638477656,0.9993737638477656,0.9993737638477656
usd-coin,2026-07-02,0.9995811652403485,73257719621.02115,12668121861.133678,1.043,0.877647,0.9995811652403485,0.9995811652403485,0.9995811652403485,0.9995811652403485
usd-coin,2026-07-03,0.9994839558367664,73171867207.31088,12059586906.7359,1.043,0.877647,0.9994839558367664,0.9994839558367664,0.9994839558367664,0.9994839558367664
usd-coin,2026-07-04,0.999661747231089,72964679823.10455,8417496139.749194,1.043,0.877647,0.999661747231089,0.999661747231089,0.999661747231089,0.999661747231089
usd-coin,2026-07-05,0.9994905500836321,72920880100.89143,5778771519.789801,1.043,0.877647,0.9994905500836321,0.9994905500836321,0.9994905500836321,0.9994905500836321
usd-coin,2026-07-06,0.9995415403661668,72899737383.89363,5489376203.372782,1.043,0.877647,0.9995415403661668,0.9995415403661668,0.9995415403661668,0.9995415403661668
usd-coin,2026-07-07,0.999779724711884,73139423042.49182,11551549500.9547,1.043,0.877647,0.999779724711884,0.999779724711884,0.999779724711884,0.999779724711884
usd-coin,2026-07-08,0.9998454388412789,73245228434.47502,11366030869.18679,1.043,0.877647,0.9998454388412789,0.9998454388412789,0.9998454388412789,0.9998454388412789
usd-coin,2026-07-09,0.9996456249681155,73182874699.2219,10682663339.302053,1.043,0.877647,0.9996456249681155,0.9996456249681155,0.9996456249681155,0.9996456249681155
usd-coin,2026-07-10,0.9996962389476812,73314391765.71721,10151194650.580233,1.043,0.877647,0.9996962389476812,0.9996962389476812,0.9996962389476812,0.9996962389476812
usd-coin,2026-07-11,0.9998104754182159,73268600245.17906,10500572627.48452,1.043,0.877647,0.9998104754182159,0.9998104754182159,0.9998104754182159,0.9998104754182159
usd-coin,2026-07-12,0.9998487314435272,73334753385.31897,6626881102.432328,1.043,0.877647,0.9998487314435272,0.9998487314435272,0.9998487314435272,0.9998487314435272
usd-coin,2026-07-13,0.9996475015659946,73387685838.09048,5157624797.908935,1.043,0.877647,0.9996475015659946,0.9996475015659946,0.9996475015659946,0.9996475015659946
usd-coin,2026-07-14,0.9996369854929701,72989347558.30032,11717207788.90495,1.043,0.877647,0.9996369854929701,0.9996369854929701,0.9996369854929701,0.9996369854929701
usd-coin,2026-07-15,0.9997473746877992,73076694525.50273,12725574825.408356,1.043,0.877647,0.9997473746877992,0.9997473746877992,0.9997473746877992,0.9997473746877992
usd-coin,2026-07-16,0.9997415379184242,73100725486.4849,10942772987.710602,1.043,0.877647,0.9997415379184242,0.9997415379184242,0.9997415379184242,0.9997415379184242
usd-coin,2026-07-17,0.9998177865410546,73220003018.09991,9807203776.840078,1.043,0.877647,0.9998177865410546,0.9998177865410546,0.9998177865410546,0.9998177865410546
usd-coin,2026-07-18,0.9997968526844353,73279489384.67917,9716838859.940132,1.043,0.877647,0.9997968526844353,0.9997968526844353,0.9997968526844353,0.9997968526844353
usd-coin,2026-07-19,0.9997163834472428,73294218268.19481,3954383036.7253976,1.043,0.877647,0.9997163834472428,0.9997163834472428,0.9997163834472428,0.9997163834472428
usd-coin,2026-07-20,0.999589941122449,73252534229.92648,4646489477.663333,1.043,0.877647,0.999589941122449,0.999589941122449,0.999589941122449,0.999589941122449
usd-coin,2026-07-21,0.9997013423303773,73212001634.46178,11226231417.138996,1.043,0.877647,0.9997013423303773,0.9997013423303773,0.9997013423303773,0.9997013423303773
usd-coin,2026-07-22,0.9995867403867915,73238079989.2932,10871216062.173412,1.043,0.877647,0.9995867403867915,0.9995867403867915,0.9995867403867915,0.9995867403867915
usd-coin,2026-07-23,0.999826834017744,73256980220.28897,10115212886.9049,1.043,0.877647,0.999826834017744,0.999826834017744,0.999826834017744,0.999826834017744
usd-coin,2026-07-24,0.9997651618624797,72990149646.79002,10565030024.015787,1.043,0.877647,0.9997651618624797,0.9997651618624797,0.9997651618624797,0.9997651618624797
usd-coin,2026-07-25,0.9997381600175821,72594577890.08395,12302896531.997374,1.043,0.877647,0.9997381600175821,0.9997381600175821,0.9997381600175821,0.9997381600175821
usd-coin,2026-07-26,0.9997944452694056,72535886753.23627,5742240083.644256,1.043,0.877647,0.9997944452694056,0.9997944452694056,0.9997944452694056,0.9997944452694056
usd-coin,2026-07-27,0.9997395536137409,72561513936.41898,6813737272.120569,1.043,0.877647,0.9997395536137409,0.9997395536137409,0.9997395536137409,0.9997395536137409
usd-coin,2026-07-28,0.9996258755418657,72444611508.82205,12346526463.080004,1.043,0.877647,0.9996258755418657,0.9996258755418657,0.9996258755418657,0.9996258755418657
usd-coin,2026-07-29,0.9997674672402331,72311896474.46315,11773598136.067938,1.043,0.877647,0.9997674672402331,0.9997674672402331,0.9997674672402331,0.9997674672402331
usd-coin,2026-07-30,0.9995468718764358,72090992250.60008,12534761471.390516,1.043,0.877647,0.9995468718764358,0.9995468718764358,0.9995468718764358,0.9995468718764358
usd-coin,2026-07-31,0.9996930314925583,71944392222.87561,10254621588.363161,1.043,0.877647,0.9996930314925583,0.9996930314925583,0.9996930314925583,0.9996930314925583
usd-coin,2026-08-01,0.999636433946722,71918716074.79926,11324525365.205526,1.043,0.877647,0.999636433946722,0.999636433946722,0.999636433946722,0.999636433946722
usd-coin,2026-08-02,0.9995668840528622,71957529944.68068,4347954588.544026,1.043,0.877647,0.9995668840528622,0.9995668840528622,0.9995668840528622,0.9995668840528622
usd-coin,2026-08-03,0.9994711164253085,71924645170.1802,5209759223.401023,1.043,0.877647,0.9994711164253085,0.9994711164253085,0.9994711164253085,0.9994711164253085
usd-coin,2026-08-04,0.9995552974292757,72085804914.2356,10412630537.949,1.043,0.877647,0.9995552974292757,0.9995552974292757,0.9995552974292757,0.9995552974292757
usd-coin,2026-08-05,0.9997332444119903,72174103313.64581,10363210426.491957,1.043,0.877647,0.9997332444119903,0.9997332444119903,0.9997332444119903,0.9997332444119903
usd-coin,2026-08-06,0.9995866875996001,71728760059.536,10548907963.826012,1.043,0.877647,0.9995866875996001,0.9995866875996001,0.9995866875996001,0.9995866875996001
usd-coin,2026-08-07,0.9996289235940911,71900689582.13223,8294848042.440183,1.043,0.877647,0.9996289235940911,0.9996289235940911,0.9996289235940911,0.9996289235940911
usd-coin,2026-08-08,0.999695704909313,72127253961.60252,9168767559.11074,1.043,0.877647,0.999695704909313,0.999695704909313,0.999695704909313,0.999695704909313
usd-coin,2026-08-09,0.9996704361302109,72152862575.2104,4074002790.845739,1.043,0.877647,0.9996704361302109,0.9996704361302109,0.9996704361302109,0.9996704361302109
usd-coin,2026-08-10,0.999645566426004,72174929048.02403,4756203275.939809,1.043,0.877647,0.999645566426004,0.999645566426004,0.999645566426004,0.999645566426004
usd-coin,2026-08-11,0.9996511310136054,72231795398.6715,8696169029.864643,1.043,0.877647,0.9996511310136054,0.9996511310136054,0.9996511310136054,0.9996511310136054
usd-coin,2026-08-12,0.999623192295781,72136441601.04942,8214918277.88866,1.043,0.877647,0.999623192295781,0.999623192295781,0.999623192295781,0.999623192295781
usd-coin,2026-08-13,0.9995460715282676,72018588892.5412,9493764170.163013,1.043,0.877647,0.9995460715282676,0.9995460715282676,0.9995460715282676,0.9995460715282676
usd-coin,2026-08-14,0.9995678855081391,71945321261.72159,7719083449.8336735,1.043,0.877647,0.9995678855081391,0.9995678855081391,0.9995678855081391,0.9995678855081391
usd-coin,2026-08-15,0.9996340855748789,71881258576.96391,7966544531.718106,1.043,0.877647,0.9996340855748789,0.9996340855748789,0.9996340855748789,0.9996340855748789
usd-coin,2026-08-16,0.9996426935914908,71863730924.27634,3129552276.7266097,1.043,0.877647,0.9996426935914908,0.9996426935914908,0.9996426935914908,0.9996426935914908
usd-coin,2026-08-17,0.9995459961565331,71813298246.90097,3040541335.6899643,1.043,0.877647,0.9995459961565331,0.9995459961565331,0.9995459961565331,0.9995459961565331
usd-coin,2026-08-18,0.999668761453898,71859590686.97253,9169820012.26455,1.043,0.877647,0.999668761453898,0.999668761453898,0.999668761453898,0.999668761453898
usd-coin,2026-08-19,0.9997577482549376,71839087072.00536,7875563627.033034,1.043,0.877647,0.9997577482549376,0.9997577482549376,0.9997577482549376,0.9997577482549376
usd-coin,2026-08-20,0.9996762492811277,72311528767.95805,20964633122.53175,1.043,0.877647,0.9996762492811277,0.9996762492811277,0.9996762492811277,0.9996762492811277
usd-coin,2026-08-21,0.9997937899887906,72784580790.30608,22274955154.315132,1.043,0.877647,0.9997937899887906,0.9997937899887906,0.9997937899887906,0.9997937899887906
usd-coin,2026-08-22,0.9999159320927331,73447690841.9725,29978816650.518406,1.043,0.877647,0.9999159320927331,0.9999159320927331,0.9999159320927331,0.9999159320927331
usd-coin,2026-08-23,0.9998812916357867,73506675328.58556,19559782084.86358,1.043,0.877647,0.9998812916357867,0.9998812916357867,0.9998812916357867,0.9998812916357867
usd-coin,2026-08-24,0.9998970253481962,73561581905.51375,13847503287.959185,1.043,0.877647,0.9998970253481962,0.9998970253481962,0.9998970253481962,0.9998970253481962
usd-coin,2026-08-25,0.9999189708841733,73629547868.30847,22951326195.622093,1.043,0.877647,0.9999189708841733,0.9999189708841733,0.9999189708841733,0.9999189708841733
usd-coin,2026-08-26,0.999866382353157,73558309317.03587,19620623553.340363,1.043,0.877647,0.999866382353157,0.999866382353157,0.999866382353157,0.999866382353157
usd-coin,2026-08-27,0.9999769903732657,73794471750.93918,15359117720.121473,1.043,0.877647,0.9999769903732657,0.9999769903732657,0.9999769903732657,0.9999769903732657
usd-coin,2026-08-28,1.0000315936753224,73814809402.50471,18558281957.905598,1.043,0.877647,1.0000315936753224,1.0000315936753224,1.0000315936753224,1.0000315936753224
usd-coin,2026-08-29,0.9999551816697823,73808031412.24,19256337817.824196,1.043,0.877647,0.9999551816697823,0.9999551816697823,0.9999551816697823,0.9999551816697823
usd-coin,2026-08-30,0.9999576887533264,74028411163.6011,7123680817.995001,1.043,0.877647,0.9999576887533264,0.9999576887533264,0.9999576887533264,0.9999576887533264
usd-coin,2026-08-31,0.9998871553673769,73864920416.99274,8788280418.18989,1.043,0.877647,0.9998871553673769,0.9998871553673769,0.9998871553673769,0.9998871553673769
usd-coin,2026-09-01,0.9998760696911931,73424460905.95296,16359569840.718004,1.043,0.877647,0.9998760696911931,0.9998760696911931,0.9998760696911931,0.9998760696911931
usd-coin,2026-09-02,0.9997885532340468,73592850378.26047,16144235501.58318,1.043,0.877647,0.9997885532340468,0.9997885532340468,0.9997885532340468,0.9997885532340468
usd-coin,2026-09-03,0.9997948349531954,73731687108.37988,12781631514.424025,1.043,0.877647,0.9997948349531954,0.9997948349531954,0.9997948349531954,0.9997948349531954
usd-coin,2026-09-04,0.9999207953527021,74411565204.26036,20055142813.89333,1.043,0.877647,0.9999207953527021,0.9999207953527021,0.9999207953527021,0.9999207953527021
usd-coin,2026-09-05,1.0000032307651312,74593257887.7128,18153322757.178425,1.043,0.877647,1.0000032307651312,1.0000032307651312,1.0000032307651312,1.0000032307651312
usd-coin,2026-09-06,1.0000064839685663,74571501506.00252,8811755453.574715,1.043,0.877647,1.0000064839685663,1.0000064839685663,1.0000064839685663,1.0000064839685663
usd-coin,2026-09-07,0.9999487656142674,74359969294.18735,11226268265.827915,1.043,0.877647,0.9999487656142674,0.9999487656142674,0.9999487656142674,0.9999487656142674
usd-coin,2026-09-08,0.9998865493926562,74394258250.72269,11773468188.337229,1.043,0.877647,0.9998865493926562,0.9998865493926562,0.9998865493926562,0.9998865493926562
usd-coin,2026-09-09,0.9999967530654501,74508238720.71281,15397785346.357962,1.043,0.877647,0.9999967530654501,0.9999967530654501,0.9999967530654501,0.9999967530654501
usd-coin,2026-09-10,0.9998802719188302,74391980859.8538,15937861545.763958,1.043,0.877647,0.9998802719188302,0.9998802719188302,0.9998802719188302,0.9998802719188302
usd-coin,2026-09-11,0.9998950035252904,74168182198.33313,16402193021.121855,1.043,0.877647,0.9998950035252904,0.9998950035252904,0.9998950035252904,0.9998950035252904
usd-coin,2026-09-12,0.999846566720985,74327558993.92268,19876883262.43859,1.043,0.877647,0.999846566720985,0.999846566720985,0.999846566720985,0.999846566720985
usd-coin,2026-09-13,0.9999122294768529,74290674950.38158,5645891265.171649,1.043,0.877647,0.9999122294768529,0.9999122294768529,0.9999122294768529,0.9999122294768529
usd-coin,2026-09-14,0.9998411476206446,74234815834.48117,7626026872.416799,1.043,0.877647,0.9998411476206446,0.9998411476206446,0.9998411476206446,0.9998411476206446
usd-coin,2026-09-15,0.9998812471892857,74301150152.30847,18179964822.740498,1.043,0.877647,0.9998812471892857,0.9998812471892857,0.9998812471892857,0.9998812471892857
usd-coin,2026-09-16,0.9997087648731074,73742834960.78639,19867592153.314056,1.043,0.877647,0.9997087648731074,0.9997087648731074,0.9997087648731074,0.9997087648731074
usd-coin,2026-09-17,0.9996778244639515,73607386415.25569,18447465570.678406,1.043,0.877647,0.9996778244639515,0.9996778244639515,0.9996778244639515,0.9996778244639515
usd-coin,2026-09-18,0.9996150475471216,73870812873.06049,15101699102.347515,1.043,0.877647,0.9996150475471216,0.9996150475471216,0.9996150475471216,0.9996150475471216
usd-coin,2026-09-19,0.9997655931146715,73917946803.80513,22860414409.32661,1.043,0.877647,0.9997655931146715,0.9997655931146715,0.9997655931146715,0.9997655931146715
usd-coin,2026-09-20,0.9996995311870612,74227560629.05968,12366155612.601572,1.043,0.877647,0.9996995311870612,0.9996995311870612,0.9996995311870612,0.9996995311870612
usd-coin,2026-09-21,0.9997579976927018,74258579144.41644,12141438823.110428,1.043,0.877647,0.9997579976927018,0.9997579976927018,0.9997579976927018,0.9997579976927018
solana,2025-09-23,220.45569255221633,119744016501.18456,12277874311.829329,293.31,0.500801,220.45569255221633,220.45569255221633,220.45569255221633,220.45569255221633
solana,2025-09-24,213.6985956125151,116312284438.07846,7578447364.289837,293.31,0.500801,213.6985956125151,213.6985956125151,213.6985956125151,213.6985956125151
solana,2025-09-25,211.62431724598696,114996975274.61714,8442641499.804447,293.31,0.500801,211.62431724598696,211.62431724598696,211.62431724598696,211.62431724598696
solana,2025-09-26,193.41099740739065,104819839362.79865,12140072794.410748,293.31,0.500801,193.41099740739065,193.41099740739065,193.41099740739065,193.41099740739065
solana,2025-09-27,204.81544207335943,111501912422.75436,10254205386.472954,293.31,0.500801,204.81544207335943,204.81544207335943,204.81544207335943,204.81544207335943
solana,2025-09-28,203.5629663855269,110641210984.33028,3978952053.3254952,293.31,0.500801,203.5629663855269,203.5629663855269,203.5629663855269,203.5629663855269
solana,2025-09-29,210.7475002663132,114531174288.2742,4510072227.911247,293.31,0.500801,210.7475002663132,210.7475002663132,210.7475002663132,210.7475002663132
solana,2025-09-30,212.92369932398225,115714682809.00015,6915230288.760772,293.31,0.500801,212.92369932398225,212.92369932398225,212.92369932398225,212.92369932398225
solana,2025-10-01,208.8579841163509,113486854549.89207,7032930519.400962,293.31,0.500801,208.8579841163509,208.8579841163509,208.8579841163509,208.8579841163509
solana,2025-10-02,221.87788206611364,120581311040.91992,8557349874.011452,293.31,0.500801,221.87788206611364,221.87788206611364,221.87788206611364,221.87788206611364
solana,2025-10-03,234.78399661993015,127563264324.789,9869215902.65052,293.31,0.500801,234.78399661993015,234.78399661993015,234.78399661993015,234.78399661993015
solana,2025-10-04,233.04397396283912,127073891407.65285,9392167648.149923,293.31,0.500801,233.04397396283912,233.04397396283912,233.04397396283912,233.04397396283912
solana,2025-10-05,228.00950694210047,124310880122.60092,4566726556.261829,293.31,0.500801,228.00950694210047,228.00950694210047,228.00950694210047,228.00950694210047
solana,2025-10-06,228.51623325831756,124636724973.72264,7090859671.854522,293.31,0.500801,228.51623325831756,228.51623325831756,228.51623325831756,228.51623325831756
solana,2025-10-07,232.63341831761747,126812715518.15552,7648318775.754885,293.31,0.500801,232.63341831761747,232.63341831761747,232.63341831761747,232.63341831761747
solana,2025-10-08,220.38956435964568,120321345605.73135,9458899184.19544,293.31,0.500801,220.38956435964568,220.38956435964568,220.38956435964568,220.38956435964568
solana,2025-10-09,229.091625881658,125078490889.5338,7325936210.286918,293.31,0.500801,229.091625881658,229.091625881658,229.091625881658,229.091625881658
solana,2025-10-10,220.95337084458515,120639193602.9175,7922861949.949832,293.31,0.500801,220.95337084458515,220.95337084458515,220.95337084458515,220.95337084458515
solana,2025-10-11,188.7926485329733,103689668260.11702,16970012306.231865,293.31,0.500801,188.7926485329733,188.7926485329733,188.7926485329733,188.7926485329733
solana,2025-10-12,177.98430501390146,97358486241.74402,12830059467.37137,293.31,0.500801,177.98430501390146,177.98430501390146,177.98430501390146,177.98430501390146
solana,2025-10-13,197.2146674369267,107759898073.52504,12190105023.041872,293.31,0.500801,197.2146674369267,197.2146674369267,197.2146674369267,197.2146674369267
solana,2025-10-14,208.60633453023536,113707945368.43063,11564579472.104095,293.31,0.500801,208.60633453023536,208.60633453023536,208.60633453023536,208.60633453023536
solana,2025-10-15,202.58499940260515,110743617928.48576,13515883451.061996,293.31,0.500801,202.58499940260515,202.58499940260515,202.58499940260515,202.58499940260515
solana,2025-10-16,193.98189964651897,106046701958.24773,9756030641.697218,293.31,0.500801,193.98189964651897,193.98189964651897,193.98189964651897,193.98189964651897
solana,2025-10-17,184.676653314175,100984533524.7488,9891974309.853312,293.31,0.500801,184.676653314175,184.676653314175,184.676653314175,184.676653314175
solana,2025-10-18,182.1459454130084,99541344289.88818,10280260359.681362,293.31,0.500801,182.1459454130084,182.1459454130084,182.1459454130084,182.1459454130084
solana,2025-10-19,187.6503123404748,102629300096.89812,4073835112.842372,293.31,0.500801,187.6503123404748,187.6503123404748,187.6503123404748,187.6503123404748
solana,2025-10-20,187.79198147575528,102612518381.1074,4826955084.363719,293.31,0.500801,187.79198147575528,187.79198147575528,187.79198147575528,187.79198147575528
solana,2025-10-21,189.717698834749,103759163273.00163,6084411743.296285,293.31,0.500801,189.717698834749,189.717698834749,189.717698834749,189.717698834749
solana,2025-10-22,185.72442261780827,101518840032.56673,8158154260.997603,293.31,0.500801,185.72442261780827,185.72442261780827,185.72442261780827,185.72442261780827
solana,2025-10-23,180.0884506434004,98437766687.7109,7302678368.731696,293.31,0.500801,180.0884506434004,180.0884506434004,180.0884506434004,180.0884506434004
solana,2025-10-24,191.4105154932252,105132033989.23325,6324648470.91366,293.31,0.500801,191.4105154932252,191.4105154932252,191.4105154932252,191.4105154932252
solana,2025-10-25,193.5224673498789,106331061519.20493,5821180532.436272,293.31,0.500801,193.5224673498789,193.5224673498789,193.5224673498789,193.5224673498789
solana,2025-10-26,193.93319201308577,106609827331.2564,3144230522.592254,293.31,0.500801,193.93319201308577,193.93319201308577,193.93319201308577,193.93319201308577
solana,2025-10-27,200.0215931980344,109941212256.89188,4825506003.880374,293.31,0.500801,200.0215931980344,200.0215931980344,200.0215931980344,200.0215931980344
solana,2025-10-28,198.77163279922976,109253080319.50624,6673402164.771636,293.31,0.500801,198.77163279922976,198.77163279922976,198.77163279922976,198.77163279922976
solana,2025-10-29,194.29867849889453,106876180902.7856,8023133206.403953,293.31,0.500801,194.29867849889453,194.29867849889453,194.29867849889453,194.29867849889453
solana,2025-10-30,194.0726847621732,106821520882.5694,8177681607.778722,293.31,0.500801,194.0726847621732,194.0726847621732,194.0726847621732,194.0726847621732
solana,2025-10-31,184.49846534649268,101438430148.42662,8510471370.736265,293.31,0.500801,184.49846534649268,184.49846534649268,184.49846534649268,184.49846534649268
solana,2025-11-01,187.1659046571601,103387355342.2991,5699350698.884739,293.31,0.500801,187.1659046571601,187.1659046571601,187.1659046571601,187.1659046571601
solana,2025-11-02,186.31885199348687,102978636736.43712,2749569575.6249213,293.31,0.500801,186.31885199348687,186.31885199348687,186.31885199348687,186.31885199348687
solana,2025-11-03,187.67222619735156,103550637011.92291,3237063319.8650713,293.31,0.500801,187.67222619735156,187.67222619735156,187.67222619735156,187.67222619735156
solana,2025-11-04,165.88821459720248,91710583911.5815,9739295820.729376,293.31,0.500801,165.88821459720248,165.88821459720248,165.88821459720248,165.88821459720248
solana,2025-11-05,155.1980725305336,85867741505.19081,11501468029.627775,293.31,0.500801,155.1980725305336,155.1980725305336,155.1980725305336,155.1980725305336
solana,2025-11-06,162.46544782382182,89882349113.75185,6852893993.993001,293.31,0.500801,162.46544782382182,162.46544782382182,162.46544782382182,162.46544782382182
solana,2025-11-07,155.05793557990853,85637809693.55705,5565946076.765333,293.31,0.500801,155.05793557990853,155.05793557990853,155.05793557990853,155.05793557990853
solana,2025-11-08,161.69017397076755,89556853447.44725,6629474688.982475,293.31,0.500801,161.69017397076755,161.69017397076755,161.69017397076755,161.69017397076755
solana,2025-11-09,157.796348381377,87423537136.50342,3760261989.2480073,293.31,0.500801,157.796348381377,157.796348381377,157.796348381377,157.796348381377
solana,2025-11-10,164.4107555710944,90982628986.2251,4365967723.095303,293.31,0.500801,164.4107555710944,164.4107555710944,164.4107555710944,164.4107555710944
solana,2025-11-11,167.38292233660445,92751637699.99097,5558136469.523835,293.31,0.500801,167.38292233660445,167.38292233660445,167.38292233660445,167.38292233660445
solana,2025-11-12,154.65635090993268,85536087818.74721,6147831536.860157,293.31,0.500801,154.65635090993268,154.65635090993268,154.65635090993268,154.65635090993268
solana,2025-11-13,153.25824234818612,84884069704.18701,5886067748.38089,293.31,0.500801,153.25824234818612,153.25824234818612,153.25824234818612,153.25824234818612
solana,2025-11-14,144.6022158116688,80271988879.75919,7320956526.904868,293.31,0.500801,144.6022158116688,144.6022158116688,144.6022158116688,144.6022158116688
solana,2025-11-15,138.98547920304102,76929387744.69238,8508216055.263304,293.31,0.500801,138.98547920304102,138.98547920304102,138.98547920304102,138.98547920304102
solana,2025-11-16,139.26651582272305,77307096399.47191,3469420160.3009524,293.31,0.500801,139.26651582272305,139.26651582272305,139.26651582272305,139.26651582272305
solana,2025-11-17,137.13897250282486,76130695568.86363,4918220222.215703,293.31,0.500801,137.13897250282486,137.13897250282486,137.13897250282486,137.13897250282486
solana,2025-11-18,130.8066278178265,72513999607.94305,7508376707.489581,293.31,0.500801,130.8066278178265,130.8066278178265,130.8066278178265,130.8066278178265
solana,2025-11-19,140.6208727874062,77944679242.58017,7706281842.08937,293.31,0.500801,140.6208727874062,140.6208727874062,140.6208727874062,140.6208727874062
solana,2025-11-20,136.71697636188486,75684272094.71347,6202859434.975173,293.31,0.500801,136.71697636188486,136.71697636188486,136.71697636188486,136.71697636188486
solana,2025-11-21,133.61111774040782,74687577164.42818,8661110545.526552,293.31,0.500801,133.61111774040782,133.61111774040782,133.61111774040782,133.61111774040782
solana,2025-11-22,128.57234151997437,71838401977.32182,10306509554.94346,293.31,0.500801,128.57234151997437,128.57234151997437,128.57234151997437,128.57234151997437
solana,2025-11-23,127.55257578894552,71317106141.65437,3617240760.322332,293.31,0.500801,127.55257578894552,127.55257578894552,127.55257578894552,127.55257578894552
solana,2025-11-24,130.58087966204394,73114651434.34904,3999536087.9999633,293.31,0.500801,130.58087966204394,130.58087966204394,130.58087966204394,130.58087966204394
solana,2025-11-25,138.35323319673398,77369995007.22118,6424538087.9628935,293.31,0.500801,138.35323319673398,138.35323319673398,138.35323319673398,138.35323319673398
solana,2025-11-26,138.9326415526744,77741514289.47105,4811649397.906862,293.31,0.500801,138.9326415526744,138.9326415526744,138.9326415526744,138.9326415526744
solana,2025-11-27,143.01829550662933,79964562997.78036,5994946529.50749,293.31,0.500801,143.01829550662933,143.01829550662933,143.01829550662933,143.01829550662933
solana,2025-11-28,140.84645123344353,78777617550.5348,3814128051.674114,293.31,0.500801,140.84645123344353,140.84645123344353,140.84645123344353,140.84645123344353
solana,2025-11-29,137.40059276029743,76892248915.04913,5368927107.466998,293.31,0.500801,137.40059276029743,137.40059276029743,137.40059276029743,137.40059276029743
solana,2025-11-30,136.02333573557007,76125597884.38597,2716162176.896452,293.31,0.500801,136.02333573557007,136.02333573557007,136.02333573557007,136.02333573557007
solana,2025-12-01,133.82640627084265,75212508274.44011,3472787485.829062,293.31,0.500801,133.82640627084265,133.82640627084265,133.82640627084265,133.82640627084265
solana,2025-12-02,126.67388526602132,70923410354.07248,6674128855.637002,293.31,0.500801,126.67388526602132,126.67388526602132,126.67388526602132,126.67388526602132
solana,2025-12-03,138.67222008976705,77635277544.71228,6896706362.923059,293.31,0.500801,138.67222008976705,138.67222008976705,138.67222008976705,138.67222008976705
solana,2025-12-04,144.82904690237106,81110970338.41089,6469062880.93247,293.31,0.500801,144.82904690237106,144.82904690237106,144.82904690237106,144.82904690237106
solana,2025-12-05,139.01629771281043,77834176036.77179,4776241858.132248,293.31,0.500801,139.01629771281043,139.01629771281043,139.01629771281043,139.01629771281043
solana,2025-12-06,133.231965401601,74608412428.0159,5058535609.614375,293.31,0.500801,133.231965401601,133.231965401601,133.231965401601,133.231965401601
solana,2025-12-07,132.2605923315256,74070265738.64984,2352490833.4499555,293.31,0.500801,132.2605923315256,132.2605923315256,132.2605923315256,132.2605923315256
solana,2025-12-08,131.95984726955456,73905195886.10242,4327711104.85745,293.31,0.500801,131.95984726955456,131.95984726955456,131.95984726955456,131.95984726955456
solana,2025-12-09,133.22869851109667,74829141491.71165,5255686871.5274,293.31,0.500801,133.22869851109667,133.22869851109667,133.22869851109667,133.22869851109667
solana,2025-12-10,137.8941468193958,77434949433.21436,6353795130.695644,293.31,0.500801,137.8941468193958,137.8941468193958,137.8941468193958,137.8941468193958
solana,2025-12-11,136.36516972784412,76658507921.76013,6595354012.867017,293.31,0.500801,136.36516972784412,136.36516972784412,136.36516972784412,136.36516972784412
solana,2025-12-12,136.47367573628597,76639905565.78624,6534603991.070751,293.31,0.500801,136.47367573628597,136.47367573628597,136.47367573628597,136.47367573628597
solana,2025-12-13,132.30236894589092,74342595466.03441,5832580362.281503,293.31,0.500801,132.30236894589092,132.30236894589092,132.30236894589092,132.30236894589092
solana,2025-12-14,133.17026302389507,74854038558.72456,2252195824.251755,293.31,0.500801,133.17026302389507,133.17026302389507,133.17026302389507,133.17026302389507
solana,2025-12-15,129.49535610673396,72828942194.31668,2820681803.676568,293.31,0.500801,129.49535610673396,129.49535610673396,129.49535610673396,129.49535610673396
solana,2025-12-16,127.71787718749329,71791828077.9072,5663730577.351576,293.31,0.500801,127.71787718749329,127.71787718749329,127.71787718749329,127.71787718749329
solana,2025-12-17,129.09757727148104,72575132422.95251,4580331422.054304,293.31,0.500801,129.09757727148104,129.09757727148104,129.09757727148104,129.09757727148104
solana,2025-12-18,123.1722233035213,69177061591.60219,5988105092.622178,293.31,0.500801,123.1722233035213,123.1722233035213,123.1722233035213,123.1722233035213
solana,2025-12-19,119.53477491010813,67187117118.504906,6379446146.957166,293.31,0.500801,119.53477491010813,119.53477491010813,119.53477491010813,119.53477491010813
solana,2025-12-20,126.19398384656624,70937152002.24133,5597546928.431469,293.31,0.500801,126.19398384656624,126.19398384656624,126.19398384656624,126.19398384656624
solana,2025-12-21,125.78203025133216,70732315808.9821,1873438825.7984693,293.31,0.500801,125.78203025133216,125.78203025133216,125.78203025133216,125.78203025133216
solana,2025-12-22,126.02413413596209,70852545495.81837,2597673334.32709,293.31,0.500801,126.02413413596209,126.02413413596209,126.02413413596209,126.02413413596209
solana,2025-12-23,125.82827489791832,70725838985.34245,4032150660.523798,293.31,0.500801,125.82827489791832,125.82827489791832,125.82827489791832,125.82827489791832
solana,2025-12-24,124.03308958475714,69753898308.3321,3455716627.5501533,293.31,0.500801,124.03308958475714,124.03308958475714,124.03308958475714,124.03308958475714
solana,2025-12-25,122.460155121348,68912990781.20845,2583982445.8941655,293.31,0.500801,122.460155121348,122.460155121348,122.460155121348,122.460155121348
solana,2025-12-26,120.01776608161182,67527251817.4201,2466935722.523718,293.31,0.500801,120.01776608161182,120.01776608161182,120.01776608161182,120.01776608161182
solana,2025-12-27,122.19194432561508,68754169608.94904,4179421976.033216,293.31,0.500801,122.19194432561508,122.19194432561508,122.19194432561508,122.19194432561508
solana,2025-12-28,124.67249933750114,70150238432.77664,1873509643.8616233,293.31,0.500801,124.67249933750114,124.67249933750114,124.67249933750114,124.67249933750114
solana,2025-12-29,125.15033815137768,70460720002.73882,2237013657.4398346,293.31,0.500801,125.15033815137768,125.15033815137768,125.15033815137768,125.15033815137768
solana,2025-12-30,123.12034386014282,69280873839.90186,5194751447.630124,293.31,0.500801,123.12034386014282,123.12034386014282,123.12034386014282,123.12034386014282
solana,2025-12-31,124.82656574921522,70287099902.24979,3448572332.3951654,293.31,0.500801,124.82656574921522,124.82656574921522,124.82656574921522,124.82656574921522
solana,2026-01-01,124.52107166245452,67615121227.52725,4630115870.0734215,293.31,0.500801,124.52107166245452,124.52107166245452,124.52107166245452,124.52107166245452
solana,2026-01-02,126.95621771235598,68937409039.3215,2577741993.5544615,293.31,0.500801,126.95621771235598,126.95621771235598,126.95621771235598,126.95621771235598
solana,2026-01-03,132.31679963702925,71848212743.84955,4610750565.580847,293.31,0.500801,132.31679963702925,132.31679963702925,132.31679963702925,132.31679963702925
solana,2026-01-04,133.30031232821088,72382261551.45476,2609331742.9730067,293.31,0.500801,133.30031232821088,133.30031232821088,133.30031232821088,133.30031232821088
solana,2026-01-05,134.43165907625135,72996584464.82068,3038018996.8253036,293.31,0.500801,134.43165907625135,134.43165907625135,134.43165907625135,134.43165907625135
solana,2026-01-06,138.0003095859337,74934366830.56306,4869355200.753829,293.31,0.500801,138.0003095859337,138.0003095859337,138.0003095859337,138.0003095859337
solana,2026-01-07,140.8297481272592,76470756032.99591,6070588562.286307,293.31,0.500801,140.8297481272592,140.8297481272592,140.8297481272592,140.8297481272592
solana,2026-01-08,136.19851494230633,73955989744.42442,4048166632.276265,293.31,0.500801,136.19851494230633,136.19851494230633,136.19851494230633,136.19851494230633
solana,2026-01-09,138.37930950675758,75140164333.34393,4753587618.801249,293.31,0.500801,138.37930950675758,138.37930950675758,138.37930950675758,138.37930950675758
solana,2026-01-10,135.86713631404515,73776050672.08148,4829532489.117524,293.31,0.500801,135.86713631404515,135.86713631404515,135.86713631404515,135.86713631404515
solana,2026-01-11,135.84312878216107,73763014547.69672,1679263951.9769797,293.31,0.500801,135.84312878216107,135.84312878216107,135.84312878216107,135.84312878216107
solana,2026-01-12,139.3201851544604,75651061164.94128,3156774482.495561,293.31,0.500801,139.3201851544604,139.3201851544604,139.3201851544604,139.3201851544604
solana,2026-01-13,139.07230582809257,75516462333.76842,6023569103.177238,293.31,0.500801,139.07230582809257,139.07230582809257,139.07230582809257,139.07230582809257
solana,2026-01-14,145.73859432253883,79136266585.94754,6937255626.185936,293.31,0.500801,145.73859432253883,145.73859432253883,145.73859432253883,145.73859432253883
solana,2026-01-15,146.51080044413305,79555575621.97774,5243436903.421723,293.31,0.500801,146.51080044413305,146.51080044413305,146.51080044413305,146.51080044413305
solana,2026-01-16,142.37528313106432,77309983765.68799,4072289172.4284463,293.31,0.500801,142.37528313106432,142.37528313106432,142.37528313106432,142.37528313106432
solana,2026-01-17,144.91193902286835,78687391567.81316,3333559836.510176,293.31,0.500801,144.91193902286835,144.91193902286835,144.91193902286835,144.91193902286835
solana,2026-01-18,143.68428258663917,78020772355.07135,1617770172.3976188,293.31,0.500801,143.68428258663917,143.68428258663917,143.68428258663917,143.68428258663917
solana,2026-01-19,135.50334566395688,73578511825.21194,2773931110.537374,293.31,0.500801,135.50334566395688,135.50334566395688,135.50334566395688,135.50334566395688
solana,2026-01-20,133.4132387086627,72443580738.65814,4100379502.827502,293.31,0.500801,133.4132387086627,133.4132387086627,133.4132387086627,133.4132387086627
solana,2026-01-21,126.10764632319889,68476633553.03593,4946860262.895155,293.31,0.500801,126.10764632319889,126.10764632319889,126.10764632319889,126.10764632319889
solana,2026-01-22,129.72621773671372,70441523041.44725,4717631462.533565,293.31,0.500801,129.72621773671372,129.72621773671372,129.72621773671372,129.72621773671372
solana,2026-01-23,128.50157375860476,69776539597.80278,2830349177.3459754,293.31,0.500801,128.50157375860476,128.50157375860476,128.50157375860476,128.50157375860476
solana,2026-01-24,127.45408198467358,69207750056.13239,3203616011.1368947,293.31,0.500801,127.45408198467358,127.45408198467358,127.45408198467358,127.45408198467358
solana,2026-01-25,127.3909695406124,69173479908.12299,1387940827.6683345,293.31,0.500801,127.3909695406124,127.3909695406124,127.3909695406124,127.3909695406124
solana,2026-01-26,118.66203053729117,64433653459.333954,4802988600.922261,293.31,0.500801,118.66203053729117,118.66203053729117,118.66203053729117,118.66203053729117
solana,2026-01-27,124.18651087241786,67433454236.7578,3765926144.086053,293.31,0.500801,124.18651087241786,124.18651087241786,124.18651087241786,124.18651087241786
solana,2026-01-28,127.20506143377902,69072531538.3981,3229671536.4282436,293.31,0.500801,127.20506143377902,127.20506143377902,127.20506143377902,127.20506143377902
solana,2026-01-29,125.36504185209182,68073398255.84769,3093780982.0939064,293.31,0.500801,125.36504185209182,125.36504185209182,125.36504185209182,125.36504185209182
solana,2026-01-30,117.8829797223508,64010627744.96018,4845989357.669186,293.31,0.500801,117.8829797223508,117.8829797223508,117.8829797223508,117.8829797223508
solana,2026-01-31,117.47753461829744,63790470469.6037,6131354583.524637,293.31,0.500801,117.47753461829744,117.47753461829744,117.47753461829744,117.47753461829744
solana,2026-02-01,105.49281488444598,57282750395.695595,8591830388.973656,293.31,0.500801,105.49281488444598,105.49281488444598,105.49281488444598,105.49281488444598
solana,2026-02-02,100.881066130847,54778564181.40755,4826990625.731281,293.31,0.500801,100.881066130847,100.881066130847,100.881066130847,100.881066130847
solana,2026-02-03,104.39215459693564,56685090274.58714,6429128481.543408,293.31,0.500801,104.39215459693564,104.39215459693564,104.39215459693564,104.39215459693564
solana,2026-02-04,97.6309479602485,53013745334.485695,5038427190.175277,293.31,0.500801,97.6309479602485,97.6309479602485,97.6309479602485,97.6309479602485
solana,2026-02-05,92.0568681732404,49987011983.26525,6374861538.000151,293.31,0.500801,92.0568681732404,92.0568681732404,92.0568681732404,92.0568681732404
solana,2026-02-06,78.40434132437782,42573670244.20398,8848445441.03025,293.31,0.500801,78.40434132437782,78.40434132437782,78.40434132437782,78.40434132437782
solana,2026-02-07,86.97764557641793,47228986798.92773,11019824458.240084,293.31,0.500801,86.97764557641793,86.97764557641793,86.97764557641793,86.97764557641793
solana,2026-02-08,87.54346373381755,47536226873.19418,4481236124.153687,293.31,0.500801,87.54346373381755,87.54346373381755,87.54346373381755,87.54346373381755
solana,2026-02-09,87.2357989380757,47369164446.05801,2792263299.689983,293.31,0.500801,87.2357989380757,87.2357989380757,87.2357989380757,87.2357989380757
solana,2026-02-10,86.80274713927635,47134016695.69982,3683479932.0629253,293.31,0.500801,86.80274713927635,86.80274713927635,86.80274713927635,86.80274713927635
solana,2026-02-11,82.97679507645698,45056519216.08055,2903282302.9397154,293.31,0.500801,82.97679507645698,82.97679507645698,82.97679507645698,82.97679507645698
solana,2026-02-12,79.55930152154403,43200815294.44939,3850155909.5965605,293.31,0.500801,79.55930152154403,79.55930152154403,79.55930152154403,79.55930152154403
solana,2026-02-13,78.62969332713851,42696036706.21801,3289208461.699722,293.31,0.500801,78.62969332713851,78.62969332713851,78.62969332713851,78.62969332713851
solana,2026-02-14,84.45790130055087,45860762028.60968,3353870726.1666565,293.31,0.500801,84.45790130055087,84.45790130055087,84.45790130055087,84.45790130055087
solana,2026-02-15,88.16311329534221,47872697477.41969,2710809246.1289887,293.31,0.500801,88.16311329534221,88.16311329534221,88.16311329534221,88.16311329534221
solana,2026-02-16,86.28536644166955,46853078231.85255,3710825666.100695,293.31,0.500801,86.28536644166955,86.28536644166955,86.28536644166955,86.28536644166955
solana,2026-02-17,86.5771448069784,47011514304.38657,3260801172.655849,293.31,0.500801,86.5771448069784,86.5771448069784,86.5771448069784,86.5771448069784
solana,2026-02-18,85.34355742185454,46341674577.85419,2867968005.2955337,293.31,0.500801,85.34355742185454,85.34355742185454,85.34355742185454,85.34355742185454
solana,2026-02-19,81.75815785366494,44394797449.223114,2911232671.6944275,293.31,0.500801,81.75815785366494,81.75815785366494,81.75815785366494,81.75815785366494
solana,2026-02-20,82.6525984959415,44880480006.00593,2649150150.6158447,293.31,0.500801,82.6525984959415,82.6525984959415,82.6525984959415,82.6525984959415
solana,2026-02-21,84.79782002630832,46045338386.19114,3470348593.1451,293.31,0.500801,84.79782002630832,84.79782002630832,84.79782002630832,84.79782002630832
solana,2026-02-22,85.4563629671115,46402928151.37276,1782192293.4525228,293.31,0.500801,85.4563629671115,85.4563629671115,85.4563629671115,85.4563629671115
solana,2026-02-23,78.74991176781678,42761315492.62518,2158912618.139571,293.31,0.500801,78.74991176781678,78.74991176781678,78.74991176781678,78.74991176781678
solana,2026-02-24,78.26986413795304,42500648938.32334,3859622138.4438357,293.31,0.500801,78.26986413795304,78.26986413795304,78.26986413795304,78.26986413795304
solana,2026-02-25,79.15515746010666,42981364487.10693,3199678097.4536424,293.31,0.500801,79.15515746010666,79.15515746010666,79.15515746010666,79.15515746010666
solana,2026-02-26,88.07924459617706,47827156652.99908,5187695240.687567,293.31,0.500801,88.07924459617706,88.07924459617706,88.07924459617706,88.07924459617706
solana,2026-02-27,86.07936596494483,46741219676.34293,3572166611.0384326,293.31,0.500801,86.07936596494483,86.07936596494483,86.07936596494483,86.07936596494483
solana,2026-02-28,82.04418185445192,44550108893.53528,3368387308.3625445,293.31,0.500801,82.04418185445192,82.04418185445192,82.04418185445192,82.04418185445192
solana,2026-03-01,84.67491088061367,45978598543.085365,4501716686.409043,293.31,0.500801,84.67491088061367,84.67491088061367,84.67491088061367,84.67491088061367
solana,2026-03-02,83.73986956786652,45470869763.7706,4223990395.905905,293.31,0.500801,83.73986956786652,83.73986956786652,83.73986956786652,83.73986956786652
solana,2026-03-03,86.75098086219938,47105907532.70173,4899843857.351483,293.31,0.500801,86.75098086219938,86.75098086219938,86.75098086219938,86.75098086219938
solana,2026-03-04,87.05158771027426,47269137484.09104,4424667364.214979,293.31,0.500801,87.05158771027426,87.05158771027426,87.05158771027426,87.05158771027426
solana,2026-03-05,91.07299801568064,49452769070.90195,6325870834.610213,293.31,0.500801,91.07299801568064,91.07299801568064,91.07299801568064,91.07299801568064
solana,2026-03-06,88.95101498981624,48300529232.125824,3930297347.5347934,293.31,0.500801,88.95101498981624,88.95101498981624,88.95101498981624,88.95101498981624
solana,2026-03-07,84.7320068085851,46009601714.19404,3251870628.3769007,293.31,0.500801,84.7320068085851,84.7320068085851,84.7320068085851,84.7320068085851
solana,2026-03-08,83.62301487964194,45407417499.7897,1580950613.9177022,293.31,0.500801,83.62301487964194,83.62301487964194,83.62301487964194,83.62301487964194
solana,2026-03-09,81.88428957123448,44463287153.497574,2208640247.671016,293.31,0.500801,81.88428957123448,81.88428957123448,81.88428957123448,81.88428957123448
solana,2026-03-10,85.02093175468558,46166488375.98889,3585116821.4926686,293.31,0.500801,85.02093175468558,85.02093175468558,85.02093175468558,85.02093175468558
solana,2026-03-11,85.89560657695257,46641438064.04302,3570833376.9279113,293.31,0.500801,85.89560657695257,85.89560657695257,85.89560657695257,85.89560657695257
solana,2026-03-12,86.5581504342351,49434560307.47968,3283452722.5431256,293.31,0.500801,86.5581504342351,86.5581504342351,86.5581504342351,86.5581504342351
solana,2026-03-13,86.91319465805584,49637497208.5159,3013293341.64403,293.31,0.500801,86.91319465805584,86.91319465805584,86.91319465805584,86.91319465805584
solana,2026-03-14,88.13547874972527,50346167304.84724,4585739574.92884,293.31,0.500801,88.13547874972527,88.13547874972527,88.13547874972527,88.13547874972527
solana,2026-03-15,88.22402192508966,50396679560.88358,1624975313.6578467,293.31,0.500801,88.22402192508966,88.22402192508966,88.22402192508966,88.22402192508966
solana,2026-03-16,92.84245908141786,53046073672.589714,2726424649.5209336,293.31,0.500801,92.84245908141786,92.84245908141786,92.84245908141786,92.84245908141786
solana,2026-03-17,95.89308559272592,54788991789.75197,5388386423.087694,293.31,0.500801,95.89308559272592,95.89308559272592,95.89308559272592,95.89308559272592
solana,2026-03-18,94.88825668690211,54223681268.91809,3321594711.3420515,293.31,0.500801,94.88825668690211,94.88825668690211,94.88825668690211,94.88825668690211
solana,2026-03-19,90.115544198641,51496257916.80628,3358551411.7335477,293.31,0.500801,90.115544198641,90.115544198641,90.115544198641,90.115544198641
solana,2026-03-20,89.13814377366043,50948462318.6077,2822284050.9672275,293.31,0.500801,89.13814377366043,89.13814377366043,89.13814377366043,89.13814377366043
solana,2026-03-21,89.88102391501674,51372979186.803825,2350200908.3402796,293.31,0.500801,89.88102391501674,89.88102391501674,89.88102391501674,89.88102391501674
solana,2026-03-22,86.94066815337234,49731542780.14101,1479429609.2274296,293.31,0.500801,86.94066815337234,86.94066815337234,86.94066815337234,86.94066815337234
solana,2026-03-23,86.51000589698566,49485135094.03831,2176702533.7310886,293.31,0.500801,86.51000589698566,86.51000589698566,86.51000589698566,86.51000589698566
solana,2026-03-24,91.61995872641151,52419147728.25777,4530300909.258156,293.31,0.500801,91.61995872641151,91.61995872641151,91.61995872641151,91.61995872641151
solana,2026-03-25,90.95642493892578,52039471567.11099,3170314769.040441,293.31,0.500801,90.95642493892578,90.95642493892578,90.95642493892578,90.95642493892578
solana,2026-03-26,91.79638934133811,52531083589.53271,2898547007.065902,293.31,0.500801,91.79638934133811,91.79638934133811,91.79638934133811,91.79638934133811
solana,2026-03-27,86.56000919831459,49534466773.867714,3350563874.8767858,293.31,0.500801,86.56000919831459,86.56000919831459,86.56000919831459,86.56000919831459
solana,2026-03-28,83.00571325553047,47510477612.918015,2897358735.4617996,293.31,0.500801,83.00571325553047,83.00571325553047,83.00571325553047,83.00571325553047
solana,2026-03-29,82.1077280474731,46996435735.554955,1780975469.74778,293.31,0.500801,82.1077280474731,82.1077280474731,82.1077280474731,82.1077280474731
solana,2026-03-30,81.38667344193283,46593513708.730415,1785841210.682829,293.31,0.500801,81.38667344193283,81.38667344193283,81.38667344193283,81.38667344193283
solana,2026-03-31,82.4461259589699,47209984898.48518,2926493936.450751,293.31,0.500801,82.4461259589699,82.4461259589699,82.4461259589699,82.4461259589699
solana,2026-04-01,83.03928802068708,47549222493.60331,3843275870.1548357,293.31,0.500801,83.03928802068708,83.03928802068708,83.03928802068708,83.03928802068708
solana,2026-04-02,81.21202678364425,47347195802.81873,4613974355.266786,293.31,0.500801,81.21202678364425,81.21202678364425,81.21202678364425,81.21202678364425
solana,2026-04-03,79.04954676326335,46086454395.42317,4252532363.374805,293.31,0.500801,79.04954676326335,79.04954676326335,79.04954676326335,79.04954676326335
solana,2026-04-04,80.4339628863637,46893578953.80463,2491825633.4519887,293.31,0.500801,80.4339628863637,80.4339628863637,80.4339628863637,80.4339628863637
solana,2026-04-05,80.90650747975322,47169075850.93763,1755885984.5844564,293.31,0.500801,80.90650747975322,80.90650747975322,80.90650747975322,80.90650747975322
solana,2026-04-06,82.54140759499754,48122229366.05857,2185406548.9011254,293.31,0.500801,82.54140759499754,82.54140759499754,82.54140759499754,82.54140759499754
solana,2026-04-07,80.14391345270856,46724478047.551506,2881190297.1705227,293.31,0.500801,80.14391345270856,80.14391345270856,80.14391345270856,80.14391345270856
solana,2026-04-08,85.73782127486712,49985761340.29175,4798667716.225741,293.31,0.500801,85.73782127486712,85.73782127486712,85.73782127486712,85.73782127486712
solana,2026-04-09,82.52857912633098,48114750277.32511,3672064602.3412547,293.31,0.500801,82.52857912633098,82.52857912633098,82.52857912633098,82.52857912633098
solana,2026-04-10,83.30191658280422,48565611530.38697,3553979532.9325647,293.31,0.500801,83.30191658280422,83.30191658280422,83.30191658280422,83.30191658280422
solana,2026-04-11,84.80770646580707,48696878247.81551,2618591191.307525,293.31,0.500801,84.80770646580707,84.80770646580707,84.80770646580707,84.80770646580707
solana,2026-04-12,84.93208356676055,48795340782.55074,1943834617.081766,293.31,0.500801,84.93208356676055,84.93208356676055,84.93208356676055,84.93208356676055
solana,2026-04-13,81.48683233639147,46815848907.80186,2471128962.045342,293.31,0.500801,81.48683233639147,81.48683233639147,81.48683233639147,81.48683233639147
solana,2026-04-14,86.63567521441236,49827800538.465256,3544380401.3407874,293.31,0.500801,86.63567521441236,86.63567521441236,86.63567521441236,86.63567521441236
solana,2026-04-15,83.81940155901538,48208009343.07264,3844815230.2022886,293.31,0.500801,83.81940155901538,83.81940155901538,83.81940155901538,83.81940155901538
solana,2026-04-16,84.96031849144572,48874425102.75045,3043575779.7096267,293.31,0.500801,84.96031849144572,84.96031849144572,84.96031849144572,84.96031849144572
solana,2026-04-17,89.09592877870321,51253401433.360306,4624942331.944383,293.31,0.500801,89.09592877870321,89.09592877870321,89.09592877870321,89.09592877870321
solana,2026-04-18,88.8299708972434,51111348386.52539,4722752026.939967,293.31,0.500801,88.8299708972434,88.8299708972434,88.8299708972434,88.8299708972434
solana,2026-04-19,86.16588217188954,49578415080.402885,2341611238.654498,293.31,0.500801,86.16588217188954,86.16588217188954,86.16588217188954,86.16588217188954
solana,2026-04-20,83.50924821523091,48059854719.96748,3151480518.597618,293.31,0.500801,83.50924821523091,83.50924821523091,83.50924821523091,83.50924821523091
solana,2026-04-21,85.29408341135965,49086699741.08373,3014295276.3909736,293.31,0.500801,85.29408341135965,85.29408341135965,85.29408341135965,85.29408341135965
solana,2026-04-22,86.0424364200775,49527215356.480316,2841022289.3137155,293.31,0.500801,86.0424364200775,86.0424364200775,86.0424364200775,86.0424364200775
solana,2026-04-23,86.93158314182028,50038959763.30059,3681060057.3556414,293.31,0.500801,86.93158314182028,86.93158314182028,86.93158314182028,86.93158314182028
solana,2026-04-24,86.14014927124724,49593694327.42262,3405122001.8538017,293.31,0.500801,86.14014927124724,86.14014927124724,86.14014927124724,86.14014927124724
solana,2026-04-25,86.2185542154086,49638775445.893486,2529886353.5736837,293.31,0.500801,86.2185542154086,86.2185542154086,86.2185542154086,86.2185542154086
solana,2026-04-26,86.19672544782625,49636500832.03544,1413712735.37589,293.31,0.500801,86.19672544782625,86.19672544782625,86.19672544782625,86.19672544782625
solana,2026-04-27,86.93731595191888,50062941610.94229,1868945015.0480602,293.31,0.500801,86.93731595191888,86.93731595191888,86.93731595191888,86.93731595191888
solana,2026-04-28,84.80959100944631,48847818997.7966,3484408439.2064266,293.31,0.500801,84.80959100944631,84.80959100944631,84.80959100944631,84.80959100944631
solana,2026-04-29,84.04602358960982,48407965319.16434,2075922638.2743492,293.31,0.500801,84.04602358960982,84.04602358960982,84.04602358960982,84.04602358960982
solana,2026-04-30,83.03560020545386,47835882539.81709,3235582966.261207,293.31,0.500801,83.03560020545386,83.03560020545386,83.03560020545386,83.03560020545386
solana,2026-05-01,83.03995075848528,47838414812.83662,2181923850.393772,293.31,0.500801,83.03995075848528,83.03995075848528,83.03995075848528,83.03995075848528
solana,2026-05-02,83.74516060974149,48254656958.929955,2305571943.760922,293.31,0.500801,83.74516060974149,83.74516060974149,83.74516060974149,83.74516060974149
solana,2026-05-03,84.2627584319434,48552845675.145065,1375048416.1808488,293.31,0.500801,84.2627584319434,84.2627584319434,84.2627584319434,84.2627584319434
solana,2026-05-04,83.84166473387728,48320196351.68198,1597293266.3711183,293.31,0.500801,83.84166473387728,83.84166473387728,83.84166473387728,83.84166473387728
solana,2026-05-05,84.08449536741543,48461394880.95341,3840959709.846781,293.31,0.500801,84.08449536741543,84.08449536741543,84.08449536741543,84.08449536741543
solana,2026-05-06,86.30486668344513,49751361250.83286,3077251989.2224164,293.31,0.500801,86.30486668344513,86.30486668344513,86.30486668344513,86.30486668344513
solana,2026-05-07,89.16544229478262,51455846557.342415,4199644241.7965374,293.31,0.500801,89.16544229478262,89.16544229478262,89.16544229478262,89.16544229478262
solana,2026-05-08,88.43226804224953,51065376438.25551,3332245927.3137703,293.31,0.500801,88.43226804224953,88.43226804224953,88.43226804224953,88.43226804224953
solana,2026-05-09,92.0051901272934,53128500752.90563,3134931062.2289386,293.31,0.500801,92.0051901272934,92.0051901272934,92.0051901272934,92.0051901272934
solana,2026-05-10,93.14241861919785,53796277053.354004,2407127969.552507,293.31,0.500801,93.14241861919785,93.14241861919785,93.14241861919785,93.14241861919785
solana,2026-05-11,96.4109436575395,55703224803.12754,3365784069.7796283,293.31,0.500801,96.4109436575395,96.4109436575395,96.4109436575395,96.4109436575395
solana,2026-05-12,97.25241253260013,56200529585.75877,3936350539.431638,293.31,0.500801,97.25241253260013,97.25241253260013,97.25241253260013,97.25241253260013
solana,2026-05-13,94.28512370471019,54485740173.64158,3098742218.596507,293.31,0.500801,94.28512370471019,94.28512370471019,94.28512370471019,94.28512370471019
solana,2026-05-14,91.1181109418428,52666402722.11666,3804961851.389205,293.31,0.500801,91.1181109418428,91.1181109418428,91.1181109418428,91.1181109418428
solana,2026-05-15,92.1198653434353,53245353976.39248,3157527587.7603483,293.31,0.500801,92.1198653434353,92.1198653434353,92.1198653434353,92.1198653434353
solana,2026-05-16,89.1991049638626,51567749435.05415,3139614222.0758076,293.31,0.500801,89.1991049638626,89.1991049638626,89.1991049638626,89.1991049638626
solana,2026-05-17,86.51689163386662,50020847754.36175,2226027321.776885,293.31,0.500801,86.51689163386662,86.51689163386662,86.51689163386662,86.51689163386662
solana,2026-05-18,85.18280454864586,49259649751.012146,2078511223.494443,293.31,0.500801,85.18280454864586,85.18280454864586,85.18280454864586,85.18280454864586
solana,2026-05-19,85.31915788905131,49338196528.99009,3024966669.1147256,293.31,0.500801,85.31915788905131,85.31915788905131,85.31915788905131,85.31915788905131
solana,2026-05-20,84.19081048342706,48644638281.941505,1962507417.4536889,293.31,0.500801,84.19081048342706,84.19081048342706,84.19081048342706,84.19081048342706
solana,2026-05-21,86.05865859618997,49730056480.28202,2729370842.8552046,293.31,0.500801,86.05865859618997,86.05865859618997,86.05865859618997,86.05865859618997
solana,2026-05-22,87.17389465455327,50384858258.00716,3190400613.696502,293.31,0.500801,87.17389465455327,87.17389465455327,87.17389465455327,87.17389465455327
solana,2026-05-23,84.31186681406471,48730601507.600945,2571403589.386439,293.31,0.500801,84.31186681406471,84.31186681406471,84.31186681406471,84.31186681406471
solana,2026-05-24,85.6707931191255,49526223443.17703,3286970015.1963525,293.31,0.500801,85.6707931191255,85.6707931191255,85.6707931191255,85.6707931191255
solana,2026-05-25,85.22303380051963,49267316580.51776,2299313017.9576964,293.31,0.500801,85.22303380051963,85.22303380051963,85.22303380051963,85.22303380051963
solana,2026-05-26,84.97682971506052,49135057185.50831,1803658756.1874142,293.31,0.500801,84.97682971506052,84.97682971506052,84.97682971506052,84.97682971506052
solana,2026-05-27,83.66751400447032,48378632579.133644,2554928810.7284603,293.31,0.500801,83.66751400447032,83.66751400447032,83.66751400447032,83.66751400447032
solana,2026-05-28,82.33204554881856,47616199394.08051,2299355218.816243,293.31,0.500801,82.33204554881856,82.33204554881856,82.33204554881856,82.33204554881856
solana,2026-05-29,82.0439463262634,47448837599.658295,2658713917.7802296,293.31,0.500801,82.0439463262634,82.0439463262634,82.0439463262634,82.0439463262634
solana,2026-05-30,81.9770412126185,47419837877.91925,2377985277.4282727,293.31,0.500801,81.9770412126185,81.9770412126185,81.9770412126185,81.9770412126185
solana,2026-05-31,82.68649732797877,47830171320.03477,1377376877.9563878,293.31,0.500801,82.68649732797877,82.68649732797877,82.68649732797877,82.68649732797877
solana,2026-06-01,82.33762528669455,47638112086.279015,1344660031.4575894,293.31,0.500801,82.33762528669455,82.33762528669455,82.33762528669455,82.33762528669455
solana,2026-06-02,81.16096271852808,46937390243.63532,2750502933.2222457,293.31,0.500801,81.16096271852808,81.16096271852808,81.16096271852808,81.16096271852808
solana,2026-06-03,74.13901501343945,42885187245.11338,3680255553.8008966,293.31,0.500801,74.13901501343945,74.13901501343945,74.13901501343945,74.13901501343945
solana,2026-06-04,71.5436851656655,41383885800.11384,3696685803.9439883,293.31,0.500801,71.5436851656655,71.5436851656655,71.5436851656655,71.5436851656655
solana,2026-06-05,68.81086787182636,39811227259.98783,5064102121.535027,293.31,0.500801,68.81086787182636,68.81086787182636,68.81086787182636,68.81086787182636
solana,2026-06-06,63.63313109112329,36815546115.86572,6676438823.787654,293.31,0.500801,63.63313109112329,63.63313109112329,63.63313109112329,63.63313109112329
solana,2026-06-07,62.17918349826299,35981679210.05437,3577863213.6780424,293.31,0.500801,62.17918349826299,62.17918349826299,62.17918349826299,62.17918349826299
solana,2026-06-08,66.42475751544987,38480144220.633545,3136535778.934595,293.31,0.500801,66.42475751544987,66.42475751544987,66.42475751544987,66.42475751544987
solana,2026-06-09,66.80256146212376,38706889898.17908,3165296761.7515407,293.31,0.500801,66.80256146212376,66.80256146212376,66.80256146212376,66.80256146212376
solana,2026-06-10,64.9237603504689,37616147035.943245,2984743786.127204,293.31,0.500801,64.9237603504689,64.9237603504689,64.9237603504689,64.9237603504689
solana,2026-06-11,63.18212175433404,36614496967.74654,2915668831.8778567,293.31,0.500801,63.18212175433404,63.18212175433404,63.18212175433404,63.18212175433404
solana,2026-06-12,66.81660398292856,38734037859.60971,2800664428.8383875,293.31,0.500801,66.81660398292856,66.81660398292856,66.81660398292856,66.81660398292856
solana,2026-06-13,66.77674858898844,38718794394.00756,2667985489.0141864,293.31,0.500801,66.77674858898844,66.77674858898844,66.77674858898844,66.77674858898844
solana,2026-06-14,68.87994920794057,39938235528.10983,1570972400.7552242,293.31,0.500801,68.87994920794057,68.87994920794057,68.87994920794057,68.87994920794057
solana,2026-06-15,71.21816957667109,41302375511.16598,1787610919.2006843,293.31,0.500801,71.21816957667109,71.21816957667109,71.21816957667109,71.21816957667109
solana,2026-06-16,73.9490661555558,42886081046.16554,3029066101.9198065,293.31,0.500801,73.9490661555558,73.9490661555558,73.9490661555558,73.9490661555558
solana,2026-06-17,73.4631155495267,42612895578.23611,2333870477.2213845,293.31,0.500801,73.4631155495267,73.4631155495267,73.4631155495267,73.4631155495267
solana,2026-06-18,71.98435089991071,41754973369.46756,2718013844.532121,293.31,0.500801,71.98435089991071,71.98435089991071,71.98435089991071,71.98435089991071
solana,2026-06-19,69.64875448394535,40408399128.20716,2477277075.7462106,293.31,0.500801,69.64875448394535,69.64875448394535,69.64875448394535,69.64875448394535
solana,2026-06-20,69.67510636134296,40423637128.5939,1944665336.4723547,293.31,0.500801,69.67510636134296,69.67510636134296,69.67510636134296,69.67510636134296
solana,2026-06-21,73.18000530963474,42465706434.49679,2276338717.7167253,293.31,0.500801,73.18000530963474,73.18000530963474,73.18000530963474,73.18000530963474
solana,2026-06-22,72.42261496688492,42026125560.66186,2052347755.8736546,293.31,0.500801,72.42261496688492,72.42261496688492,72.42261496688492,72.42261496688492
solana,2026-06-23,71.84825365060954,41701275965.356384,2564318280.8954406,293.31,0.500801,71.84825365060954,71.84825365060954,71.84825365060954,71.84825365060954
solana,2026-06-24,69.6086375465547,40400963779.9402,2237316369.5899425,293.31,0.500801,69.6086375465547,69.6086375465547,69.6086375465547,69.6086375465547
solana,2026-06-25,67.94878023470052,39445550402.63168,3263229987.707027,293.31,0.500801,67.94878023470052,67.94878023470052,67.94878023470052,67.94878023470052
solana,2026-06-26,67.63197484567073,39261589126.28676,3481478952.3798857,293.31,0.500801,67.63197484567073,67.63197484567073,67.63197484567073,67.63197484567073
solana,2026-06-27,71.81424446301368,41697905662.04016,4562551012.342848,293.31,0.500801,71.81424446301368,71.81424446301368,71.81424446301368,71.81424446301368
solana,2026-06-28,70.40481823828176,40879492017.40393,1858983984.0053177,293.31,0.500801,70.40481823828176,70.40481823828176,70.40481823828176,70.40481823828176
solana,2026-06-29,71.2724585453322,41391613578.902794,1815015636.4389396,293.31,0.500801,71.2724585453322,71.2724585453322,71.2724585453322,71.2724585453322
solana,2026-06-30,75.01499688974292,43566231846.29124,4222616480.428232,293.31,0.500801,75.01499688974292,75.01499688974292,75.01499688974292,75.01499688974292
solana,2026-07-01,73.56481907476494,42732612580.56446,2690535956.3937716,293.31,0.500801,73.56481907476494,73.56481907476494,73.56481907476494,73.56481907476494
solana,2026-07-02,77.36147682738353,44939092000.96649,3754552448.9840846,293.31,0.500801,77.36147682738353,77.36147682738353,77.36147682738353,77.36147682738353
solana,2026-07-03,80.61965067731505,46841180219.067215,3887626249.521208,293.31,0.500801,80.61965067731505,80.61965067731505,80.61965067731505,80.61965067731505
solana,2026-07-04,82.29123076434712,47812330484.64846,2062341004.3981605,293.31,0.500801,82.29123076434712,82.29123076434712,82.29123076434712,82.29123076434712
solana,2026-07-05,81.70349684813986,47480391856.62143,2002372603.9912698,293.31,0.500801,81.70349684813986,81.70349684813986,81.70349684813986,81.70349684813986
solana,2026-07-06,81.51563065259701,47371157650.909485,1690405895.2732563,293.31,0.500801,81.51563065259701,81.51563065259701,81.51563065259701,81.51563065259701
solana,2026-07-07,81.88843062284806,47597380143.591705,2617314582.434274,293.31,0.500801,81.88843062284806,81.88843062284806,81.88843062284806,81.88843062284806
solana,2026-07-08,80.58601402999597,46877949813.676575,2163625524.631806,293.31,0.500801,80.58601402999597,80.58601402999597,80.58601402999597,80.58601402999597
solana,2026-07-09,77.78886312209272,45259937301.13004,2347806059.4267416,293.31,0.500801,77.78886312209272,77.78886312209272,77.78886312209272,77.78886312209272
solana,2026-07-10,77.99219264415099,45378842482.56204,1631018066.1333897,293.31,0.500801,77.99219264415099,77.99219264415099,77.99219264415099,77.99219264415099
solana,2026-07-11,78.06878587097549,45432531655.03275,1914269300.4583545,293.31,0.500801,78.06878587097549,78.06878587097549,78.06878587097549,78.06878587097549
solana,2026-07-12,76.71562325891836,44660479258.80964,1308043425.3729627,293.31,0.500801,76.71562325891836,76.71562325891836,76.71562325891836,76.71562325891836
solana,2026-07-13,76.86985248774823,44759250763.392586,1265493143.236287,293.31,0.500801,76.86985248774823,76.86985248774823,76.86985248774823,76.86985248774823
solana,2026-07-14,74.93128320593416,43630417252.56394,1783620278.6555724,293.31,0.500801,74.93128320593416,74.93128320593416,74.93128320593416,74.93128320593416
solana,2026-07-15,77.80864772344317,45316534903.23006,1989092377.0496368,293.31,0.500801,77.80864772344317,77.80864772344317,77.80864772344317,77.80864772344317
solana,2026-07-16,77.23864761387213,44984526776.86344,1999993344.3857157,293.31,0.500801,77.23864761387213,77.23864761387213,77.23864761387213,77.23864761387213
solana,2026-07-17,75.26924720120745,43845679077.281105,1729323923.3697355,293.31,0.500801,75.26924720120745,75.26924720120745,75.26924720120745,75.26924720120745
solana,2026-07-18,75.00200273777084,43689926142.810616,1610029431.7482316,293.31,0.500801,75.00200273777084,75.00200273777084,75.00200273777084,75.00200273777084
solana,2026-07-19,75.48105541148355,43977792651.52891,922299097.9510707,293.31,0.500801,75.48105541148355,75.48105541148355,75.48105541148355,75.48105541148355
solana,2026-07-20,76.311803624947,44461747413.47417,1278086721.6860094,293.31,0.500801,76.311803624947,76.311803624947,76.311803624947,76.311803624947
solana,2026-07-21,77.74886056354681,45308077986.08869,2112385884.318784,293.31,0.500801,77.74886056354681,77.74886056354681,77.74886056354681,77.74886056354681
solana,2026-07-22,78.08824475788602,45505856670.67133,1539454721.505869,293.31,0.500801,78.08824475788602,78.08824475788602,78.08824475788602,78.08824475788602
solana,2026-07-23,77.93926390412061,45428158754.7264,1650751334.383584,293.31,0.500801,77.93926390412061,77.93926390412061,77.93926390412061,77.93926390412061
solana,2026-07-24,75.85134810030104,44211112415.46874,1541306083.9436622,293.31,0.500801,75.85134810030104,75.85134810030104,75.85134810030104,75.85134810030104
solana,2026-07-25,73.90776692044658,43078056552.33285,1587849189.404116,293.31,0.500801,73.90776692044658,73.90776692044658,73.90776692044658,73.90776692044658
solana,2026-07-26,74.47711500496659,43418591267.13314,930447471.033939,293.31,0.500801,74.47711500496659,74.47711500496659,74.47711500496659,74.47711500496659
solana,2026-07-27,76.69020217092319,44708717154.84808,1069305751.8836575,293.31,0.500801,76.69020217092319,76.69020217092319,76.69020217092319,76.69020217092319
solana,2026-07-28,74.14305915534644,43232391883.646835,1747866798.3937674,293.31,0.500801,74.14305915534644,74.14305915534644,74.14305915534644,74.14305915534644
solana,2026-07-29,73.77225682424617,43015882415.3651,1787192244.872714,293.31,0.500801,73.77225682424617,73.77225682424617,73.77225682424617,73.77225682424617
solana,2026-07-30,73.61124492942123,42664164866.506294,1773230984.6181424,293.31,0.500801,73.61124492942123,73.61124492942123,73.61124492942123,73.61124492942123
solana,2026-07-31,74.46304923578987,43157802900.53979,1395192977.7453763,293.31,0.500801,74.46304923578987,74.46304923578987,74.46304923578987,74.46304923578987
solana,2026-08-01,72.79498313468054,42199449530.87055,1530803803.6779802,293.31,0.500801,72.79498313468054,72.79498313468054,72.79498313468054,72.79498313468054
solana,2026-08-02,71.89412540165443,41776118382.13836,1152699492.7220883,293.31,0.500801,71.89412540165443,71.89412540165443,71.89412540165443,71.89412540165443
solana,2026-08-03,73.5466467652331,42744839950.32771,1055745990.3947438,293.31,0.500801,73.5466467652331,73.5466467652331,73.5466467652331,73.5466467652331
solana,2026-08-04,73.48861779525183,42711038749.872505,1401915388.5730863,293.31,0.500801,73.48861779525183,73.48861779525183,73.48861779525183,73.48861779525183
solana,2026-08-05,73.7132413282771,42850053286.97023,1405107740.5192373,293.31,0.500801,73.7132413282771,73.7132413282771,73.7132413282771,73.7132413282771
solana,2026-08-06,73.98563070196333,43008332005.53158,1661480491.5740733,293.31,0.500801,73.98563070196333,73.98563070196333,73.98563070196333,73.98563070196333
solana,2026-08-07,72.63053979307217,42228941517.17326,1434979784.3542812,293.31,0.500801,72.63053979307217,72.63053979307217,72.63053979307217,72.63053979307217
solana,2026-08-08,73.61748637019244,42849171264.52056,1515326505.7161973,293.31,0.500801,73.61748637019244,73.61748637019244,73.61748637019244,73.61748637019244
solana,2026-08-09,75.95980019087798,44221246388.37914,1411313618.6806538,293.31,0.500801,75.95980019087798,75.95980019087798,75.95980019087798,75.95980019087798
solana,2026-08-10,76.2136945390063,44368992541.41147,1091586238.5562603,293.31,0.500801,76.2136945390063,76.2136945390063,76.2136945390063,76.2136945390063
solana,2026-08-11,75.92477495236717,44209512993.63219,1404101603.2585404,293.31,0.500801,75.92477495236717,75.92477495236717,75.92477495236717,75.92477495236717
solana,2026-08-12,76.21620473970299,44394499308.18516,1379559378.010563,293.31,0.500801,76.21620473970299,76.21620473970299,76.21620473970299,76.21620473970299
solana,2026-08-13,75.5587764536576,44012931702.97556,1222417236.9441097,293.31,0.500801,75.5587764536576,75.5587764536576,75.5587764536576,75.5587764536576
solana,2026-08-14,76.20210719138348,44396403054.23995,1161301279.1811674,293.31,0.500801,76.20210719138348,76.20210719138348,76.20210719138348,76.20210719138348
solana,2026-08-15,75.3354966028721,43891442681.25692,1076928576.0939782,293.31,0.500801,75.3354966028721,75.3354966028721,75.3354966028721,75.3354966028721
solana,2026-08-16,75.27983398665542,43867653904.234116,646905911.5452769,293.31,0.500801,75.27983398665542,75.27983398665542,75.27983398665542,75.27983398665542
solana,2026-08-17,74.5477464048606,43445247273.99058,715071398.221322,293.31,0.500801,74.5477464048606,74.5477464048606,74.5477464048606,74.5477464048606
solana,2026-08-18,75.9729945474511,44284342203.94819,1276977894.5709734,293.31,0.500801,75.9729945474511,75.9729945474511,75.9729945474511,75.9729945474511
solana,2026-08-19,77.00190398395006,44883800154.35045,1412565436.337034,293.31,0.500801,77.00190398395006,77.00190398395006,77.00190398395006,77.00190398395006
solana,2026-08-20,85.33310287519124,49749755023.989136,4360934967.240113,293.31,0.500801,85.33310287519124,85.33310287519124,85.33310287519124,85.33310287519124
solana,2026-08-21,87.6519814449933,51101597745.51273,3930542872.6276217,293.31,0.500801,87.6519814449933,87.6519814449933,87.6519814449933,87.6519814449933
solana,2026-08-22,93.69380351149786,54640118804.067635,6702620876.126011,293.31,0.500801,93.69380351149786,93.69380351149786,93.69380351149786,93.69380351149786
solana,2026-08-23,93.88470787526389,54751367435.30988,7502388828.235717,293.31,0.500801,93.88470787526389,93.88470787526389,93.88470787526389,93.88470787526389
solana,2026-08-24,95.4075653871385,55649001339.64617,4417663499.940523,293.31,0.500801,95.4075653871385,95.4075653871385,95.4075653871385,95.4075653871385
solana,2026-08-25,98.86721922605619,57666847361.58331,5719876487.785737,293.31,0.500801,98.86721922605619,98.86721922605619,98.86721922605619,98.86721922605619
solana,2026-08-26,96.57633057135781,56340274572.3693,5910519195.888127,293.31,0.500801,96.57633057135781,96.57633057135781,96.57633057135781,96.57633057135781
solana,2026-08-27,102.04890414405412,59603010963.97329,3598639899.81599,293.31,0.500801,102.04890414405412,102.04890414405412,102.04890414405412,102.04890414405412
solana,2026-08-28,109.17730597799657,63766345969.68578,7039203255.370629,293.31,0.500801,109.17730597799657,109.17730597799657,109.17730597799657,109.17730597799657
solana,2026-08-29,104.11408013203007,60819494633.2409,5937451206.231917,293.31,0.500801,104.11408013203007,104.11408013203007,104.11408013203007,104.11408013203007
solana,2026-08-30,105.5938871300456,61683846396.712975,2273509757.5718346,293.31,0.500801,105.5938871300456,105.5938871300456,105.5938871300456,105.5938871300456
solana,2026-08-31,101.68286901296827,59496842462.864845,2971169081.015964,293.31,0.500801,101.68286901296827,101.68286901296827,101.68286901296827,101.68286901296827
solana,2026-09-01,103.01068194219994,60282571646.81706,3234457987.4852805,293.31,0.500801,103.01068194219994,103.01068194219994,103.01068194219994,103.01068194219994
solana,2026-09-02,99.96528544069069,58500324971.04522,3415139600.3536706,293.31,0.500801,99.96528544069069,99.96528544069069,99.96528544069069,99.96528544069069
solana,2026-09-03,100.39064957766638,58756160829.83349,2860983236.294549,293.31,0.500801,100.39064957766638,100.39064957766638,100.39064957766638,100.39064957766638
solana,2026-09-04,103.96051784332946,60854421898.614944,4097076588.631062,293.31,0.500801,103.96051784332946,103.96051784332946,103.96051784332946,103.96051784332946
solana,2026-09-05,101.92907583272797,59665198840.31869,3301184331.330374,293.31,0.500801,101.92907583272797,101.92907583272797,101.92907583272797,101.92907583272797
solana,2026-09-06,103.16637621681609,60398300212.47523,2412215423.509618,293.31,0.500801,103.16637621681609,103.16637621681609,103.16637621681609,103.16637621681609
solana,2026-09-07,106.49007263898544,62344054346.877556,3863864843.326644,293.31,0.500801,106.49007263898544,106.49007263898544,106.49007263898544,106.49007263898544
solana,2026-09-08,103.77243552193976,60827841128.714325,3172099568.11245,293.31,0.500801,103.77243552193976,103.77243552193976,103.77243552193976,103.77243552193976
solana,2026-09-09,103.36010446946287,60594963910.86521,3027354961.31718,293.31,0.500801,103.36010446946287,103.36010446946287,103.36010446946287,103.36010446946287
solana,2026-09-10,101.56828258356754,59544411952.82272,3168430582.0312,293.31,0.500801,101.56828258356754,101.56828258356754,101.56828258356754,101.56828258356754
solana,2026-09-11,98.63125822911633,57830981442.72209,2882460938.581129,293.31,0.500801,98.63125822911633,98.63125822911633,98.63125822911633,98.63125822911633
solana,2026-09-12,102.39440297526501,60066931771.41947,4675132943.881123,293.31,0.500801,102.39440297526501,102.39440297526501,102.39440297526501,102.39440297526501
solana,2026-09-13,101.75239313261922,59691262241.9212,1805260183.2361066,293.31,0.500801,101.75239313261922,101.75239313261922,101.75239313261922,101.75239313261922
solana,2026-09-14,99.3260052236567,58277619413.77751,2098694603.1006677,293.31,0.500801,99.3260052236567,99.3260052236567,99.3260052236567,99.3260052236567
solana,2026-09-15,102.51365308067487,60164475439.16887,3397711440.7817054,293.31,0.500801,102.51365308067487,102.51365308067487,102.51365308067487,102.51365308067487
solana,2026-09-16,96.87348479401192,56867407460.06667,3869098601.540629,293.31,0.500801,96.87348479401192,96.87348479401192,96.87348479401192,96.87348479401192
solana,2026-09-17,98.5424205832789,57859199208.321106,3377208909.9956107,293.31,0.500801,98.5424205832789,98.5424205832789,98.5424205832789,98.5424205832789
solana,2026-09-18,101.56908350057118,59642557336.919174,3236156684.8238273,293.31,0.500801,101.56908350057118,101.56908350057118,101.56908350057118,101.56908350057118
solana,2026-09-19,112.70209381584154,66189571004.6839,6595029730.558341,293.31,0.500801,112.70209381584154,112.70209381584154,112.70209381584154,112.70209381584154
solana,2026-09-20,111.01530437008863,65206776126.08057,3006804409.862018,293.31,0.500801,111.01530437008863,111.01530437008863,111.01530437008863,111.01530437008863
solana,2026-09-21,111.15414771124425,65296160671.02726,3215613298.459114,293.31,0.500801,111.15414771124425,111.15414771124425,111.15414771124425,111.15414771124425
tron,2025-09-23,0.3400797798565286,32184159088.127876,1189047576.8810525,0.431288,0.00180434,0.3400797798565286,0.3400797798565286,0.3400797798565286,0.3400797798565286
tron,2025-09-24,0.33605570384003874,31821116145.258877,741167477.4192152,0.431288,0.00180434,0.33605570384003874,0.33605570384003874,0.33605570384003874,0.33605570384003874
tron,2025-09-25,0.33823128867304963,32022580258.95423,590025216.959531,0.431288,0.00180434,0.33823128867304963,0.33823128867304963,0.33823128867304963,0.33823128867304963
tron,2025-09-26,0.3323954668119269,31421817426.056248,974615226.7639576,0.431288,0.00180434,0.3323954668119269,0.3323954668119269,0.3323954668119269,0.3323954668119269
tron,2025-09-27,0.33839102858223113,32038610717.639713,723728058.0703739,0.431288,0.00180434,0.33839102858223113,0.33839102858223113,0.33839102858223113,0.33839102858223113
tron,2025-09-28,0.33679618383552995,31883678661.910313,403135286.13582903,0.431288,0.00180434,0.33679618383552995,0.33679618383552995,0.33679618383552995,0.33679618383552995
tron,2025-09-29,0.3356183726581062,31780245072.81712,362602123.70920455,0.431288,0.00180434,0.3356183726581062,0.3356183726581062,0.3356183726581062,0.3356183726581062
tron,2025-09-30,0.33686051095659064,31901443549.995956,495388266.48076874,0.431288,0.00180434,0.33686051095659064,0.33686051095659064,0.33686051095659064,0.33686051095659064
tron,2025-10-01,0.3334952520389585,31574892099.050587,610595360.4242777,0.431288,0.00180434,0.3334952520389585,0.3334952520389585,0.3334952520389585,0.3334952520389585
tron,2025-10-02,0.34189004809511114,32356931979.31239,720021417.4712524,0.431288,0.00180434,0.34189004809511114,0.34189004809511114,0.34189004809511114,0.34189004809511114
tron,2025-10-03,0.3428064212134015,32476940790.737923,654859310.7828753,0.431288,0.00180434,0.3428064212134015,0.3428064212134015,0.3428064212134015,0.3428064212134015
tron,2025-10-04,0.34208592807205535,32383959926.481697,724409010.2048385,0.431288,0.00180434,0.34208592807205535,0.34208592807205535,0.34208592807205535,0.34208592807205535
tron,2025-10-05,0.34042509075949307,32230108327.225117,457886217.24804926,0.431288,0.00180434,0.34042509075949307,0.34042509075949307,0.34042509075949307,0.34042509075949307
tron,2025-10-06,0.34150612354725407,32316703384.28293,586740108.9498308,0.431288,0.00180434,0.34150612354725407,0.34150612354725407,0.34150612354725407,0.34150612354725407
tron,2025-10-07,0.3462146452187116,32776843562.926155,751716858.2509454,0.431288,0.00180434,0.3462146452187116,0.3462146452187116,0.3462146452187116,0.3462146452187116
tron,2025-10-08,0.3380184581819792,31997846544.851852,793311894.6458452,0.431288,0.00180434,0.3380184581819792,0.3380184581819792,0.3380184581819792,0.3380184581819792
tron,2025-10-09,0.3421465983089769,32389029377.33013,769453795.7696042,0.431288,0.00180434,0.3421465983089769,0.3421465983089769,0.3421465983089769,0.3421465983089769
tron,2025-10-10,0.3367636433634747,31848894640.62068,772329680.3147205,0.431288,0.00180434,0.3367636433634747,0.3367636433634747,0.3367636433634747,0.3367636433634747
tron,2025-10-11,0.3208053596232824,30383392489.19306,1535276051.3561127,0.431288,0.00180434,0.3208053596232824,0.3208053596232824,0.3208053596232824,0.3208053596232824
tron,2025-10-12,0.31457933942978245,29785512659.798264,1013015351.8122948,0.431288,0.00180434,0.31457933942978245,0.31457933942978245,0.31457933942978245,0.31457933942978245
tron,2025-10-13,0.3230383884051676,30574203126.666225,1007905978.8903648,0.431288,0.00180434,0.3230383884051676,0.3230383884051676,0.3230383884051676,0.3230383884051676
tron,2025-10-14,0.3228960320911472,30570220519.87979,805054217.6587402,0.431288,0.00180434,0.3228960320911472,0.3228960320911472,0.3228960320911472,0.3228960320911472
tron,2025-10-15,0.316964834120019,30003325835.50145,1364058070.2543523,0.431288,0.00180434,0.316964834120019,0.316964834120019,0.316964834120019,0.316964834120019
tron,2025-10-16,0.319400089531981,30235100226.7978,1021511114.9139588,0.431288,0.00180434,0.319400089531981,0.319400089531981,0.319400089531981,0.319400089531981
tron,2025-10-17,0.3157586034783986,29854457140.39254,1023022005.3807,0.431288,0.00180434,0.3157586034783986,0.3157586034783986,0.3157586034783986,0.3157586034783986
tron,2025-10-18,0.3091485920935105,29265097573.20476,1046453350.8102204,0.431288,0.00180434,0.3091485920935105,0.3091485920935105,0.3091485920935105,0.3091485920935105
tron,2025-10-19,0.3130988557888938,29640923106.030552,466935937.4444707,0.431288,0.00180434,0.3130988557888938,0.3130988557888938,0.3130988557888938,0.3130988557888938
tron,2025-10-20,0.3204496881304621,30329732658.29756,446457494.8692795,0.431288,0.00180434,0.3204496881304621,0.3204496881304621,0.3204496881304621,0.3204496881304621
tron,2025-10-21,0.3225931558853268,30547937263.061863,620909709.232884,0.431288,0.00180434,0.3225931558853268,0.3225931558853268,0.3225931558853268,0.3225931558853268
tron,2025-10-22,0.3218513900344061,30466322647.27376,782682318.0981947,0.431288,0.00180434,0.3218513900344061,0.3218513900344061,0.3218513900344061,0.3218513900344061
tron,2025-10-23,0.32234033526504524,30482019681.528233,1054002894.9138666,0.431288,0.00180434,0.32234033526504524,0.32234033526504524,0.32234033526504524,0.32234033526504524
tron,2025-10-24,0.3137340892622096,29699707874.60289,774233597.0121162,0.431288,0.00180434,0.3137340892622096,0.3137340892622096,0.3137340892622096,0.3137340892622096
tron,2025-10-25,0.3038302412372745,28763775380.25702,968339320.0054648,0.431288,0.00180434,0.3038302412372745,0.3038302412372745,0.3038302412372745,0.3038302412372745
tron,2025-10-26,0.29708802393862,28117426032.356476,995244249.4571848,0.431288,0.00180434,0.29708802393862,0.29708802393862,0.29708802393862,0.29708802393862
tron,2025-10-27,0.3003635869161707,28451493179.2515,820626821.3408931,0.431288,0.00180434,0.3003635869161707,0.3003635869161707,0.3003635869161707,0.3003635869161707
tron,2025-10-28,0.2982459420007514,28235900163.86895,697810561.6825838,0.431288,0.00180434,0.2982459420007514,0.2982459420007514,0.2982459420007514,0.2982459420007514
tron,2025-10-29,0.2955880757498277,27997469588.195793,726263032.198568,0.431288,0.00180434,0.2955880757498277,0.2955880757498277,0.2955880757498277,0.2955880757498277
tron,2025-10-30,0.29607512482468534,28029142872.408512,834951874.8842402,0.431288,0.00180434,0.29607512482468534,0.29607512482468534,0.29607512482468534,0.29607512482468534
tron,2025-10-31,0.29242022973708676,27682080539.70656,1211938822.6830332,0.431288,0.00180434,0.29242022973708676,0.29242022973708676,0.29242022973708676,0.29242022973708676
tron,2025-11-01,0.29615492703307233,28038666695.660934,575959750.5938338,0.431288,0.00180434,0.29615492703307233,0.29615492703307233,0.29615492703307233,0.29615492703307233
tron,2025-11-02,0.29737163648193055,28152711210.983273,382024357.1654334,0.431288,0.00180434,0.29737163648193055,0.29737163648193055,0.29737163648193055,0.29737163648193055
tron,2025-11-03,0.2982243373672422,28233766840.785007,377267959.87456113,0.431288,0.00180434,0.2982243373672422,0.2982243373672422,0.2982243373672422,0.2982243373672422
tron,2025-11-04,0.2811207600270551,26605685599.110924,1521897188.128692,0.431288,0.00180434,0.2811207600270551,0.2811207600270551,0.2811207600270551,0.2811207600270551
tron,2025-11-05,0.285414773626943,27018395062.59914,1634315574.1620724,0.431288,0.00180434,0.285414773626943,0.285414773626943,0.285414773626943,0.285414773626943
tron,2025-11-06,0.2889971223885519,27358226318.878803,750861229.1245133,0.431288,0.00180434,0.2889971223885519,0.2889971223885519,0.2889971223885519,0.2889971223885519
tron,2025-11-07,0.2836536585241238,26844778965.918953,585967116.8572886,0.431288,0.00180434,0.2836536585241238,0.2836536585241238,0.2836536585241238,0.2836536585241238
tron,2025-11-08,0.29231366908017803,27654481978.49301,877529873.4714915,0.431288,0.00180434,0.29231366908017803,0.29231366908017803,0.29231366908017803,0.29231366908017803
tron,2025-11-09,0.29137451628248545,27578532946.849133,482270101.0296146,0.431288,0.00180434,0.29137451628248545,0.29137451628248545,0.29137451628248545,0.29137451628248545
tron,2025-11-10,0.2906506991979647,27521919505.30884,414248357.24183726,0.431288,0.00180434,0.2906506991979647,0.2906506991979647,0.2906506991979647,0.2906506991979647
tron,2025-11-11,0.29626213987956695,28037850601.1374,583796739.8671433,0.431288,0.00180434,0.29626213987956695,0.29626213987956695,0.29626213987956695,0.29626213987956695
tron,2025-11-12,0.29679744191141433,28107278096.216457,726188359.2969676,0.431288,0.00180434,0.29679744191141433,0.29679744191141433,0.29679744191141433,0.29679744191141433
tron,2025-11-13,0.29454871379994685,27881867556.661015,704549843.1180321,0.431288,0.00180434,0.29454871379994685,0.29454871379994685,0.29454871379994685,0.29454871379994685
tron,2025-11-14,0.29288903753976253,27748445391.892467,905569661.7173704,0.431288,0.00180434,0.29288903753976253,0.29288903753976253,0.29288903753976253,0.29288903753976253
tron,2025-11-15,0.29248063308059746,27693108626.753048,1219167131.2517457,0.431288,0.00180434,0.29248063308059746,0.29248063308059746,0.29248063308059746,0.29248063308059746
tron,2025-11-16,0.29451410760942165,27872913501.29623,532317566.2558142,0.431288,0.00180434,0.29451410760942165,0.29451410760942165,0.29451410760942165,0.29451410760942165
tron,2025-11-17,0.2921342111589114,27668195926.767757,939850663.901021,0.431288,0.00180434,0.2921342111589114,0.2921342111589114,0.2921342111589114,0.2921342111589114
tron,2025-11-18,0.2913861051753425,27576191042.6036,987562334.2827448,0.431288,0.00180434,0.2913861051753425,0.2913861051753425,0.2913861051753425,0.2913861051753425
tron,2025-11-19,0.2902348759669711,27473583529.92256,1030198090.513372,0.431288,0.00180434,0.2902348759669711,0.2902348759669711,0.2902348759669711,0.2902348759669711
tron,2025-11-20,0.2865662719888252,27123948086.886288,897771453.8324037,0.431288,0.00180434,0.2865662719888252,0.2865662719888252,0.2865662719888252,0.2865662719888252
tron,2025-11-21,0.2803035750708333,26548204789.50137,878697491.1996183,0.431288,0.00180434,0.2803035750708333,0.2803035750708333,0.2803035750708333,0.2803035750708333
tron,2025-11-22,0.27635099818289915,26159746559.9678,1496010397.689249,0.431288,0.00180434,0.27635099818289915,0.27635099818289915,0.27635099818289915,0.27635099818289915
tron,2025-11-23,0.2740810568979634,25954049085.47716,739722600.2963942,0.431288,0.00180434,0.2740810568979634,0.2740810568979634,0.2740810568979634,0.2740810568979634
tron,2025-11-24,0.2750414724621079,26042841615.13398,502965480.09669733,0.431288,0.00180434,0.2750414724621079,0.2750414724621079,0.2750414724621079,0.2750414724621079
tron,2025-11-25,0.2747533047924865,26014007265.54192,737844569.8355856,0.431288,0.00180434,0.2747533047924865,0.2747533047924865,0.2747533047924865,0.2747533047924865
tron,2025-11-26,0.27434108935006035,25964803984.16672,698075990.591251,0.431288,0.00180434,0.27434108935006035,0.27434108935006035,0.27434108935006035,0.27434108935006035
tron,2025-11-27,0.2765167848357446,26178011188.64035,518290483.9570749,0.431288,0.00180434,0.2765167848357446,0.2765167848357446,0.2765167848357446,0.2765167848357446
tron,2025-11-28,0.28016584290436214,26526598365.024525,501398600.7844755,0.431288,0.00180434,0.28016584290436214,0.28016584290436214,0.28016584290436214,0.28016584290436214
tron,2025-11-29,0.28108384523311164,26613764352.857315,595800430.4548988,0.431288,0.00180434,0.28108384523311164,0.28108384523311164,0.28108384523311164,0.28108384523311164
tron,2025-11-30,0.2809560740096079,26602928317.919964,344888273.9537213,0.431288,0.00180434,0.2809560740096079,0.2809560740096079,0.2809560740096079,0.2809560740096079
tron,2025-12-01,0.28160580292975623,26663318768.795937,396119880.99738944,0.431288,0.00180434,0.28160580292975623,0.28160580292975623,0.28160580292975623,0.28160580292975623
tron,2025-12-02,0.27691348502746854,26237093210.1331,958654107.7122296,0.431288,0.00180434,0.27691348502746854,0.27691348502746854,0.27691348502746854,0.27691348502746854
tron,2025-12-03,0.2810715476553008,26617070526.83186,680686364.074242,0.431288,0.00180434,0.2810715476553008,0.2810715476553008,0.2810715476553008,0.2810715476553008
tron,2025-12-04,0.28051295571930324,26564456659.143948,602473144.314139,0.431288,0.00180434,0.28051295571930324,0.28051295571930324,0.28051295571930324,0.28051295571930324
tron,2025-12-05,0.2862081334531306,27079904728.261597,623642776.3496556,0.431288,0.00180434,0.2862081334531306,0.2862081334531306,0.2862081334531306,0.2862081334531306
tron,2025-12-06,0.2855997793075,27032391152.29834,763399814.875876,0.431288,0.00180434,0.2855997793075,0.2855997793075,0.2855997793075,0.2855997793075
tron,2025-12-07,0.28728546229416596,27206814119.651382,533579010.1862153,0.431288,0.00180434,0.28728546229416596,0.28728546229416596,0.28728546229416596,0.28728546229416596
tron,2025-12-08,0.2868515966957127,27159044341.73292,562191966.6472211,0.431288,0.00180434,0.2868515966957127,0.2868515966957127,0.2868515966957127,0.2868515966957127
tron,2025-12-09,0.28137658467422977,26644688510.25362,547690289.0565615,0.431288,0.00180434,0.28137658467422977,0.28137658467422977,0.28137658467422977,0.28137658467422977
tron,2025-12-10,0.2822693901146785,26726574496.449173,662148000.3052839,0.431288,0.00180434,0.2822693901146785,0.2822693901146785,0.2822693901146785,0.2822693901146785
tron,2025-12-11,0.2801473280595632,26526418603.85611,658239366.7686647,0.431288,0.00180434,0.2801473280595632,0.2801473280595632,0.2801473280595632,0.2801473280595632
tron,2025-12-12,0.2805475783268791,26564871640.38648,597224627.2919354,0.431288,0.00180434,0.2805475783268791,0.2805475783268791,0.2805475783268791,0.2805475783268791
tron,2025-12-13,0.27376898973297215,25916965904.67623,537779952.0010937,0.431288,0.00180434,0.27376898973297215,0.27376898973297215,0.27376898973297215,0.27376898973297215
tron,2025-12-14,0.2709980075656636,25659840641.725967,408809507.86327815,0.431288,0.00180434,0.2709980075656636,0.2709980075656636,0.2709980075656636,0.2709980075656636
tron,2025-12-15,0.27720772107892827,26243077960.42429,545100518.8668572,0.431288,0.00180434,0.27720772107892827,0.27720772107892827,0.27720772107892827,0.27720772107892827
tron,2025-12-16,0.27823808770283026,26333344588.00359,834760397.8668019,0.431288,0.00180434,0.27823808770283026,0.27823808770283026,0.27823808770283026,0.27823808770283026
tron,2025-12-17,0.2802127587632835,26538220906.762093,575360519.1112351,0.431288,0.00180434,0.2802127587632835,0.2802127587632835,0.2802127587632835,0.2802127587632835
tron,2025-12-18,0.2794314654848354,26453424095.685673,610062846.4462385,0.431288,0.00180434,0.2794314654848354,0.2794314654848354,0.2794314654848354,0.2794314654848354
tron,2025-12-19,0.27928679305273724,26455200545.81399,616333986.3187443,0.431288,0.00180434,0.27928679305273724,0.27928679305273724,0.27928679305273724,0.27928679305273724
tron,2025-12-20,0.2799536389787057,26505573931.898792,574058430.6428788,0.431288,0.00180434,0.2799536389787057,0.2799536389787057,0.2799536389787057,0.2799536389787057
tron,2025-12-21,0.28166213748226965,26645676140.18211,427065279.0867726,0.431288,0.00180434,0.28166213748226965,0.28166213748226965,0.28166213748226965,0.28166213748226965
tron,2025-12-22,0.28822459919094945,27290435190.022,581238952.8938236,0.431288,0.00180434,0.28822459919094945,0.28822459919094945,0.28822459919094945,0.28822459919094945
tron,2025-12-23,0.2842490121319759,26919549690.317986,645372511.0965238,0.431288,0.00180434,0.2842490121319759,0.2842490121319759,0.2842490121319759,0.2842490121319759
tron,2025-12-24,0.28345719031905153,26831349805.488132,451287848.59138507,0.431288,0.00180434,0.28345719031905153,0.28345719031905153,0.28345719031905153,0.28345719031905153
tron,2025-12-25,0.2801563041063665,26528223044.893867,550902853.8588445,0.431288,0.00180434,0.2801563041063665,0.2801563041063665,0.2801563041063665,0.2801563041063665
tron,2025-12-26,0.2786469337181949,26383230347.46752,420540410.52578497,0.431288,0.00180434,0.2786469337181949,0.2786469337181949,0.2786469337181949,0.2786469337181949
tron,2025-12-27,0.27949117482170155,26469895835.189144,440903571.1033015,0.431288,0.00180434,0.27949117482170155,0.27949117482170155,0.27949117482170155,0.27949117482170155
tron,2025-12-28,0.28459992996439676,26942775363.649666,425881139.6123801,0.431288,0.00180434,0.28459992996439676,0.28459992996439676,0.28459992996439676,0.28459992996439676
tron,2025-12-29,0.28479703628894765,26969839374.805058,435160011.0763293,0.431288,0.00180434,0.28479703628894765,0.28479703628894765,0.28479703628894765,0.28479703628894765
tron,2025-12-30,0.28465406966611195,26945399118.305943,599557143.551376,0.431288,0.00180434,0.28465406966611195,0.28465406966611195,0.28465406966611195,0.28465406966611195
tron,2025-12-31,0.28610372210028645,27090895887.959915,480237015.6704226,0.431288,0.00180434,0.28610372210028645,0.28610372210028645,0.28610372210028645,0.28610372210028645
tron,2026-01-01,0.2843595400725013,26926828401.286983,504564117.30254763,0.431288,0.00180434,0.2843595400725013,0.2843595400725013,0.2843595400725013,0.2843595400725013
tron,2026-01-02,0.2869900852618737,27176364562.206535,415110065.1811173,0.431288,0.00180434,0.2869900852618737,0.2869900852618737,0.2869900852618737,0.2869900852618737
tron,2026-01-03,0.2888954663347564,27357080392.753136,512439869.5268387,0.431288,0.00180434,0.2888954663347564,0.2888954663347564,0.2888954663347564,0.2888954663347564
tron,2026-01-04,0.29554394655756333,27987121523.947685,487454503.81649005,0.431288,0.00180434,0.29554394655756333,0.29554394655756333,0.29554394655756333,0.29554394655756333
tron,2026-01-05,0.29390203026294714,27832114065.99024,485272666.5392075,0.431288,0.00180434,0.29390203026294714,0.29390203026294714,0.29390203026294714,0.29390203026294714
tron,2026-01-06,0.29203325415863796,27655170708.781124,572822756.4911804,0.431288,0.00180434,0.29203325415863796,0.29203325415863796,0.29203325415863796,0.29203325415863796
tron,2026-01-07,0.2940699071307225,27848116281.648045,566846180.3824067,0.431288,0.00180434,0.2940699071307225,0.2940699071307225,0.2940699071307225,0.2940699071307225
tron,2026-01-08,0.29810794030342935,28230673671.341957,660415547.3482283,0.431288,0.00180434,0.29810794030342935,0.29810794030342935,0.29810794030342935,0.29810794030342935
tron,2026-01-09,0.29469732260387305,27907881619.21684,610299122.3920575,0.431288,0.00180434,0.29469732260387305,0.29469732260387305,0.29469732260387305,0.29469732260387305
tron,2026-01-10,0.2982357227426203,28243202065.839798,639421179.0931406,0.431288,0.00180434,0.2982357227426203,0.2982357227426203,0.2982357227426203,0.2982357227426203
tron,2026-01-11,0.30198633028372884,28598836567.15075,511277252.62321454,0.431288,0.00180434,0.30198633028372884,0.30198633028372884,0.30198633028372884,0.30198633028372884
tron,2026-01-12,0.29916399018102363,28332102685.39379,579176734.7863986,0.431288,0.00180434,0.29916399018102363,0.29916399018102363,0.29916399018102363,0.29916399018102363
tron,2026-01-13,0.2996295309666388,28376275935.748814,525076489.40280515,0.431288,0.00180434,0.2996295309666388,0.2996295309666388,0.2996295309666388,0.2996295309666388
tron,2026-01-14,0.30703812871379776,29078024172.34007,748379213.1285864,0.431288,0.00180434,0.30703812871379776,0.30703812871379776,0.30703812871379776,0.30703812871379776
tron,2026-01-15,0.30419827700609725,28809189152.580482,689025484.1283987,0.431288,0.00180434,0.30419827700609725,0.30419827700609725,0.30419827700609725,0.30419827700609725
tron,2026-01-16,0.31235774754445017,29581946457.1831,835175320.1796024,0.431288,0.00180434,0.31235774754445017,0.31235774754445017,0.31235774754445017,0.31235774754445017
tron,2026-01-17,0.3088170738066887,29246736998.268127,5236882233.0969515,0.431288,0.00180434,0.3088170738066887,0.3088170738066887,0.3088170738066887,0.3088170738066887
tron,2026-01-18,0.31867208822637166,30181052358.340622,525321164.114017,0.431288,0.00180434,0.31867208822637166,0.31867208822637166,0.31867208822637166,0.31867208822637166
tron,2026-01-19,0.3170732982744232,30029666848.73548,639719586.0036901,0.431288,0.00180434,0.3170732982744232,0.3170732982744232,0.3170732982744232,0.3170732982744232
tron,2026-01-20,0.31183035830833317,29533295965.806202,817067925.5090955,0.431288,0.00180434,0.31183035830833317,0.31183035830833317,0.31183035830833317,0.31183035830833317
tron,2026-01-21,0.29693713452163395,28122832905.53975,825386857.98753,0.431288,0.00180434,0.29693713452163395,0.29693713452163395,0.29693713452163395,0.29693713452163395
tron,2026-01-22,0.2992145732687577,28338669734.186344,745616198.0035008,0.431288,0.00180434,0.2992145732687577,0.2992145732687577,0.2992145732687577,0.2992145732687577
tron,2026-01-23,0.30526058323391636,28911524480.501873,672712726.350782,0.431288,0.00180434,0.30526058323391636,0.30526058323391636,0.30526058323391636,0.30526058323391636
tron,2026-01-24,0.2974355135646317,28170650839.276398,715703601.1719753,0.431288,0.00180434,0.2974355135646317,0.2974355135646317,0.2974355135646317,0.2974355135646317
tron,2026-01-25,0.2952080021611011,27960197916.69453,482767772.4723284,0.431288,0.00180434,0.2952080021611011,0.2952080021611011,0.2952080021611011,0.2952080021611011
tron,2026-01-26,0.29563578016637804,28001248614.15232,520192944.96894765,0.431288,0.00180434,0.29563578016637804,0.29563578016637804,0.29563578016637804,0.29563578016637804
tron,2026-01-27,0.2964923025235176,28082496664.106304,475479095.7028139,0.431288,0.00180434,0.2964923025235176,0.2964923025235176,0.2964923025235176,0.2964923025235176
tron,2026-01-28,0.29427345138723404,27872454634.642857,463015640.23813224,0.431288,0.00180434,0.29427345138723404,0.29427345138723404,0.29427345138723404,0.29427345138723404
tron,2026-01-29,0.2952561847318004,27965602805.28258,608294814.8636326,0.431288,0.00180434,0.2952561847318004,0.2952561847318004,0.2952561847318004,0.2952561847318004
tron,2026-01-30,0.29479739132012595,27922092671.231846,709083153.8364271,0.431288,0.00180434,0.29479739132012595,0.29479739132012595,0.29479739132012595,0.29479739132012595
tron,2026-01-31,0.294101753630644,27856130201.13486,925602926.136496,0.431288,0.00180434,0.294101753630644,0.294101753630644,0.294101753630644,0.294101753630644
tron,2026-02-01,0.2862380397201572,27111595326.426853,906554383.1305237,0.431288,0.00180434,0.2862380397201572,0.2862380397201572,0.2862380397201572,0.2862380397201572
tron,2026-02-02,0.2846649426595124,26962960473.8397,674034039.4918267,0.431288,0.00180434,0.2846649426595124,0.2846649426595124,0.2846649426595124,0.2846649426595124
tron,2026-02-03,0.28329135661449645,26832699867.830353,908834250.1345011,0.431288,0.00180434,0.28329135661449645,0.28329135661449645,0.28329135661449645,0.28329135661449645
tron,2026-02-04,0.28584876411592813,27074920037.59747,757629293.2827225,0.431288,0.00180434,0.28584876411592813,0.28584876411592813,0.28584876411592813,0.28584876411592813
tron,2026-02-05,0.28297881817637954,26803144641.960148,752401713.8423864,0.431288,0.00180434,0.28297881817637954,0.28297881817637954,0.28297881817637954,0.28297881817637954
tron,2026-02-06,0.26927295576111904,25504898220.535503,1225744629.019939,0.431288,0.00180434,0.26927295576111904,0.26927295576111904,0.26927295576111904,0.26927295576111904
tron,2026-02-07,0.2737934162613598,25933053939.98675,1155587932.354957,0.431288,0.00180434,0.2737934162613598,0.2737934162613598,0.2737934162613598,0.2737934162613598
tron,2026-02-08,0.2780795990948686,26339403817.44605,761829678.5039711,0.431288,0.00180434,0.2780795990948686,0.2780795990948686,0.2780795990948686,0.2780795990948686
tron,2026-02-09,0.27801275594389085,26333539789.226917,538428584.7895479,0.431288,0.00180434,0.27801275594389085,0.27801275594389085,0.27801275594389085,0.27801275594389085
tron,2026-02-10,0.284392954042498,26937909444.254723,687026546.2306454,0.431288,0.00180434,0.284392954042498,0.284392954042498,0.284392954042498,0.284392954042498
tron,2026-02-11,0.28428941755219295,26929550017.52141,599324776.6439469,0.431288,0.00180434,0.28428941755219295,0.28428941755219295,0.28428941755219295,0.28428941755219295
tron,2026-02-12,0.27828195920109006,26359254441.173134,639690689.9888048,0.431288,0.00180434,0.27828195920109006,0.27828195920109006,0.27828195920109006,0.27828195920109006
tron,2026-02-13,0.28011090178949494,26532643449.423725,565064065.3797629,0.431288,0.00180434,0.28011090178949494,0.28011090178949494,0.28011090178949494,0.28011090178949494
tron,2026-02-14,0.28212228921927035,26723297335.753773,617048680.4415611,0.431288,0.00180434,0.28212228921927035,0.28212228921927035,0.28212228921927035,0.28212228921927035
tron,2026-02-15,0.28246897672914323,26756534216.22599,454511579.46449447,0.431288,0.00180434,0.28246897672914323,0.28246897672914323,0.28246897672914323,0.28246897672914323
tron,2026-02-16,0.2805867938063481,26578671423.541916,468315176.1823322,0.431288,0.00180434,0.2805867938063481,0.2805867938063481,0.2805867938063481,0.2805867938063481
tron,2026-02-17,0.28445641113124104,26945468976.971607,566955385.2821437,0.431288,0.00180434,0.28445641113124104,0.28445641113124104,0.28445641113124104,0.28445641113124104
tron,2026-02-18,0.2821556140974357,26727854674.19558,555514983.8532565,0.431288,0.00180434,0.2821556140974357,0.2821556140974357,0.2821556140974357,0.2821556140974357
tron,2026-02-19,0.27871911655605136,26402680646.92417,460268742.1173799,0.431288,0.00180434,0.27871911655605136,0.27871911655605136,0.27871911655605136,0.27871911655605136
tron,2026-02-20,0.2850770120156951,27005325468.661236,609055004.8569704,0.431288,0.00180434,0.2850770120156951,0.2850770120156951,0.2850770120156951,0.2850770120156951
tron,2026-02-21,0.28535307309295316,27031803133.01533,607007080.6673144,0.431288,0.00180434,0.28535307309295316,0.28535307309295316,0.28535307309295316,0.28535307309295316
tron,2026-02-22,0.289117978131382,27388990522.676083,400828554.6301071,0.431288,0.00180434,0.289117978131382,0.289117978131382,0.289117978131382,0.289117978131382
tron,2026-02-23,0.28812491812868274,27295499442.781757,436471785.24274427,0.431288,0.00180434,0.28812491812868274,0.28812491812868274,0.28812491812868274,0.28812491812868274
tron,2026-02-24,0.28173217565317304,26690178895.74018,552272786.3167809,0.431288,0.00180434,0.28173217565317304,0.28173217565317304,0.28173217565317304,0.28173217565317304
tron,2026-02-25,0.284089722823636,26913750292.270172,495886825.68576145,0.431288,0.00180434,0.284089722823636,0.284089722823636,0.284089722823636,0.284089722823636
tron,2026-02-26,0.28526979080938314,27025762992.00649,582534532.7506635,0.431288,0.00180434,0.28526979080938314,0.28526979080938314,0.28526979080938314,0.28526979080938314
tron,2026-02-27,0.28578788242069614,27075078477.692806,450067752.21991855,0.431288,0.00180434,0.28578788242069614,0.28578788242069614,0.28578788242069614,0.28578788242069614
tron,2026-02-28,0.28299102682901783,26810255982.362785,442216709.4785002,0.431288,0.00180434,0.28299102682901783,0.28299102682901783,0.28299102682901783,0.28299102682901783
tron,2026-03-01,0.2820234777729078,26718891666.25392,454775642.2876173,0.431288,0.00180434,0.2820234777729078,0.2820234777729078,0.2820234777729078,0.2820234777729078
tron,2026-03-02,0.2808720149324316,26610227641.564583,397340916.1400484,0.431288,0.00180434,0.2808720149324316,0.2808720149324316,0.2808720149324316,0.2808720149324316
tron,2026-03-03,0.28332566736632003,26842707821.017853,421429841.8398129,0.431288,0.00180434,0.28332566736632003,0.28332566736632003,0.28332566736632003,0.28332566736632003
tron,2026-03-04,0.28038614778567866,26564161341.565487,416089671.57514775,0.431288,0.00180434,0.28038614778567866,0.28038614778567866,0.28038614778567866,0.28038614778567866
tron,2026-03-05,0.2871164752991742,27201913531.98528,681771579.5145977,0.431288,0.00180434,0.2871164752991742,0.2871164752991742,0.2871164752991742,0.2871164752991742
tron,2026-03-06,0.2852072331267691,27021090365.016876,584567381.1147851,0.431288,0.00180434,0.2852072331267691,0.2852072331267691,0.2852072331267691,0.2852072331267691
tron,2026-03-07,0.28457104331818633,26960923858.771057,407866548.3061539,0.431288,0.00180434,0.28457104331818633,0.28457104331818633,0.28457104331818633,0.28457104331818633
tron,2026-03-08,0.28672284813724735,27165231901.508835,329392254.9974054,0.431288,0.00180434,0.28672284813724735,0.28672284813724735,0.28672284813724735,0.28672284813724735
tron,2026-03-09,0.2894436409376274,27423500300.128468,450283666.50871176,0.431288,0.00180434,0.2894436409376274,0.2894436409376274,0.2894436409376274,0.2894436409376274
tron,2026-03-10,0.28556107584231655,27055753528.70162,495890236.5934695,0.431288,0.00180434,0.28556107584231655,0.28556107584231655,0.28556107584231655,0.28556107584231655
tron,2026-03-11,0.2856845327344564,27067392186.367496,381982663.78685415,0.431288,0.00180434,0.2856845327344564,0.2856845327344564,0.2856845327344564,0.2856845327344564
tron,2026-03-12,0.2913408590373311,27603486493.687874,464916731.3290502,0.431288,0.00180434,0.2913408590373311,0.2913408590373311,0.2913408590373311,0.2913408590373311
tron,2026-03-13,0.28907387274628754,27388801246.043816,364837108.64438087,0.431288,0.00180434,0.28907387274628754,0.28907387274628754,0.28907387274628754,0.28907387274628754
tron,2026-03-14,0.2934661895884261,27805156968.106686,448640151.19601494,0.431288,0.00180434,0.2934661895884261,0.2934661895884261,0.2934661895884261,0.2934661895884261
tron,2026-03-15,0.2977655987671489,28212979217.83469,489618402.556129,0.431288,0.00180434,0.2977655987671489,0.2977655987671489,0.2977655987671489,0.2977655987671489
tron,2026-03-16,0.29856410376733145,28288928772.663647,347277932.8065247,0.431288,0.00180434,0.29856410376733145,0.29856410376733145,0.29856410376733145,0.29856410376733145
tron,2026-03-17,0.29541382175472375,27990528430.90408,410814894.2226964,0.431288,0.00180434,0.29541382175472375,0.29541382175472375,0.29541382175472375,0.29541382175472375
tron,2026-03-18,0.3070078543404028,29089185270.32484,612487330.0838809,0.431288,0.00180434,0.3070078543404028,0.3070078543404028,0.3070078543404028,0.3070078543404028
tron,2026-03-19,0.3044233784490378,28844439160.70334,575705598.4369063,0.431288,0.00180434,0.3044233784490378,0.3044233784490378,0.3044233784490378,0.3044233784490378
tron,2026-03-20,0.30351065621639056,28757964843.49092,532869746.97473633,0.431288,0.00180434,0.30351065621639056,0.30351065621639056,0.30351065621639056,0.30351065621639056
tron,2026-03-21,0.30969090709316266,29343867435.03304,481807841.1622857,0.431288,0.00180434,0.30969090709316266,0.30969090709316266,0.30969090709316266,0.30969090709316266
tron,2026-03-22,0.3110336120770314,29471626963.968525,535862596.9045132,0.431288,0.00180434,0.3110336120770314,0.3110336120770314,0.3110336120770314,0.3110336120770314
tron,2026-03-23,0.31072941200819504,29442802841.420193,735080946.9405704,0.431288,0.00180434,0.31072941200819504,0.31072941200819504,0.31072941200819504,0.31072941200819504
tron,2026-03-24,0.3074640382459632,29133968609.262505,608170413.2354108,0.431288,0.00180434,0.3074640382459632,0.3074640382459632,0.3074640382459632,0.3074640382459632
tron,2026-03-25,0.30614375389209203,29009035743.61305,456704093.39622617,0.431288,0.00180434,0.30614375389209203,0.30614375389209203,0.30614375389209203,0.30614375389209203
tron,2026-03-26,0.31465627977587063,29816052669.47829,438469161.2649386,0.431288,0.00180434,0.31465627977587063,0.31465627977587063,0.31465627977587063,0.31465627977587063
tron,2026-03-27,0.31146179214099273,29513539933.475597,513828197.93930626,0.431288,0.00180434,0.31146179214099273,0.31146179214099273,0.31146179214099273,0.31146179214099273
tron,2026-03-28,0.3108635477284236,29456981528.306602,748750756.5019999,0.431288,0.00180434,0.3108635477284236,0.3108635477284236,0.3108635477284236,0.3108635477284236
tron,2026-03-29,0.3168463241005258,30024560134.100975,519711408.39648056,0.431288,0.00180434,0.3168463241005258,0.3168463241005258,0.3168463241005258,0.3168463241005258
tron,2026-03-30,0.32164951195804287,30480331392.40846,531257667.86636734,0.431288,0.00180434,0.32164951195804287,0.32164951195804287,0.32164951195804287,0.32164951195804287
tron,2026-03-31,0.31978295171296045,30303606130.27474,626620453.6889595,0.431288,0.00180434,0.31978295171296045,0.31978295171296045,0.31978295171296045,0.31978295171296045
tron,2026-04-01,0.31316671609250907,29676735945.713326,628893012.4026881,0.431288,0.00180434,0.31316671609250907,0.31316671609250907,0.31316671609250907,0.31316671609250907
tron,2026-04-02,0.3251607146370156,30813291051.73429,1592622958.427429,0.431288,0.00180434,0.3251607146370156,0.3251607146370156,0.3251607146370156,0.3251607146370156
tron,2026-04-03,0.3237765472072503,30682230314.183468,1623657595.9057174,0.431288,0.00180434,0.3237765472072503,0.3237765472072503,0.3237765472072503,0.3237765472072503
tron,2026-04-04,0.32618416742372547,30910673327.217922,1410471162.7530403,0.431288,0.00180434,0.32618416742372547,0.32618416742372547,0.32618416742372547,0.32618416742372547
tron,2026-04-05,0.3270774031826613,30995320350.299175,1351448667.0569863,0.431288,0.00180434,0.3270774031826613,0.3270774031826613,0.3270774031826613,0.3270774031826613
tron,2026-04-06,0.32744767783627027,31030409235.665543,1429468158.1667678,0.431288,0.00180434,0.32744767783627027,0.32744767783627027,0.32744767783627027,0.32744767783627027
tron,2026-04-07,0.3257820185054835,30873881287.730244,1422895002.7895858,0.431288,0.00180434,0.3257820185054835,0.3257820185054835,0.3257820185054835,0.3257820185054835
tron,2026-04-08,0.3255927636291134,30856003675.83187,1441292104.8041105,0.431288,0.00180434,0.3255927636291134,0.3255927636291134,0.3255927636291134,0.3255927636291134
tron,2026-04-09,0.32996062793820824,31270039384.00428,1488835362.5607622,0.431288,0.00180434,0.32996062793820824,0.32996062793820824,0.32996062793820824,0.32996062793820824
tron,2026-04-10,0.33111540558648483,31379662684.733486,1513725105.8794317,0.431288,0.00180434,0.33111540558648483,0.33111540558648483,0.33111540558648483,0.33111540558648483
tron,2026-04-11,0.3193011716788978,30260154184.47577,440609663.4575685,0.431288,0.00180434,0.3193011716788978,0.3193011716788978,0.3193011716788978,0.3193011716788978
tron,2026-04-12,0.3190017494465563,30231777956.260654,402695796.8820418,0.431288,0.00180434,0.3190017494465563,0.3190017494465563,0.3190017494465563,0.3190017494465563
tron,2026-04-13,0.32125869177436445,30445668254.45732,478972673.4873125,0.431288,0.00180434,0.32125869177436445,0.32125869177436445,0.32125869177436445,0.32125869177436445
tron,2026-04-14,0.3204681212169237,30371976909.802216,506053468.7629573,0.431288,0.00180434,0.3204681212169237,0.3204681212169237,0.3204681212169237,0.3204681212169237
tron,2026-04-15,0.32385301145267725,30692857144.714546,501085361.8640739,0.431288,0.00180434,0.32385301145267725,0.32385301145267725,0.32385301145267725,0.32385301145267725
tron,2026-04-16,0.32714588570214975,31004932970.617702,628838336.2339481,0.431288,0.00180434,0.32714588570214975,0.32714588570214975,0.32714588570214975,0.32714588570214975
tron,2026-04-17,0.3269918758809208,30990430215.79911,519221160.88889736,0.431288,0.00180434,0.3269918758809208,0.3269918758809208,0.3269918758809208,0.3269918758809208
tron,2026-04-18,0.3278262042421464,31069609519.80351,577435099.8088685,0.431288,0.00180434,0.3278262042421464,0.3278262042421464,0.3278262042421464,0.3278262042421464
tron,2026-04-19,0.32950086685658075,31228325061.253803,489924677.58090466,0.431288,0.00180434,0.32950086685658075,0.32950086685658075,0.32950086685658075,0.32950086685658075
tron,2026-04-20,0.3291303515069992,31193209603.47884,778130265.4163879,0.431288,0.00180434,0.3291303515069992,0.3291303515069992,0.3291303515069992,0.3291303515069992
tron,2026-04-21,0.32900286699800674,31182323486.75683,599094067.6606877,0.431288,0.00180434,0.32900286699800674,0.32900286699800674,0.32900286699800674,0.32900286699800674
tron,2026-04-22,0.332972567254329,31558702297.934994,510696389.8989396,0.431288,0.00180434,0.332972567254329,0.332972567254329,0.332972567254329,0.332972567254329
tron,2026-04-23,0.3296696960587235,31245896842.517418,641241300.0558426,0.431288,0.00180434,0.3296696960587235,0.3296696960587235,0.3296696960587235,0.3296696960587235
tron,2026-04-24,0.3288613948743078,31169504118.707623,502489832.9029484,0.431288,0.00180434,0.3288613948743078,0.3288613948743078,0.3288613948743078,0.3288613948743078
tron,2026-04-25,0.3233805325566996,30650128326.02119,633325626.4783707,0.431288,0.00180434,0.3233805325566996,0.3233805325566996,0.3233805325566996,0.3233805325566996
tron,2026-04-26,0.32403619812662354,30712272554.983395,384666394.4292425,0.431288,0.00180434,0.32403619812662354,0.32403619812662354,0.32403619812662354,0.32403619812662354
tron,2026-04-27,0.32356194088304185,30668156777.706993,344132756.3335489,0.431288,0.00180434,0.32356194088304185,0.32356194088304185,0.32356194088304185,0.32356194088304185
tron,2026-04-28,0.32531230221313917,30834350885.968456,476599941.1671861,0.431288,0.00180434,0.32531230221313917,0.32531230221313917,0.32531230221313917,0.32531230221313917
tron,2026-04-29,0.3230866118973128,30623616124.956856,399955828.5318755,0.431288,0.00180434,0.3230866118973128,0.3230866118973128,0.3230866118973128,0.3230866118973128
tron,2026-04-30,0.3230656334014304,30621897247.632763,467505618.02752715,0.431288,0.00180434,0.3230656334014304,0.3230656334014304,0.3230656334014304,0.3230656334014304
tron,2026-05-01,0.3266063272441348,30957694933.486256,438981630.9950561,0.431288,0.00180434,0.3266063272441348,0.3266063272441348,0.3266063272441348,0.3266063272441348
tron,2026-05-02,0.32691593036038297,30987387668.155415,414202649.23678607,0.431288,0.00180434,0.32691593036038297,0.32691593036038297,0.32691593036038297,0.32691593036038297
tron,2026-05-03,0.32995993347414493,31275919659.989624,523182255.75996685,0.431288,0.00180434,0.32995993347414493,0.32995993347414493,0.32995993347414493,0.32995993347414493
tron,2026-05-04,0.3382174852055166,32058628402.28856,706868974.2439847,0.431288,0.00180434,0.3382174852055166,0.3382174852055166,0.3382174852055166,0.3382174852055166
tron,2026-05-05,0.3408626397772563,32310832640.095432,595643882.4265381,0.431288,0.00180434,0.3408626397772563,0.3408626397772563,0.3408626397772563,0.3408626397772563
tron,2026-05-06,0.34468901853353945,32673769120.739807,580857273.3355378,0.431288,0.00180434,0.34468901853353945,0.34468901853353945,0.34468901853353945,0.34468901853353945
tron,2026-05-07,0.3462086046985346,32817970637.535587,548464949.3954512,0.431288,0.00180434,0.3462086046985346,0.3462086046985346,0.3462086046985346,0.3462086046985346
tron,2026-05-08,0.3489678068232581,33079742025.89745,445967398.078703,0.431288,0.00180434,0.3489678068232581,0.3489678068232581,0.3489678068232581,0.3489678068232581
tron,2026-05-09,0.3501997668886633,33196799479.746723,539405329.0421952,0.431288,0.00180434,0.3501997668886633,0.3501997668886633,0.3501997668886633,0.3501997668886633
tron,2026-05-10,0.35010169795260815,33187503143.446053,478793490.2571076,0.431288,0.00180434,0.35010169795260815,0.35010169795260815,0.35010169795260815,0.35010169795260815
tron,2026-05-11,0.35061421804303594,33236086918.422356,384063750.2004903,0.431288,0.00180434,0.35061421804303594,0.35061421804303594,0.35061421804303594,0.35061421804303594
tron,2026-05-12,0.35098621575343186,33272671940.22369,435304410.98508424,0.431288,0.00180434,0.35098621575343186,0.35098621575343186,0.35098621575343186,0.35098621575343186
tron,2026-05-13,0.34896701687700177,33081322634.219894,512349470.4958678,0.431288,0.00180434,0.34896701687700177,0.34896701687700177,0.34896701687700177,0.34896701687700177
tron,2026-05-14,0.3494534600968379,33127596343.01501,446617108.2065928,0.431288,0.00180434,0.3494534600968379,0.3494534600968379,0.3494534600968379,0.3494534600968379
tron,2026-05-15,0.35359302258299424,33520238348.855442,515787057.0413229,0.431288,0.00180434,0.35359302258299424,0.35359302258299424,0.35359302258299424,0.35359302258299424
tron,2026-05-16,0.35199618903609703,33368899788.783764,521466166.5393686,0.431288,0.00180434,0.35199618903609703,0.35199618903609703,0.35199618903609703,0.35199618903609703
tron,2026-05-17,0.3550016502167436,33653814614.795677,480715932.4517638,0.431288,0.00180434,0.3550016502167436,0.3550016502167436,0.3550016502167436,0.3550016502167436
tron,2026-05-18,0.35530754426231037,33682813075.774628,426109861.76737714,0.431288,0.00180434,0.35530754426231037,0.35530754426231037,0.35530754426231037,0.35530754426231037
tron,2026-05-19,0.35543835654923417,33696310230.435295,575592052.8692966,0.431288,0.00180434,0.35543835654923417,0.35543835654923417,0.35543835654923417,0.35543835654923417
tron,2026-05-20,0.35596538807247285,33746411834.46493,464323986.2614719,0.431288,0.00180434,0.35596538807247285,0.35596538807247285,0.35596538807247285,0.35596538807247285
tron,2026-05-21,0.35891449777820633,34026193697.037395,495538012.5521474,0.431288,0.00180434,0.35891449777820633,0.35891449777820633,0.35891449777820633,0.35891449777820633
tron,2026-05-22,0.36496144670339076,34599744200.341835,572774704.9665557,0.431288,0.00180434,0.36496144670339076,0.36496144670339076,0.36496144670339076,0.36496144670339076
tron,2026-05-23,0.3618946466044412,34309321743.2056,581862609.2400465,0.431288,0.00180434,0.3618946466044412,0.3618946466044412,0.3618946466044412,0.3618946466044412
tron,2026-05-24,0.3626477720972142,34380721596.96692,511557318.73054063,0.431288,0.00180434,0.3626477720972142,0.3626477720972142,0.3626477720972142,0.3626477720972142
tron,2026-05-25,0.3652836518428822,34630615446.23783,462727331.4193073,0.431288,0.00180434,0.3652836518428822,0.3652836518428822,0.3652836518428822,0.3652836518428822
tron,2026-05-26,0.3714448936848992,35216324043.63096,687916441.6405368,0.431288,0.00180434,0.3714448936848992,0.3714448936848992,0.3714448936848992,0.3714448936848992
tron,2026-05-27,0.37505487752025024,35558864932.8791,687570388.9205695,0.431288,0.00180434,0.37505487752025024,0.37505487752025024,0.37505487752025024,0.37505487752025024
tron,2026-05-28,0.3676562136736335,34857759657.15631,553049997.5624382,0.431288,0.00180434,0.3676562136736335,0.3676562136736335,0.3676562136736335,0.3676562136736335
tron,2026-05-29,0.3525365688178781,33424560463.04539,896656081.6392354,0.431288,0.00180434,0.3525365688178781,0.3525365688178781,0.3525365688178781,0.3525365688178781
tron,2026-05-30,0.344005522370364,32615994855.957294,716589585.7346181,0.431288,0.00180434,0.344005522370364,0.344005522370364,0.344005522370364,0.344005522370364
tron,2026-05-31,0.3477350084255553,32969596441.05197,504324173.2922418,0.431288,0.00180434,0.3477350084255553,0.3477350084255553,0.3477350084255553,0.3477350084255553
tron,2026-06-01,0.35105487143047276,33284360674.907185,442183211.0053429,0.431288,0.00180434,0.35105487143047276,0.35105487143047276,0.35105487143047276,0.35105487143047276
tron,2026-06-02,0.343290209972402,32549430636.885998,548639245.551662,0.431288,0.00180434,0.343290209972402,0.343290209972402,0.343290209972402,0.343290209972402
tron,2026-06-03,0.3323341852201307,31510685784.17416,669572051.7010506,0.431288,0.00180434,0.3323341852201307,0.3323341852201307,0.3323341852201307,0.3323341852201307
tron,2026-06-04,0.33286777891048197,31561561788.832645,608650532.8586001,0.431288,0.00180434,0.33286777891048197,0.33286777891048197,0.33286777891048197,0.33286777891048197
tron,2026-06-05,0.3322241028188934,31500856286.930958,867188496.769318,0.431288,0.00180434,0.3322241028188934,0.3322241028188934,0.3322241028188934,0.3322241028188934
tron,2026-06-06,0.32014601258777226,30355874373.588158,1034140716.2315859,0.431288,0.00180434,0.32014601258777226,0.32014601258777226,0.32014601258777226,0.32014601258777226
tron,2026-06-07,0.32406470243784896,30727440009.644207,596073752.3432997,0.431288,0.00180434,0.32406470243784896,0.32406470243784896,0.32406470243784896,0.32406470243784896
tron,2026-06-08,0.3266629837323283,30973806034.711708,523003800.0686591,0.431288,0.00180434,0.3266629837323283,0.3266629837323283,0.3266629837323283,0.3266629837323283
tron,2026-06-09,0.32661548296810106,30970787398.14518,481956578.20956767,0.431288,0.00180434,0.32661548296810106,0.32661548296810106,0.32661548296810106,0.32661548296810106
tron,2026-06-10,0.3227196485775606,30601642153.398052,496416538.49105465,0.431288,0.00180434,0.3227196485775606,0.3227196485775606,0.3227196485775606,0.3227196485775606
tron,2026-06-11,0.32089740638158765,30429058502.077316,441904426.5765693,0.431288,0.00180434,0.32089740638158765,0.32089740638158765,0.32089740638158765,0.32089740638158765
tron,2026-06-12,0.3165843124611876,30020340396.584923,691230393.7802134,0.431288,0.00180434,0.3165843124611876,0.3165843124611876,0.3165843124611876,0.3165843124611876
tron,2026-06-13,0.31520836023398074,29890197149.639038,563897876.2226471,0.431288,0.00180434,0.31520836023398074,0.31520836023398074,0.31520836023398074,0.31520836023398074
tron,2026-06-14,0.31705347205881534,30065163182.15955,378451825.3100601,0.431288,0.00180434,0.31705347205881534,0.31705347205881534,0.31705347205881534,0.31705347205881534
tron,2026-06-15,0.32151012565117854,30487773338.833378,496768930.9310694,0.431288,0.00180434,0.32151012565117854,0.32151012565117854,0.32151012565117854,0.32151012565117854
tron,2026-06-16,0.3182180659790366,30176795492.21328,604893906.7458961,0.431288,0.00180434,0.3182180659790366,0.3182180659790366,0.3182180659790366,0.3182180659790366
tron,2026-06-17,0.31670147948215566,30033200208.78185,551349934.0676054,0.431288,0.00180434,0.31670147948215566,0.31670147948215566,0.31670147948215566,0.31670147948215566
tron,2026-06-18,0.3215018870633772,30488757661.051636,599745144.8254323,0.431288,0.00180434,0.3215018870633772,0.3215018870633772,0.3215018870633772,0.3215018870633772
tron,2026-06-19,0.3204959763775471,30393665175.546062,489271132.72429854,0.431288,0.00180434,0.3204959763775471,0.3204959763775471,0.3204959763775471,0.3204959763775471
tron,2026-06-20,0.32358063639094947,30686586761.897446,587930809.6777894,0.431288,0.00180434,0.32358063639094947,0.32358063639094947,0.32358063639094947,0.32358063639094947
tron,2026-06-21,0.3264235162711804,30956189668.5218,639925397.4997606,0.431288,0.00180434,0.3264235162711804,0.3264235162711804,0.3264235162711804,0.3264235162711804
tron,2026-06-22,0.3273694970376364,31045901219.83313,371580233.6487032,0.431288,0.00180434,0.3273694970376364,0.3273694970376364,0.3273694970376364,0.3273694970376364
tron,2026-06-23,0.3336742605776403,31645543632.15635,592887977.0496812,0.431288,0.00180434,0.3336742605776403,0.3336742605776403,0.3336742605776403,0.3336742605776403
tron,2026-06-24,0.3289315398232175,31196075451.03148,503038170.2187263,0.431288,0.00180434,0.3289315398232175,0.3289315398232175,0.3289315398232175,0.3289315398232175
tron,2026-06-25,0.3269378503364282,31007403920.174103,702426153.8279305,0.431288,0.00180434,0.3269378503364282,0.3269378503364282,0.3269378503364282,0.3269378503364282
tron,2026-06-26,0.3235205829389456,30683685268.10162,716323257.0276875,0.431288,0.00180434,0.3235205829389456,0.3235205829389456,0.3235205829389456,0.3235205829389456
tron,2026-06-27,0.32021167590692945,30370290876.321777,543152578.8245013,0.431288,0.00180434,0.32021167590692945,0.32021167590692945,0.32021167590692945,0.32021167590692945
tron,2026-06-28,0.3209694091478663,30442445387.05561,368533111.33640563,0.431288,0.00180434,0.3209694091478663,0.3209694091478663,0.3209694091478663,0.3209694091478663
tron,2026-06-29,0.3218498247211545,30525948681.27575,469899063.8286276,0.431288,0.00180434,0.3218498247211545,0.3218498247211545,0.3218498247211545,0.3218498247211545
tron,2026-06-30,0.3210027320081194,30446783361.6297,549696166.1580274,0.431288,0.00180434,0.3210027320081194,0.3210027320081194,0.3210027320081194,0.3210027320081194
tron,2026-07-01,0.3150467400904058,29882141758.819096,530812012.5846043,0.431288,0.00180434,0.3150467400904058,0.3150467400904058,0.3150467400904058,0.3150467400904058
tron,2026-07-02,0.3157441039368279,29948530514.43644,470331380.76644355,0.431288,0.00180434,0.3157441039368279,0.3157441039368279,0.3157441039368279,0.3157441039368279
tron,2026-07-03,0.3172706099160161,30093607157.34546,381087180.9165856,0.431288,0.00180434,0.3172706099160161,0.3172706099160161,0.3172706099160161,0.3172706099160161
tron,2026-07-04,0.3231213476444479,30648926004.143864,461834004.77758473,0.431288,0.00180434,0.3231213476444479,0.3231213476444479,0.3231213476444479,0.3231213476444479
tron,2026-07-05,0.3250639392226808,30833186022.77639,349259154.2242507,0.431288,0.00180434,0.3250639392226808,0.3250639392226808,0.3250639392226808,0.3250639392226808
tron,2026-07-06,0.32902309356062304,31209880516.11152,439358990.7958276,0.431288,0.00180434,0.32902309356062304,0.32902309356062304,0.32902309356062304,0.32902309356062304
tron,2026-07-07,0.3294660715810809,31252393811.42806,484947726.65213084,0.431288,0.00180434,0.3294660715810809,0.3294660715810809,0.3294660715810809,0.3294660715810809
tron,2026-07-08,0.33145365400189114,31441272277.48705,394523588.0744924,0.431288,0.00180434,0.33145365400189114,0.33145365400189114,0.33145365400189114,0.33145365400189114
tron,2026-07-09,0.32824097208793257,31136860791.42927,440225394.7305717,0.431288,0.00180434,0.32824097208793257,0.32824097208793257,0.32824097208793257,0.32824097208793257
tron,2026-07-10,0.3319716000638488,31491050701.874935,373062438.8233739,0.431288,0.00180434,0.3319716000638488,0.3319716000638488,0.3319716000638488,0.3319716000638488
tron,2026-07-11,0.3302389262053864,31326951698.062584,372049241.5388548,0.431288,0.00180434,0.3302389262053864,0.3302389262053864,0.3302389262053864,0.3302389262053864
tron,2026-07-12,0.3296584253132556,31271884527.09815,283536316.1964161,0.431288,0.00180434,0.3296584253132556,0.3296584253132556,0.3296584253132556,0.3296584253132556
tron,2026-07-13,0.331333508273943,31430785367.779373,294948807.5365651,0.431288,0.00180434,0.331333508273943,0.331333508273943,0.331333508273943,0.331333508273943
tron,2026-07-14,0.3241850193170108,30754133311.041798,443287990.67298466,0.431288,0.00180434,0.3241850193170108,0.3241850193170108,0.3241850193170108,0.3241850193170108
tron,2026-07-15,0.3257106930900173,30899122474.74149,378418326.335145,0.431288,0.00180434,0.3257106930900173,0.3257106930900173,0.3257106930900173,0.3257106930900173
tron,2026-07-16,0.3243314121284,30768461335.324554,419092215.06473345,0.431288,0.00180434,0.3243314121284,0.3243314121284,0.3243314121284,0.3243314121284
tron,2026-07-17,0.32304898579215596,30647097096.257034,322261050.90230966,0.431288,0.00180434,0.32304898579215596,0.32304898579215596,0.32304898579215596,0.32304898579215596
tron,2026-07-18,0.32256822275880787,30601824816.192894,333901771.6124988,0.431288,0.00180434,0.32256822275880787,0.32256822275880787,0.32256822275880787,0.32256822275880787
tron,2026-07-19,0.3256318700488089,30892470921.582253,317996122.53550106,0.431288,0.00180434,0.3256318700488089,0.3256318700488089,0.3256318700488089,0.3256318700488089
tron,2026-07-20,0.32671095226218805,30994842706.917072,270348597.38803613,0.431288,0.00180434,0.32671095226218805,0.32671095226218805,0.32671095226218805,0.32671095226218805
tron,2026-07-21,0.32666215382358943,30991782833.637573,352582690.585362,0.431288,0.00180434,0.32666215382358943,0.32666215382358943,0.32666215382358943,0.32666215382358943
tron,2026-07-22,0.32943744569339517,31255417799.68577,350026533.3131987,0.431288,0.00180434,0.32943744569339517,0.32943744569339517,0.32943744569339517,0.32943744569339517
tron,2026-07-23,0.3287571731287957,31191262767.40121,304462711.6014426,0.431288,0.00180434,0.3287571731287957,0.3287571731287957,0.3287571731287957,0.3287571731287957
tron,2026-07-24,0.32867848630262414,31184199991.71061,348735237.4166253,0.431288,0.00180434,0.32867848630262414,0.32867848630262414,0.32867848630262414,0.32867848630262414
tron,2026-07-25,0.330630202638421,31369954613.74842,362398885.52363926,0.431288,0.00180434,0.330630202638421,0.330630202638421,0.330630202638421,0.330630202638421
tron,2026-07-26,0.331333445983987,31436677834.001083,298230825.4526577,0.431288,0.00180434,0.331333445983987,0.331333445983987,0.331333445983987,0.331333445983987
tron,2026-07-27,0.3320912955312704,31508582051.19787,267054561.23413643,0.431288,0.00180434,0.3320912955312704,0.3320912955312704,0.3320912955312704,0.3320912955312704
tron,2026-07-28,0.32486918197794373,30824891359.89284,401529204.01978844,0.431288,0.00180434,0.32486918197794373,0.32486918197794373,0.32486918197794373,0.32486918197794373
tron,2026-07-29,0.32449170660641097,30789324219.853554,371596535.407404,0.431288,0.00180434,0.32449170660641097,0.32449170660641097,0.32449170660641097,0.32449170660641097
tron,2026-07-30,0.32542527258577386,30878210351.75683,344867748.3163251,0.431288,0.00180434,0.32542527258577386,0.32542527258577386,0.32542527258577386,0.32542527258577386
tron,2026-07-31,0.3284589969898396,31166330217.18959,337560367.0939826,0.431288,0.00180434,0.3284589969898396,0.3284589969898396,0.3284589969898396,0.3284589969898396
tron,2026-08-01,0.32572923649952346,30907543698.12428,387666711.668419,0.431288,0.00180434,0.32572923649952346,0.32572923649952346,0.32572923649952346,0.32572923649952346
tron,2026-08-02,0.3276615417698063,31090894785.122787,337665071.0882337,0.431288,0.00180434,0.3276615417698063,0.3276615417698063,0.3276615417698063,0.3276615417698063
tron,2026-08-03,0.326482826227484,30979049736.997864,292338436.935052,0.431288,0.00180434,0.326482826227484,0.326482826227484,0.326482826227484,0.326482826227484
tron,2026-08-04,0.3285572363835069,31177068933.053776,370946713.06371117,0.431288,0.00180434,0.3285572363835069,0.3285572363835069,0.3285572363835069,0.3285572363835069
tron,2026-08-05,0.3270794706331013,31037047393.868057,444791188.88934773,0.431288,0.00180434,0.3270794706331013,0.3270794706331013,0.3270794706331013,0.3270794706331013
tron,2026-08-06,0.3271396488609395,31042953060.70589,384211757.124713,0.431288,0.00180434,0.3271396488609395,0.3271396488609395,0.3271396488609395,0.3271396488609395
tron,2026-08-07,0.32688870085502136,31019379597.09541,346906789.5698556,0.431288,0.00180434,0.32688870085502136,0.32688870085502136,0.32688870085502136,0.32688870085502136
tron,2026-08-08,0.32742716856295606,31070726973.514423,313769814.27669305,0.431288,0.00180434,0.32742716856295606,0.32742716856295606,0.32742716856295606,0.32742716856295606
tron,2026-08-09,0.32885380800488556,31206105857.26553,237360135.46210784,0.431288,0.00180434,0.32885380800488556,0.32885380800488556,0.32885380800488556,0.32885380800488556
tron,2026-08-10,0.32964857204043363,31281523839.42401,239788731.768007,0.431288,0.00180434,0.32964857204043363,0.32964857204043363,0.32964857204043363,0.32964857204043363
tron,2026-08-11,0.33056103001536236,31369458414.08328,383392554.667427,0.431288,0.00180434,0.33056103001536236,0.33056103001536236,0.33056103001536236,0.33056103001536236
tron,2026-08-12,0.334886888395544,31780218513.776302,432974450.13070583,0.431288,0.00180434,0.334886888395544,0.334886888395544,0.334886888395544,0.334886888395544
tron,2026-08-13,0.33591335154978585,31878002383.380386,342715090.5040847,0.431288,0.00180434,0.33591335154978585,0.33591335154978585,0.33591335154978585,0.33591335154978585
tron,2026-08-14,0.3342586861928875,31721469770.134438,350229858.4416652,0.431288,0.00180434,0.3342586861928875,0.3342586861928875,0.3342586861928875,0.3342586861928875
tron,2026-08-15,0.3323894631120405,31544495315.66832,297518832.60495806,0.431288,0.00180434,0.3323894631120405,0.3323894631120405,0.3323894631120405,0.3323894631120405
tron,2026-08-16,0.3309531432097145,31408185379.70789,271803870.60306406,0.431288,0.00180434,0.3309531432097145,0.3309531432097145,0.3309531432097145,0.3309531432097145
tron,2026-08-17,0.33099359630543856,31412881216.792324,228072254.36130014,0.431288,0.00180434,0.33099359630543856,0.33099359630543856,0.33099359630543856,0.33099359630543856
tron,2026-08-18,0.33102691158162484,31416970302.511223,332653422.98711187,0.431288,0.00180434,0.33102691158162484,0.33102691158162484,0.33102691158162484,0.33102691158162484
tron,2026-08-19,0.3326562685492577,31572028139.750996,367712586.85360324,0.431288,0.00180434,0.3326562685492577,0.3326562685492577,0.3326562685492577,0.3326562685492577
tron,2026-08-20,0.3343218747177388,31730547559.099495,389211969.8326626,0.431288,0.00180434,0.3343218747177388,0.3343218747177388,0.3343218747177388,0.3343218747177388
tron,2026-08-21,0.3374381467260124,32026718941.170513,572158819.5118786,0.431288,0.00180434,0.3374381467260124,0.3374381467260124,0.3374381467260124,0.3374381467260124
tron,2026-08-22,0.3433341337455647,32586731409.28731,505119901.5340613,0.431288,0.00180434,0.3433341337455647,0.3433341337455647,0.3433341337455647,0.3433341337455647
tron,2026-08-23,0.3442672138263946,32675292455.186382,725046694.5977659,0.431288,0.00180434,0.3442672138263946,0.3442672138263946,0.3442672138263946,0.3442672138263946
tron,2026-08-24,0.3440428718464945,32653999577.128857,374647955.75147414,0.431288,0.00180434,0.3440428718464945,0.3440428718464945,0.3440428718464945,0.3440428718464945
tron,2026-08-25,0.3447899585776834,32726803187.4749,422278762.2504396,0.431288,0.00180434,0.3447899585776834,0.3447899585776834,0.3447899585776834,0.3447899585776834
tron,2026-08-26,0.3362212292148693,31913925333.74153,538051230.1506507,0.431288,0.00180434,0.3362212292148693,0.3362212292148693,0.3362212292148693,0.3362212292148693
tron,2026-08-27,0.3360548814670816,31898629178.065723,513099702.7345169,0.431288,0.00180434,0.3360548814670816,0.3360548814670816,0.3360548814670816,0.3360548814670816
tron,2026-08-28,0.33773164241548725,32058251356.40926,441201811.99670637,0.431288,0.00180434,0.33773164241548725,0.33773164241548725,0.33773164241548725,0.33773164241548725
tron,2026-08-29,0.34146270035691906,32412903530.19049,532877183.82956314,0.431288,0.00180434,0.34146270035691906,0.34146270035691906,0.34146270035691906,0.34146270035691906
tron,2026-08-30,0.3407902174318556,32349068961.574364,310222692.3332549,0.431288,0.00180434,0.3407902174318556,0.3407902174318556,0.3407902174318556,0.3407902174318556
tron,2026-08-31,0.3359722775477035,31893110750.87777,325691919.31593066,0.431288,0.00180434,0.3359722775477035,0.3359722775477035,0.3359722775477035,0.3359722775477035
tron,2026-09-01,0.3324104021683489,31555380889.33604,448544356.51999897,0.431288,0.00180434,0.3324104021683489,0.3324104021683489,0.3324104021683489,0.3324104021683489
tron,2026-09-02,0.32221537516581966,30587886983.380833,613850514.7611606,0.431288,0.00180434,0.32221537516581966,0.32221537516581966,0.32221537516581966,0.32221537516581966
tron,2026-09-03,0.32503005585690836,30855458869.88672,339367814.35829693,0.431288,0.00180434,0.32503005585690836,0.32503005585690836,0.32503005585690836,0.32503005585690836
tron,2026-09-04,0.3307708035763806,31400867367.15122,406714817.17866564,0.431288,0.00180434,0.3307708035763806,0.3307708035763806,0.3307708035763806,0.3307708035763806
tron,2026-09-05,0.3314700643795388,31467678472.29652,406864010.737907,0.431288,0.00180434,0.3314700643795388,0.3314700643795388,0.3314700643795388,0.3314700643795388
tron,2026-09-06,0.3338045766063266,31690037975.205677,256109989.72743526,0.431288,0.00180434,0.3338045766063266,0.3338045766063266,0.3338045766063266,0.3338045766063266
tron,2026-09-07,0.3351557444279676,31818312308.691452,243097600.11103594,0.431288,0.00180434,0.3351557444279676,0.3351557444279676,0.3351557444279676,0.3351557444279676
tron,2026-09-08,0.3345362114701829,31760675946.616768,327247657.3885177,0.431288,0.00180434,0.3345362114701829,0.3345362114701829,0.3345362114701829,0.3345362114701829
tron,2026-09-09,0.3388378601552687,32169509166.089645,382077749.01767516,0.431288,0.00180434,0.3388378601552687,0.3388378601552687,0.3388378601552687,0.3388378601552687
tron,2026-09-10,0.33880627147597436,32166945469.47762,323968296.58714837,0.431288,0.00180434,0.33880627147597436,0.33880627147597436,0.33880627147597436,0.33880627147597436
tron,2026-09-11,0.33992642379795607,32273740604.223198,372970579.2528762,0.431288,0.00180434,0.33992642379795607,0.33992642379795607,0.33992642379795607,0.33992642379795607
tron,2026-09-12,0.33853196224589654,32141799667.555664,413196127.2169157,0.431288,0.00180434,0.33853196224589654,0.33853196224589654,0.33853196224589654,0.33853196224589654
tron,2026-09-13,0.33987351022083845,32269172474.450855,465752151.5445211,0.431288,0.00180434,0.33987351022083845,0.33987351022083845,0.33987351022083845,0.33987351022083845
tron,2026-09-14,0.3383041491232267,32120170029.686565,319129923.66184765,0.431288,0.00180434,0.3383041491232267,0.3383041491232267,0.3383041491232267,0.3383041491232267
tron,2026-09-15,0.33810796893055944,32103475080.83354,458252046.7384295,0.431288,0.00180434,0.33810796893055944,0.33810796893055944,0.33810796893055944,0.33810796893055944
tron,2026-09-16,0.3328337437647562,31602905694.49791,475531713.84440374,0.431288,0.00180434,0.3328337437647562,0.3328337437647562,0.3328337437647562,0.3328337437647562
tron,2026-09-17,0.33546305524799064,31852932278.895573,421449118.47907865,0.431288,0.00180434,0.33546305524799064,0.33546305524799064,0.33546305524799064,0.33546305524799064
tron,2026-09-18,0.3346669205316557,31777812148.47549,341992156.5370311,0.431288,0.00180434,0.3346669205316557,0.3346669205316557,0.3346669205316557,0.3346669205316557
tron,2026-09-19,0.33830315503656067,32123535922.471268,416369979.33916223,0.431288,0.00180434,0.33830315503656067,0.33830315503656067,0.33830315503656067,0.33830315503656067
tron,2026-09-20,0.33976389757630177,32262617633.19449,386490070.38978314,0.431288,0.00180434,0.33976389757630177,0.33976389757630177,0.33976389757630177,0.33976389757630177
tron,2026-09-21,0.34253995138663706,32526220574.092316,443061746.6914005,0.431288,0.00180434,0.34253995138663706,0.34253995138663706,0.34253995138663706,0.34253995138663706
zcash,2025-09-23,48.58039873354287,792074902.4374174,62583915.853072755,,,48.58039873354287,48.58039873354287,48.58039873354287,48.58039873354287
zcash,2025-09-24,54.98600269471488,891893382.9785646,72196577.74203852,,,54.98600269471488,54.98600269471488,54.98600269471488,54.98600269471488
zcash,2025-09-25,58.76444497176032,957362805.179242,101046326.56966774,,,58.76444497176032,58.76444497176032,58.76444497176032,58.76444497176032
zcash,2025-09-26,54.78644558612746,888570415.9652939,140700003.80093494,,,54.78644558612746,54.78644558612746,54.78644558612746,54.78644558612746
zcash,2025-09-27,56.12368634088379,917700056.07753,57686977.18802298,,,56.12368634088379,56.12368634088379,56.12368634088379,56.12368634088379
zcash,2025-09-28,55.100526017861576,898270771.5073119,113621168.9990179,,,55.100526017861576,55.100526017861576,55.100526017861576,55.100526017861576
zcash,2025-09-29,61.38502529570174,1000215579.0143696,58036808.06008245,,,61.38502529570174,61.38502529570174,61.38502529570174,61.38502529570174
zcash,2025-09-30,72.2867786703928,1178320627.6249232,156075392.0696101,,,72.2867786703928,72.2867786703928,72.2867786703928,72.2867786703928
zcash,2025-10-01,74.10611968005912,1208409831.7593987,289137371.17558694,,,74.10611968005912,74.10611968005912,74.10611968005912,74.10611968005912
zcash,2025-10-02,120.15387545287092,1958785315.2511368,744522282.5353489,,,120.15387545287092,120.15387545287092,120.15387545287092,120.15387545287092
zcash,2025-10-03,131.21225564668927,2133738268.8147984,1169024378.002047,,,131.21225564668927,131.21225564668927,131.21225564668927,131.21225564668927
zcash,2025-10-04,127.53623734525152,2090195096.635407,572742800.0456996,,,127.53623734525152,127.53623734525152,127.53623734525152,127.53623734525152
zcash,2025-10-05,157.3392787488459,2570585881.5792847,675782865.2462653,,,157.3392787488459,157.3392787488459,157.3392787488459,157.3392787488459
zcash,2025-10-06,165.7141280325909,2710041206.428195,573328165.4293319,,,165.7141280325909,165.7141280325909,165.7141280325909,165.7141280325909
zcash,2025-10-07,157.11732155612032,2553720302.2667313,499921315.5785864,,,157.11732155612032,157.11732155612032,157.11732155612032,157.11732155612032
zcash,2025-10-08,127.88151226117724,2086695564.1807303,554002193.1918575,,,127.88151226117724,127.88151226117724,127.88151226117724,127.88151226117724
zcash,2025-10-09,175.5783770671204,2876056521.584043,754515200.0959213,,,175.5783770671204,175.5783770671204,175.5783770671204,175.5783770671204
zcash,2025-10-10,213.64839600701333,3491766941.0475674,1017905086.8968108,,,213.64839600701333,213.64839600701333,213.64839600701333,213.64839600701333
zcash,2025-10-11,229.2593080694026,3744398990.3230367,1667544827.1849,,,229.2593080694026,229.2593080694026,229.2593080694026,229.2593080694026
zcash,2025-10-12,293.0956233563993,4790671289.060395,1620649039.770729,,,293.0956233563993,293.0956233563993,293.0956233563993,293.0956233563993
zcash,2025-10-13,261.28568078351356,4266039900.6718416,1045315455.5594704,,,261.28568078351356,261.28568078351356,261.28568078351356,261.28568078351356
zcash,2025-10-14,249.76038881758237,4082763759.881635,760443823.063963,,,249.76038881758237,249.76038881758237,249.76038881758237,249.76038881758237
zcash,2025-10-15,247.97096854651684,4047750367.4301586,874773230.0000305,,,247.97096854651684,247.97096854651684,247.97096854651684,247.97096854651684
zcash,2025-10-16,229.8183359735714,3750856819.1326585,797024576.6011655,,,229.8183359735714,229.8183359735714,229.8183359735714,229.8183359735714
zcash,2025-10-17,204.53340729526244,3344582376.4544525,596045754.4554939,,,204.53340729526244,204.53340729526244,204.53340729526244,204.53340729526244
zcash,2025-10-18,217.4053464328621,3549224437.8685484,805588231.1496073,,,217.4053464328621,217.4053464328621,217.4053464328621,217.4053464328621
zcash,2025-10-19,220.987020510236,3606438919.8111305,401087311.7865861,,,220.987020510236,220.987020510236,220.987020510236,220.987020510236
zcash,2025-10-20,235.5366094473388,3867313863.142096,479361970.17764497,,,235.5366094473388,235.5366094473388,235.5366094473388,235.5366094473388
zcash,2025-10-21,268.63388684496107,4386004703.790339,752692198.584982,,,268.63388684496107,268.63388684496107,268.63388684496107,268.63388684496107
zcash,2025-10-22,263.24904175469686,4303702121.209618,916715260.671493,,,263.24904175469686,263.24904175469686,263.24904175469686,263.24904175469686
zcash,2025-10-23,238.47015514827632,3903195731.996216,699311523.9036604,,,238.47015514827632,238.47015514827632,238.47015514827632,238.47015514827632
zcash,2025-10-24,243.11025015165947,3971912975.166303,466723698.7552273,,,243.11025015165947,243.11025015165947,243.11025015165947,243.11025015165947
zcash,2025-10-25,270.5618145714378,4434675657.85033,539983184.2168334,,,270.5618145714378,270.5618145714378,270.5618145714378,270.5618145714378
zcash,2025-10-26,275.3177136204163,4499782971.92694,381021337.98573345,,,275.3177136204163,275.3177136204163,275.3177136204163,275.3177136204163
zcash,2025-10-27,327.51012220887975,5368162850.246249,1384298646.466958,,,327.51012220887975,327.51012220887975,327.51012220887975,327.51012220887975
zcash,2025-10-28,341.20271986103637,5589714940.402669,1008590862.4846908,,,341.20271986103637,341.20271986103637,341.20271986103637,341.20271986103637
zcash,2025-10-29,315.9646098548533,5172752881.000352,729135744.3501453,,,315.9646098548533,315.9646098548533,315.9646098548533,315.9646098548533
zcash,2025-10-30,350.5504449220746,5762616875.138476,785658421.4682808,,,350.5504449220746,350.5504449220746,350.5504449220746,350.5504449220746
zcash,2025-10-31,343.90674630363327,5651899227.820012,1013625884.4007837,,,343.90674630363327,343.90674630363327,343.90674630363327,343.90674630363327
zcash,2025-11-01,404.7621299797708,6626876046.4154005,1468192407.3489392,,,404.7621299797708,404.7621299797708,404.7621299797708,404.7621299797708
zcash,2025-11-02,411.60325332005885,6751570483.450183,1169288368.5758083,,,411.60325332005885,411.60325332005885,411.60325332005885,411.60325332005885
zcash,2025-11-03,417.7494920291106,6834604111.235469,957014096.3864918,,,417.7494920291106,417.7494920291106,417.7494920291106,417.7494920291106
zcash,2025-11-04,432.0111207370554,7054290523.447647,1045068010.6348482,,,432.0111207370554,432.0111207370554,432.0111207370554,432.0111207370554
zcash,2025-11-05,443.2769272224937,7271920565.27363,2650034233.625278,,,443.2769272224937,443.2769272224937,443.2769272224937,443.2769272224937
zcash,2025-11-06,479.9682969981689,7850984651.688283,1598515900.9058878,,,479.9682969981689,479.9682969981689,479.9682969981689,479.9682969981689
zcash,2025-11-07,532.3390878396124,8715747932.764591,1653485830.3684535,,,532.3390878396124,532.3390878396124,532.3390878396124,532.3390878396124
zcash,2025-11-08,649.8903462844702,10558940088.209375,4318390193.84194,,,649.8903462844702,649.8903462844702,649.8903462844702,649.8903462844702
zcash,2025-11-09,597.2849770568632,9864085932.108831,4008428896.514977,,,597.2849770568632,597.2849770568632,597.2849770568632,597.2849770568632
zcash,2025-11-10,614.3728973117106,10048504740.910246,2188501643.7736363,,,614.3728973117106,614.3728973117106,614.3728973117106,614.3728973117106
zcash,2025-11-11,523.0839257742082,8533782098.950956,4101767184.7907567,,,523.0839257742082,523.0839257742082,523.0839257742082,523.0839257742082
zcash,2025-11-12,445.9729249925471,7299193893.364437,2349145069.687629,,,445.9729249925471,445.9729249925471,445.9729249925471,445.9729249925471
zcash,2025-11-13,505.48002899275656,8334338534.855656,2248903447.1712065,,,505.48002899275656,505.48002899275656,505.48002899275656,505.48002899275656
zcash,2025-11-14,517.8020446619167,8485608822.128363,1713410601.6815894,,,517.8020446619167,517.8020446619167,517.8020446619167,517.8020446619167
zcash,2025-11-15,608.1992224487858,9903707114.019337,2301947104.95869,,,608.1992224487858,608.1992224487858,608.1992224487858,608.1992224487858
zcash,2025-11-16,666.1984712288283,10976054438.901794,3136102727.4621987,,,666.1984712288283,666.1984712288283,666.1984712288283,666.1984712288283
zcash,2025-11-17,697.2496833579012,11451964594.75457,3848000908.678361,,,697.2496833579012,697.2496833579012,697.2496833579012,697.2496833579012
zcash,2025-11-18,613.612877082541,10051287264.819452,2340186974.9928594,,,613.612877082541,613.612877082541,613.612877082541,613.612877082541
zcash,2025-11-19,624.2432807670978,10220964896.233503,2444020102.496242,,,624.2432807670978,624.2432807670978,624.2432807670978,624.2432807670978
zcash,2025-11-20,672.6149268346635,11021635513.18029,2181808542.172238,,,672.6149268346635,672.6149268346635,672.6149268346635,672.6149268346635
zcash,2025-11-21,657.7678669238336,10863591885.357471,1841078251.7128077,,,657.7678669238336,657.7678669238336,657.7678669238336,657.7678669238336
zcash,2025-11-22,547.71211384534,8982830685.68637,2428935079.7271247,,,547.71211384534,547.71211384534,547.71211384534,547.71211384534
zcash,2025-11-23,519.0072726084929,8489965784.805699,2513868006.7752023,,,519.0072726084929,519.0072726084929,519.0072726084929,519.0072726084929
zcash,2025-11-24,572.4570117029837,9388715152.809246,1449088040.6374438,,,572.4570117029837,572.4570117029837,572.4570117029837,572.4570117029837
zcash,2025-11-25,519.0730613210984,8512104504.246627,1269518769.9829557,,,519.0730613210984,519.0730613210984,519.0730613210984,519.0730613210984
zcash,2025-11-26,510.3155118392615,8372567268.611716,1159165305.119228,,,510.3155118392615,510.3155118392615,510.3155118392615,510.3155118392615
zcash,2025-11-27,526.4442930534524,8638515887.574186,972196281.0430524,,,526.4442930534524,526.4442930534524,526.4442930534524,526.4442930534524
zcash,2025-11-28,489.2703373133788,8027460816.496823,852162069.350714,,,489.2703373133788,489.2703373133788,489.2703373133788,489.2703373133788
zcash,2025-11-29,453.06914689087074,7440490724.714347,866054665.190028,,,453.06914689087074,453.06914689087074,453.06914689087074,453.06914689087074
zcash,2025-11-30,460.02465390453006,7533159297.106343,543531148.3833289,,,460.02465390453006,460.02465390453006,460.02465390453006,460.02465390453006
zcash,2025-12-01,428.75915630248824,7045403276.678822,713823932.6788422,,,428.75915630248824,428.75915630248824,428.75915630248824,428.75915630248824
zcash,2025-12-02,344.92883298393355,5637903383.26602,1599372776.0727267,,,344.92883298393355,344.92883298393355,344.92883298393355,344.92883298393355
zcash,2025-12-03,314.0454846882521,5156526317.875382,1396986363.3709004,,,314.0454846882521,314.0454846882521,314.0454846882521,314.0454846882521
zcash,2025-12-04,339.09257290065915,5566332772.016926,1486266168.225459,,,339.09257290065915,339.09257290065915,339.09257290065915,339.09257290065915
zcash,2025-12-05,366.9616682252046,6023191660.752362,945375848.1750952,,,366.9616682252046,366.9616682252046,366.9616682252046,366.9616682252046
zcash,2025-12-06,359.9526178338081,5911347369.554615,1278563715.9246316,,,359.9526178338081,359.9526178338081,359.9526178338081,359.9526178338081
zcash,2025-12-07,341.6950954269147,5613980155.996265,684334226.1910115,,,341.6950954269147,341.6950954269147,341.6950954269147,341.6950954269147
zcash,2025-12-08,342.91753368565,5615747060.920196,649010437.7221335,,,342.91753368565,342.91753368565,342.91753368565,342.91753368565
zcash,2025-12-09,405.12866151665907,6652983566.609253,1235186426.310604,,,405.12866151665907,405.12866151665907,405.12866151665907,405.12866151665907
zcash,2025-12-10,433.1609868890659,7105307870.070631,1218164099.615558,,,433.1609868890659,433.1609868890659,433.1609868890659,433.1609868890659
zcash,2025-12-11,404.0058407353817,6645078871.697392,792727101.8337364,,,404.0058407353817,404.0058407353817,404.0058407353817,404.0058407353817
zcash,2025-12-12,451.045020777068,7410452103.300214,1158732300.7400174,,,451.045020777068,451.045020777068,451.045020777068,451.045020777068
zcash,2025-12-13,456.042649201862,7521820278.6805,830322100.4728832,,,456.042649201862,456.042649201862,456.042649201862,456.042649201862
zcash,2025-12-14,442.9134260469037,7279363197.395247,818406003.722367,,,442.9134260469037,442.9134260469037,442.9134260469037,442.9134260469037
zcash,2025-12-15,404.3997961313542,6672473456.846988,685433405.4771212,,,404.3997961313542,404.3997961313542,404.3997961313542,404.3997961313542
zcash,2025-12-16,413.081492815087,6787130081.946462,953224740.8657162,,,413.081492815087,413.081492815087,413.081492815087,413.081492815087
zcash,2025-12-17,403.73850325397575,6623311595.317574,792057609.1875919,,,403.73850325397575,403.73850325397575,403.73850325397575,403.73850325397575
zcash,2025-12-18,376.61270527258154,6189001892.774989,692689728.4479539,,,376.61270527258154,376.61270527258154,376.61270527258154,376.61270527258154
zcash,2025-12-19,388.0998097604075,6383503326.344409,803181014.8410809,,,388.0998097604075,388.0998097604075,388.0998097604075,388.0998097604075
zcash,2025-12-20,444.3940832442305,7312991024.60894,727502126.936846,,,444.3940832442305,444.3940832442305,444.3940832442305,444.3940832442305
zcash,2025-12-21,446.91249897692745,7352739148.113544,501599535.2369335,,,446.91249897692745,446.91249897692745,446.91249897692745,446.91249897692745
zcash,2025-12-22,441.5361024055137,7262398286.9948225,465482849.2897215,,,441.5361024055137,441.5361024055137,441.5361024055137,441.5361024055137
zcash,2025-12-23,431.42872325286856,7107411253.106653,629981912.1548741,,,431.42872325286856,431.42872325286856,431.42872325286856,431.42872325286856
zcash,2025-12-24,417.3589545579253,6865655125.888821,521825405.2172693,,,417.3589545579253,417.3589545579253,417.3589545579253,417.3589545579253
zcash,2025-12-25,448.3856507486008,7380532539.050623,698357963.9452075,,,448.3856507486008,448.3856507486008,448.3856507486008,448.3856507486008
zcash,2025-12-26,437.87404142526685,7209253592.710738,442492358.4684989,,,437.87404142526685,437.87404142526685,437.87404142526685,437.87404142526685
zcash,2025-12-27,447.7749366483441,7370962521.49055,411551726.6931157,,,447.7749366483441,447.7749366483441,447.7749366483441,447.7749366483441
zcash,2025-12-28,515.8739998376797,8491275466.014543,921731404.9704224,,,515.8739998376797,515.8739998376797,515.8739998376797,515.8739998376797
zcash,2025-12-29,529.4382247207415,8735537748.111523,635469384.9255283,,,529.4382247207415,529.4382247207415,529.4382247207415,529.4382247207415
zcash,2025-12-30,540.2571155288304,8908483104.545801,968269399.7560642,,,540.2571155288304,540.2571155288304,540.2571155288304,540.2571155288304
zcash,2025-12-31,527.9267845948881,8703527018.615564,606118452.2080513,,,527.9267845948881,527.9267845948881,527.9267845948881,527.9267845948881
zcash,2026-01-01,511.12645446084935,8419488278.061158,746659861.508476,,,511.12645446084935,511.12645446084935,511.12645446084935,511.12645446084935
zcash,2026-01-02,525.2339041781124,8652838015.567911,391136974.40030336,,,525.2339041781124,525.2339041781124,525.2339041781124,525.2339041781124
zcash,2026-01-03,488.5545099180829,8049446323.914223,476136417.13716966,,,488.5545099180829,488.5545099180829,488.5545099180829,488.5545099180829
zcash,2026-01-04,511.8273137257017,8433812986.475226,412536609.12516415,,,511.8273137257017,511.8273137257017,511.8273137257017,511.8273137257017
zcash,2026-01-05,503.24770397542494,8293330381.637903,314377780.3741171,,,503.24770397542494,503.24770397542494,503.24770397542494,503.24770397542494
zcash,2026-01-06,503.360398927763,8296095173.225456,493036009.60476005,,,503.360398927763,503.360398927763,503.360398927763,503.360398927763
zcash,2026-01-07,501.25621184616597,8262308823.721576,661637697.8878206,,,501.25621184616597,501.25621184616597,501.25621184616597,501.25621184616597
zcash,2026-01-08,469.3023118400485,7736308630.965067,516377726.3384636,,,469.3023118400485,469.3023118400485,469.3023118400485,469.3023118400485
zcash,2026-01-09,422.00000640071954,6957417906.63711,1377579741.67065,,,422.00000640071954,422.00000640071954,422.00000640071954,422.00000640071954
zcash,2026-01-10,417.4309640914433,6882842480.083476,515973666.9165599,,,417.4309640914433,417.4309640914433,417.4309640914433,417.4309640914433
zcash,2026-01-11,373.88850697897493,6165558244.963959,503513768.1568478,,,373.88850697897493,373.88850697897493,373.88850697897493,373.88850697897493
zcash,2026-01-12,379.89848096562434,6265354073.983593,437007717.26476735,,,379.89848096562434,379.89848096562434,379.89848096562434,379.89848096562434
zcash,2026-01-13,405.9943789130936,6696421238.071677,640333310.7878296,,,405.9943789130936,405.9943789130936,405.9943789130936,405.9943789130936
zcash,2026-01-14,404.7146040989296,6676067203.363903,631471539.4027342,,,404.7146040989296,404.7146040989296,404.7146040989296,404.7146040989296
zcash,2026-01-15,446.690934274136,7369297023.272032,779538332.8453091,,,446.690934274136,446.690934274136,446.690934274136,446.690934274136
zcash,2026-01-16,413.31056246505557,6819341489.678644,562846631.9772674,,,413.31056246505557,413.31056246505557,413.31056246505557,413.31056246505557
zcash,2026-01-17,410.1888156850986,6768570579.926153,396574003.26491714,,,410.1888156850986,410.1888156850986,410.1888156850986,410.1888156850986
zcash,2026-01-18,399.83636000034176,6599152997.827346,263315952.41378018,,,399.83636000034176,399.83636000034176,399.83636000034176,399.83636000034176
zcash,2026-01-19,365.76114766761816,6036786646.986492,319792472.5198019,,,365.76114766761816,365.76114766761816,365.76114766761816,365.76114766761816
zcash,2026-01-20,368.68542135795815,6085705968.6790905,471630235.0965905,,,368.68542135795815,368.68542135795815,368.68542135795815,368.68542135795815
zcash,2026-01-21,349.5431236871858,5770357345.0189085,543606957.2277272,,,349.5431236871858,349.5431236871858,349.5431236871858,349.5431236871858
zcash,2026-01-22,355.0290269292367,5861558139.483345,468514581.9179241,,,355.0290269292367,355.0290269292367,355.0290269292367,355.0290269292367
zcash,2026-01-23,364.60806309795475,6020199318.296215,371241796.33626014,,,364.60806309795475,364.60806309795475,364.60806309795475,364.60806309795475
zcash,2026-01-24,366.8854577256406,6057802352.822093,371352171.3096149,,,366.8854577256406,366.8854577256406,366.8854577256406,366.8854577256406
zcash,2026-01-25,358.86236721925286,5925329681.7934,274028292.1721143,,,358.86236721925286,358.86236721925286,358.86236721925286,358.86236721925286
zcash,2026-01-26,328.0066867383092,5415858374.388337,334602943.81889236,,,328.0066867383092,328.0066867383092,328.0066867383092,328.0066867383092
zcash,2026-01-27,366.56136797153493,6052451168.593867,484203916.66830957,,,366.56136797153493,366.56136797153493,366.56136797153493,366.56136797153493
zcash,2026-01-28,397.8827388445864,6569611688.786173,509957013.2649795,,,397.8827388445864,397.8827388445864,397.8827388445864,397.8827388445864
zcash,2026-01-29,370.2154885739303,6112785913.175757,409906369.03932947,,,370.2154885739303,370.2154885739303,370.2154885739303,370.2154885739303
zcash,2026-01-30,353.00627185518937,5828637192.277223,398801985.0942561,,,353.00627185518937,353.00627185518937,353.00627185518937,353.00627185518937
zcash,2026-01-31,340.08899962142544,5615354598.263222,487109095.2352053,,,340.08899962142544,340.08899962142544,340.08899962142544,340.08899962142544
zcash,2026-02-01,302.8210736440217,5000007969.181123,555656935.5440505,,,302.8210736440217,302.8210736440217,302.8210736440217,302.8210736440217
zcash,2026-02-02,305.2244689931201,5039691455.386285,378174021.0356181,,,305.2244689931201,305.2244689931201,305.2244689931201,305.2244689931201
zcash,2026-02-03,294.3371720291467,4859926649.299173,379292977.1840266,,,294.3371720291467,294.3371720291467,294.3371720291467,294.3371720291467
zcash,2026-02-04,270.75632632463027,4470573243.2637205,394110963.3268579,,,270.75632632463027,270.75632632463027,270.75632632463027,270.75632632463027
zcash,2026-02-05,251.15831874118732,4146982177.0340357,374514118.511693,,,251.15831874118732,251.15831874118732,251.15831874118732,251.15831874118732
zcash,2026-02-06,206.2654104807623,3405736211.683191,606203611.3935266,,,206.2654104807623,206.2654104807623,206.2654104807623,206.2654104807623
zcash,2026-02-07,240.10382987141776,3964456794.044849,748634871.3976384,,,240.10382987141776,240.10382987141776,240.10382987141776,240.10382987141776
zcash,2026-02-08,239.79144079514163,3959298804.701274,368454965.91901666,,,239.79144079514163,239.79144079514163,239.79144079514163,239.79144079514163
zcash,2026-02-09,238.84276716585214,3943634849.5824323,275952990.5692558,,,238.84276716585214,238.84276716585214,238.84276716585214,238.84276716585214
zcash,2026-02-10,240.37562087361292,3968944451.262936,320820451.88935435,,,240.37562087361292,240.37562087361292,240.37562087361292,240.37562087361292
zcash,2026-02-11,233.84145783583136,3861056097.035507,238680040.4301656,,,233.84145783583136,233.84145783583136,233.84145783583136,233.84145783583136
zcash,2026-02-12,240.2126640943998,3966253802.3431206,410909772.749652,,,240.2126640943998,240.2126640943998,240.2126640943998,240.2126640943998
zcash,2026-02-13,232.98228702201757,3846869961.0963464,274992090.14455163,,,232.98228702201757,232.98228702201757,232.98228702201757,232.98228702201757
zcash,2026-02-14,266.6353013227102,4402529240.900076,395564038.67045003,,,266.6353013227102,266.6353013227102,266.6353013227102,266.6353013227102
zcash,2026-02-15,322.99461591106416,5333101934.1685095,587664582.2645649,,,322.99461591106416,322.99461591106416,322.99461591106416,322.99461591106416
zcash,2026-02-16,297.22242812331353,4907566343.889653,412410985.21527755,,,297.22242812331353,297.22242812331353,297.22242812331353,297.22242812331353
zcash,2026-02-17,293.6312993196379,4848271683.776793,367076009.6013598,,,293.6312993196379,293.6312993196379,293.6312993196379,293.6312993196379
zcash,2026-02-18,295.83975172694244,4898656106.45074,306749064.6322587,,,295.83975172694244,295.83975172694244,295.83975172694244,295.83975172694244
zcash,2026-02-19,263.1291845877087,4357479777.8167095,304119518.65284586,,,263.1291845877087,263.1291845877087,263.1291845877087,263.1291845877087
zcash,2026-02-20,261.4990630497535,4330956105.957834,222503408.38836378,,,261.4990630497535,261.4990630497535,261.4990630497535,261.4990630497535
zcash,2026-02-21,258.01952085205323,4273792651.6240587,226553842.35540769,,,258.01952085205323,258.01952085205323,258.01952085205323,258.01952085205323
zcash,2026-02-22,258.71557059133505,4285783549.933786,158405253.49624917,,,258.71557059133505,258.71557059133505,258.71557059133505,258.71557059133505
zcash,2026-02-23,232.07310606680474,3844848015.869677,220716338.9570421,,,232.07310606680474,232.07310606680474,232.07310606680474,232.07310606680474
zcash,2026-02-24,237.562649978096,3936221243.386127,239331328.73302114,,,237.562649978096,237.562649978096,237.562649978096,237.562649978096
zcash,2026-02-25,242.3239866269131,4015545143.0416164,243903879.9845668,,,242.3239866269131,242.3239866269131,242.3239866269131,242.3239866269131
zcash,2026-02-26,243.50304053550457,4035520001.5009565,415553724.8576146,,,243.50304053550457,243.50304053550457,243.50304053550457,243.50304053550457
zcash,2026-02-27,238.34343547600938,3950441558.9229126,265668135.77796328,,,238.34343547600938,238.34343547600938,238.34343547600938,238.34343547600938
zcash,2026-02-28,218.58586916520946,3623358982.386259,215159260.80389452,,,218.58586916520946,218.58586916520946,218.58586916520946,218.58586916520946
zcash,2026-03-01,220.32770082138362,3652626054.1081586,275254612.1350998,,,220.32770082138362,220.32770082138362,220.32770082138362,220.32770082138362
zcash,2026-03-02,213.2087065135557,3534987730.0233974,247313013.5236427,,,213.2087065135557,213.2087065135557,213.2087065135557,213.2087065135557
zcash,2026-03-03,223.46611390348465,3705456477.8863363,256441704.96321756,,,223.46611390348465,223.46611390348465,223.46611390348465,223.46611390348465
zcash,2026-03-04,220.57591029587255,3657928571.853574,244095040.29069328,,,220.57591029587255,220.57591029587255,220.57591029587255,220.57591029587255
zcash,2026-03-05,243.2614568024177,4034569601.1201754,367655408.47358733,,,243.2614568024177,243.2614568024177,243.2614568024177,243.2614568024177
zcash,2026-03-06,226.0633392429374,3749738430.795845,229828459.38443622,,,226.0633392429374,226.0633392429374,226.0633392429374,226.0633392429374
zcash,2026-03-07,209.5641126486037,3476422753.1441483,217328082.83244056,,,209.5641126486037,209.5641126486037,209.5641126486037,209.5641126486037
zcash,2026-03-08,197.1185660403154,3270331638.2616606,193844652.42634413,,,197.1185660403154,197.1185660403154,197.1185660403154,197.1185660403154
zcash,2026-03-09,197.45966968717843,3276346516.665591,188287774.23739505,,,197.45966968717843,197.45966968717843,197.45966968717843,197.45966968717843
zcash,2026-03-10,213.4260350324849,3541648685.42936,274820964.9301937,,,213.4260350324849,213.4260350324849,213.4260350324849,213.4260350324849
zcash,2026-03-11,220.80461191679933,3664492006.3133874,299289730.8189183,,,220.80461191679933,220.80461191679933,220.80461191679933,220.80461191679933
zcash,2026-03-12,212.66061934670228,3529680519.7577972,229215102.52445143,,,212.66061934670228,212.66061934670228,212.66061934670228,212.66061934670228
zcash,2026-03-13,207.45436592576178,3443673141.1570306,251483193.240674,,,207.45436592576178,207.45436592576178,207.45436592576178,207.45436592576178
zcash,2026-03-14,207.72447081520122,3448524529.2773576,328390996.2687014,,,207.72447081520122,207.72447081520122,207.72447081520122,207.72447081520122
zcash,2026-03-15,212.30950197165788,3525024456.4216948,213279671.58458844,,,212.30950197165788,212.30950197165788,212.30950197165788,212.30950197165788
zcash,2026-03-16,230.5840126225849,3828821627.068587,365332806.32113373,,,230.5840126225849,230.5840126225849,230.5840126225849,230.5840126225849
zcash,2026-03-17,275.86355419726004,4581196262.259519,581648229.0230528,,,275.86355419726004,275.86355419726004,275.86355419726004,275.86355419726004
zcash,2026-03-18,272.6784612272238,4528748739.985768,491477738.91866213,,,272.6784612272238,272.6784612272238,272.6784612272238,272.6784612272238
zcash,2026-03-19,248.5111517229416,4127852590.5767975,450877851.5288479,,,248.5111517229416,248.5111517229416,248.5111517229416,248.5111517229416
zcash,2026-03-20,234.50048905935748,3895411141.749094,328942285.99616605,,,234.50048905935748,234.50048905935748,234.50048905935748,234.50048905935748
zcash,2026-03-21,234.90217578136844,3902644233.378108,314427737.65162396,,,234.90217578136844,234.90217578136844,234.90217578136844,234.90217578136844
zcash,2026-03-22,216.70519844344557,3600706231.4380693,162769967.313347,,,216.70519844344557,216.70519844344557,216.70519844344557,216.70519844344557
zcash,2026-03-23,217.73531941329705,3618001352.5560565,231321590.00571057,,,217.73531941329705,217.73531941329705,217.73531941329705,217.73531941329705
zcash,2026-03-24,228.31729974470542,3794453759.6801972,353875135.89492536,,,228.31729974470542,228.31729974470542,228.31729974470542,228.31729974470542
zcash,2026-03-25,241.78428840068344,4018537648.806678,343305351.86937505,,,241.78428840068344,241.78428840068344,241.78428840068344,241.78428840068344
zcash,2026-03-26,231.43292070941638,3847099715.6888027,360164735.25883704,,,231.43292070941638,231.43292070941638,231.43292070941638,231.43292070941638
zcash,2026-03-27,221.4806786931035,3682040878.0816407,242339967.22412837,,,221.4806786931035,221.4806786931035,221.4806786931035,221.4806786931035
zcash,2026-03-28,215.6056905047099,3584631610.8929377,222265058.49504858,,,215.6056905047099,215.6056905047099,215.6056905047099,215.6056905047099
zcash,2026-03-29,213.1435808085618,3544219769.522805,181074009.17982715,,,213.1435808085618,213.1435808085618,213.1435808085618,213.1435808085618
zcash,2026-03-30,214.64446033378238,3569546466.1972456,164064565.1498395,,,214.64446033378238,214.64446033378238,214.64446033378238,214.64446033378238
zcash,2026-03-31,225.42059998328386,3749174675.2776246,279165412.62442046,,,225.42059998328386,225.42059998328386,225.42059998328386,225.42059998328386
zcash,2026-04-01,247.42662542277478,4115600970.049889,513239529.5775748,,,247.42662542277478,247.42662542277478,247.42662542277478,247.42662542277478
zcash,2026-04-02,251.93650094717577,4190691328.6213975,354856546.9659203,,,251.93650094717577,251.93650094717577,251.93650094717577,251.93650094717577
zcash,2026-04-03,240.93672933039798,4007722019.4584045,265805519.41939104,,,240.93672933039798,240.93672933039798,240.93672933039798,240.93672933039798
zcash,2026-04-04,234.24364373769026,3896389776.4145036,145812727.6570272,,,234.24364373769026,234.24364373769026,234.24364373769026,234.24364373769026
zcash,2026-04-05,250.45215742205934,4166000878.781797,202645320.30070272,,,250.45215742205934,250.45215742205934,250.45215742205934,250.45215742205934
zcash,2026-04-06,246.75378366858183,4104482429.647073,179568754.21335083,,,246.75378366858183,246.75378366858183,246.75378366858183,246.75378366858183
zcash,2026-04-07,252.1507448252304,4194255043.91711,249563258.4252082,,,252.1507448252304,252.1507448252304,252.1507448252304,252.1507448252304
zcash,2026-04-08,321.7812023099481,5352482427.770194,710181917.692105,,,321.7812023099481,321.7812023099481,321.7812023099481,321.7812023099481
zcash,2026-04-09,323.7982661453171,5386034104.0552,506773180.2794885,,,323.7982661453171,323.7982661453171,323.7982661453171,323.7982661453171
zcash,2026-04-10,367.63691376576077,6115242613.940801,671783379.2532027,,,367.63691376576077,367.63691376576077,367.63691376576077,367.63691376576077
zcash,2026-04-11,375.13955462620316,6240040933.665853,479725283.1458353,,,375.13955462620316,375.13955462620316,375.13955462620316,375.13955462620316
zcash,2026-04-12,370.80125234755945,6167877965.33177,331037034.87979704,,,370.80125234755945,370.80125234755945,370.80125234755945,370.80125234755945
zcash,2026-04-13,361.5256639105822,6013588579.377125,363994158.73289925,,,361.5256639105822,361.5256639105822,361.5256639105822,361.5256639105822
zcash,2026-04-14,368.4302755317402,6128439329.226796,588539800.5164435,,,368.4302755317402,368.4302755317402,368.4302755317402,368.4302755317402
zcash,2026-04-15,355.1248635737603,5907118185.579838,427648271.4524675,,,355.1248635737603,355.1248635737603,355.1248635737603,355.1248635737603
zcash,2026-04-16,346.3443027583549,5761063048.943375,333453899.1421437,,,346.3443027583549,346.3443027583549,346.3443027583549,346.3443027583549
zcash,2026-04-17,341.0785839177757,5673473508.717124,345572826.8426831,,,341.0785839177757,341.0785839177757,341.0785839177757,341.0785839177757
zcash,2026-04-18,329.0388515284742,5473205576.388624,366840002.4626833,,,329.0388515284742,329.0388515284742,329.0388515284742,329.0388515284742
zcash,2026-04-19,323.23676903450365,5376694206.642616,287545232.5531361,,,323.23676903450365,323.23676903450365,323.23676903450365,323.23676903450365
zcash,2026-04-20,301.4358873298485,5014060108.079999,394021033.1353074,,,301.4358873298485,301.4358873298485,301.4358873298485,301.4358873298485
zcash,2026-04-21,312.1316138135164,5191971955.152176,290734125.180675,,,312.1316138135164,312.1316138135164,312.1316138135164,312.1316138135164
zcash,2026-04-22,316.97557480106843,5272546009.449178,264850450.42041537,,,316.97557480106843,316.97557480106843,316.97557480106843,316.97557480106843
zcash,2026-04-23,316.58530374685,5266054272.378224,268343747.55148175,,,316.58530374685,316.58530374685,316.58530374685,316.58530374685
zcash,2026-04-24,342.71970403779466,5700771767.724188,359675192.67401934,,,342.71970403779466,342.71970403779466,342.71970403779466,342.71970403779466
zcash,2026-04-25,359.5717517922404,5981087363.632527,555384834.172429,,,359.5717517922404,359.5717517922404,359.5717517922404,359.5717517922404
zcash,2026-04-26,358.87369818910685,5969475996.5993,453559362.5570982,,,358.87369818910685,358.87369818910685,358.87369818910685,358.87369818910685
zcash,2026-04-27,355.14083138404015,5907383792.841292,449028355.74369204,,,355.14083138404015,355.14083138404015,355.14083138404015,355.14083138404015
zcash,2026-04-28,355.3007404833218,5910043707.832601,511423299.5490954,,,355.3007404833218,355.3007404833218,355.3007404833218,355.3007404833218
zcash,2026-04-29,335.929240781846,5587819752.525751,484954093.9837832,,,335.929240781846,335.929240781846,335.929240781846,335.929240781846
zcash,2026-04-30,327.2711792293861,5443802258.696339,354835508.6726098,,,327.2711792293861,327.2711792293861,327.2711792293861,327.2711792293861
zcash,2026-05-01,350.46215596891324,5829559085.353918,383436197.43824184,,,350.46215596891324,350.46215596891324,350.46215596891324,350.46215596891324
zcash,2026-05-02,384.8989994397008,6423281168.642629,696418181.863371,,,384.8989994397008,384.8989994397008,384.8989994397008,384.8989994397008
zcash,2026-05-03,387.7180626065733,6470326329.527291,563038961.0832506,,,387.7180626065733,387.7180626065733,387.7180626065733,387.7180626065733
zcash,2026-05-04,412.92739938104694,6891025417.893756,641325939.0866958,,,412.92739938104694,412.92739938104694,412.92739938104694,412.92739938104694
zcash,2026-05-05,423.11100554108884,7060971730.489764,880784161.71429,,,423.11100554108884,423.11100554108884,423.11100554108884,423.11100554108884
zcash,2026-05-06,516.8631045193268,8625527867.981043,1151194761.0116796,,,516.8631045193268,516.8631045193268,516.8631045193268,516.8631045193268
zcash,2026-05-07,554.642508441284,9255999067.25073,1195106267.3669343,,,554.642508441284,554.642508441284,554.642508441284,554.642508441284
zcash,2026-05-08,574.5925164534581,9588929293.012314,897112086.6155208,,,574.5925164534581,574.5925164534581,574.5925164534581,574.5925164534581
zcash,2026-05-09,612.6839493556095,10224607702.161657,929505034.2020519,,,612.6839493556095,612.6839493556095,612.6839493556095,612.6839493556095
zcash,2026-05-10,594.6863276260751,9924259338.294888,788318371.2501957,,,594.6863276260751,594.6863276260751,594.6863276260751,594.6863276260751
zcash,2026-05-11,592.809644590012,9892940829.224707,794868965.0126969,,,592.809644590012,592.809644590012,592.809644590012,592.809644590012
zcash,2026-05-12,556.1287193183408,9280801289.010536,698382933.002703,,,556.1287193183408,556.1287193183408,556.1287193183408,556.1287193183408
zcash,2026-05-13,570.8610726088147,9526658117.94032,685438404.2149616,,,570.8610726088147,570.8610726088147,570.8610726088147,570.8610726088147
zcash,2026-05-14,524.3496893374387,8750465681.146643,862054287.6995807,,,524.3496893374387,524.3496893374387,524.3496893374387,524.3496893374387
zcash,2026-05-15,560.5629614310518,9354800919.825998,836949539.9798396,,,560.5629614310518,560.5629614310518,560.5629614310518,560.5629614310518
zcash,2026-05-16,515.1260857309292,8596540107.32348,397827499.8083863,,,515.1260857309292,515.1260857309292,515.1260857309292,515.1260857309292
zcash,2026-05-17,511.1989253955029,8531002771.38469,329209269.49191135,,,511.1989253955029,511.1989253955029,511.1989253955029,511.1989253955029
zcash,2026-05-18,535.8361606318838,8942154500.46591,425732309.7469925,,,535.8361606318838,535.8361606318838,535.8361606318838,535.8361606318838
zcash,2026-05-19,563.1101757601147,9397309406.094301,575792760.6657571,,,563.1101757601147,563.1101757601147,563.1101757601147,563.1101757601147
zcash,2026-05-20,573.6006369077544,9572376583.816513,486709371.3894403,,,573.6006369077544,573.6006369077544,573.6006369077544,573.6006369077544
zcash,2026-05-21,672.8192044654849,11228158379.822737,1039464936.1306041,,,672.8192044654849,672.8192044654849,672.8192044654849,672.8192044654849
zcash,2026-05-22,663.5789323084665,11073954637.4755,803140730.0953586,,,663.5789323084665,663.5789323084665,663.5789323084665,663.5789323084665
zcash,2026-05-23,582.5786944969677,9722204430.414534,573353654.4682972,,,582.5786944969677,582.5786944969677,582.5786944969677,582.5786944969677
zcash,2026-05-24,630.4805751375868,10521601800.398235,747219196.4080448,,,630.4805751375868,630.4805751375868,630.4805751375868,630.4805751375868
zcash,2026-05-25,662.8255472055216,11061381977.241188,722992508.7088288,,,662.8255472055216,662.8255472055216,662.8255472055216,662.8255472055216
zcash,2026-05-26,651.6263495336702,10874487244.819887,575926347.9924903,,,651.6263495336702,651.6263495336702,651.6263495336702,651.6263495336702
zcash,2026-05-27,569.7732071357525,9508503573.976036,910657730.5774838,,,569.7732071357525,569.7732071357525,569.7732071357525,569.7732071357525
zcash,2026-05-28,541.2592240295704,9032655803.533527,586605474.6403347,,,541.2592240295704,541.2592240295704,541.2592240295704,541.2592240295704
zcash,2026-05-29,547.2575843809614,9132757791.701616,610294077.5817258,,,547.2575843809614,547.2575843809614,547.2575843809614,547.2575843809614
zcash,2026-05-30,529.3962430839224,8834683706.377987,546199689.2167698,,,529.3962430839224,529.3962430839224,529.3962430839224,529.3962430839224
zcash,2026-05-31,528.2022036147067,8814757306.859167,426606020.68848056,,,528.2022036147067,528.2022036147067,528.2022036147067,528.2022036147067
zcash,2026-06-01,569.4121120889725,9502477538.52921,512627819.6903375,,,569.4121120889725,569.4121120889725,569.4121120889725,569.4121120889725
zcash,2026-06-02,543.6723869050899,9072927208.96133,720696385.9532984,,,543.6723869050899,543.6723869050899,543.6723869050899,543.6723869050899
zcash,2026-06-03,608.6416858212438,10157149498.121693,1228305563.3083723,,,608.6416858212438,608.6416858212438,608.6416858212438,608.6416858212438
zcash,2026-06-04,620.9293770289404,10362209255.760418,804026354.0611703,,,620.9293770289404,620.9293770289404,620.9293770289404,620.9293770289404
zcash,2026-06-05,459.1723454208874,7662771490.175082,1177356540.9245243,,,459.1723454208874,459.1723454208874,459.1723454208874,459.1723454208874
zcash,2026-06-06,389.9925359328825,6508283252.529765,3582549935.926357,,,389.9925359328825,389.9925359328825,389.9925359328825,389.9925359328825
zcash,2026-06-07,362.16063746764553,6043818264.15731,1027734936.7821984,,,362.16063746764553,362.16063746764553,362.16063746764553,362.16063746764553
zcash,2026-06-08,439.9814106649073,7342508849.830008,1322039118.593408,,,439.9814106649073,439.9814106649073,439.9814106649073,439.9814106649073
zcash,2026-06-09,458.5823051174074,7652924764.733862,918415790.9283661,,,458.5823051174074,458.5823051174074,458.5823051174074,458.5823051174074
zcash,2026-06-10,429.0662872652168,7160354812.826265,895075093.7423905,,,429.0662872652168,429.0662872652168,429.0662872652168,429.0662872652168
zcash,2026-06-11,408.77273045825166,6821691367.421857,640678290.2132931,,,408.77273045825166,408.77273045825166,408.77273045825166,408.77273045825166
zcash,2026-06-12,427.99313849712047,7142445864.548147,466166979.8337841,,,427.99313849712047,427.99313849712047,427.99313849712047,427.99313849712047
zcash,2026-06-13,411.69693298594785,6870491117.633706,422079720.8435193,,,411.69693298594785,411.69693298594785,411.69693298594785,411.69693298594785
zcash,2026-06-14,420.38552643613826,7015488321.502361,346311225.1996428,,,420.38552643613826,420.38552643613826,420.38552643613826,420.38552643613826
zcash,2026-06-15,472.50127982981894,7885207748.80811,442389875.6036468,,,472.50127982981894,472.50127982981894,472.50127982981894,472.50127982981894
zcash,2026-06-16,518.4990268961559,8652828508.95892,876212475.7974097,,,518.4990268961559,518.4990268961559,518.4990268961559,518.4990268961559
zcash,2026-06-17,504.7610596825436,8423566218.781285,693713031.6657847,,,504.7610596825436,504.7610596825436,504.7610596825436,504.7610596825436
zcash,2026-06-18,476.86044375662607,7957954457.9521885,572669404.1517406,,,476.86044375662607,476.86044375662607,476.86044375662607,476.86044375662607
zcash,2026-06-19,455.5547837968822,7602400807.24345,434273579.521296,,,455.5547837968822,455.5547837968822,455.5547837968822,455.5547837968822
zcash,2026-06-20,476.7329322570709,7955826517.336415,358064879.4306892,,,476.7329322570709,476.7329322570709,476.7329322570709,476.7329322570709
zcash,2026-06-21,470.87630932971564,7858089875.215018,275508869.2729622,,,470.87630932971564,470.87630932971564,470.87630932971564,470.87630932971564
zcash,2026-06-22,434.04127831796865,7243378583.711159,258228515.29667103,,,434.04127831796865,434.04127831796865,434.04127831796865,434.04127831796865
zcash,2026-06-23,441.72659657914164,7412996459.905281,304467547.53280526,,,441.72659657914164,441.72659657914164,441.72659657914164,441.72659657914164
zcash,2026-06-24,415.69959091849927,6976214743.978631,301930069.0404334,,,415.69959091849927,415.69959091849927,415.69959091849927,415.69959091849927
zcash,2026-06-25,415.8493820231059,6979909140.578906,372486926.05661464,,,415.8493820231059,415.8493820231059,415.8493820231059,415.8493820231059
zcash,2026-06-26,416.37237434522683,6988687412.346115,363424024.2693437,,,416.37237434522683,416.37237434522683,416.37237434522683,416.37237434522683
zcash,2026-06-27,418.7437072205981,7028489534.767544,424981669.8304757,,,418.7437072205981,418.7437072205981,418.7437072205981,418.7437072205981
zcash,2026-06-28,395.02964907171787,6630456067.870647,239256615.78044626,,,395.02964907171787,395.02964907171787,395.02964907171787,395.02964907171787
zcash,2026-06-29,375.9632425119813,6310432061.157312,245930705.06035244,,,375.9632425119813,375.9632425119813,375.9632425119813,375.9632425119813
zcash,2026-06-30,406.6092320887038,6824815951.132086,329440554.7316493,,,406.6092320887038,406.6092320887038,406.6092320887038,406.6092320887038
zcash,2026-07-01,399.31995613529796,6702467605.661773,268533853.0071609,,,399.31995613529796,399.31995613529796,399.31995613529796,399.31995613529796
zcash,2026-07-02,416.6989697942226,6994169220.563857,328179444.13500726,,,416.6989697942226,416.6989697942226,416.6989697942226,416.6989697942226
zcash,2026-07-03,434.1916932294615,7287779420.500282,373013847.05135536,,,434.1916932294615,434.1916932294615,434.1916932294615,434.1916932294615
zcash,2026-07-04,460.6515261647326,7731899906.779681,388966405.5504602,,,460.6515261647326,460.6515261647326,460.6515261647326,460.6515261647326
zcash,2026-07-05,463.0408649957748,7772004253.852644,218203420.14959934,,,463.0408649957748,463.0408649957748,463.0408649957748,463.0408649957748
zcash,2026-07-06,461.9180061840394,7753157400.106025,188463403.842457,,,461.9180061840394,461.9180061840394,461.9180061840394,461.9180061840394
zcash,2026-07-07,452.3946409756593,7593310525.875608,302575768.7609729,,,452.3946409756593,452.3946409756593,452.3946409756593,452.3946409756593
zcash,2026-07-08,483.7923833587213,8120312364.82724,496295476.85413563,,,483.7923833587213,483.7923833587213,483.7923833587213,483.7923833587213
zcash,2026-07-09,465.8795530648771,7819650795.262385,302287385.84740824,,,465.8795530648771,465.8795530648771,465.8795530648771,465.8795530648771
zcash,2026-07-10,481.1850455771398,8076548969.711203,246576611.4692697,,,481.1850455771398,481.1850455771398,481.1850455771398,481.1850455771398
zcash,2026-07-11,497.8566017422245,8356376119.383108,274954814.3617853,,,497.8566017422245,497.8566017422245,497.8566017422245,497.8566017422245
zcash,2026-07-12,508.5780850507025,8536333052.302757,257913077.29872406,,,508.5780850507025,508.5780850507025,508.5780850507025,508.5780850507025
zcash,2026-07-13,533.2997490230787,8951278885.555243,332902525.3497594,,,533.2997490230787,533.2997490230787,533.2997490230787,533.2997490230787
zcash,2026-07-14,495.4194760535825,8315469684.009479,338941526.9593848,,,495.4194760535825,495.4194760535825,495.4194760535825,495.4194760535825
zcash,2026-07-15,564.1362653433462,9468860710.68703,480525928.26033473,,,564.1362653433462,564.1362653433462,564.1362653433462,564.1362653433462
zcash,2026-07-16,570.1795583672051,9570295600.432968,468587078.8210739,,,570.1795583672051,570.1795583672051,570.1795583672051,570.1795583672051
zcash,2026-07-17,523.5637782982166,8787863490.480547,426080857.1762138,,,523.5637782982166,523.5637782982166,523.5637782982166,523.5637782982166
zcash,2026-07-18,547.2815413317958,9185959142.773632,368804539.70434034,,,547.2815413317958,547.2815413317958,547.2815413317958,547.2815413317958
zcash,2026-07-19,558.4092967953651,9372735233.906498,224254307.85790896,,,558.4092967953651,558.4092967953651,558.4092967953651,558.4092967953651
zcash,2026-07-20,547.8284843154929,9195139419.326431,192561859.19788966,,,547.8284843154929,547.8284843154929,547.8284843154929,547.8284843154929
zcash,2026-07-21,542.4717730794962,9105228602.247238,325120898.12157303,,,542.4717730794962,542.4717730794962,542.4717730794962,542.4717730794962
zcash,2026-07-22,532.218029987496,8933122550.809069,319326298.2495698,,,532.218029987496,532.218029987496,532.218029987496,532.218029987496
zcash,2026-07-23,515.1242324154182,8646208203.744047,275870117.4532885,,,515.1242324154182,515.1242324154182,515.1242324154182,515.1242324154182
zcash,2026-07-24,504.2248684560044,8463265596.599373,221221521.05893576,,,504.2248684560044,504.2248684560044,504.2248684560044,504.2248684560044
zcash,2026-07-25,488.2649577764055,8195383206.361347,205066228.53587905,,,488.2649577764055,488.2649577764055,488.2649577764055,488.2649577764055
zcash,2026-07-26,485.19984092900324,8143936124.737606,138346367.43503958,,,485.19984092900324,485.19984092900324,485.19984092900324,485.19984092900324
zcash,2026-07-27,507.8146917443191,8523519720.968322,163673604.66933796,,,507.8146917443191,507.8146917443191,507.8146917443191,507.8146917443191
zcash,2026-07-28,476.31573300108323,7994818995.284873,214718803.30162585,,,476.31573300108323,476.31573300108323,476.31573300108323,476.31573300108323
zcash,2026-07-29,465.44148386547903,7812297933.0452795,204984720.24838233,,,465.44148386547903,465.44148386547903,465.44148386547903,465.44148386547903
zcash,2026-07-30,467.183565359457,7841538256.751651,207866219.1450937,,,467.183565359457,467.183565359457,467.183565359457,467.183565359457
zcash,2026-07-31,469.9643276957899,7888212531.833462,177541543.65338284,,,469.9643276957899,469.9643276957899,469.9643276957899,469.9643276957899
zcash,2026-08-01,457.2306328508523,7674481222.172446,154130293.04624495,,,457.2306328508523,457.2306328508523,457.2306328508523,457.2306328508523
zcash,2026-08-02,461.46514974693923,7745556338.468496,128707416.70683694,,,461.46514974693923,461.46514974693923,461.46514974693923,461.46514974693923
zcash,2026-08-03,489.1385377716922,8210045988.74776,181112300.00355172,,,489.1385377716922,489.1385377716922,489.1385377716922,489.1385377716922
zcash,2026-08-04,483.01686550873796,8107295526.607002,190351794.52821043,,,483.01686550873796,483.01686550873796,483.01686550873796,483.01686550873796
zcash,2026-08-05,505.52424212063386,8485075200.053998,238178307.66437194,,,505.52424212063386,505.52424212063386,505.52424212063386,505.52424212063386
zcash,2026-08-06,511.8309817077122,8590931962.608122,209090316.4223277,,,511.8309817077122,511.8309817077122,511.8309817077122,511.8309817077122
zcash,2026-08-07,501.9432876462254,8424969936.108861,162043756.84555176,,,501.9432876462254,501.9432876462254,501.9432876462254,501.9432876462254
zcash,2026-08-08,510.99998943184806,8576984002.522582,168062647.4105978,,,510.99998943184806,510.99998943184806,510.99998943184806,510.99998943184806
zcash,2026-08-09,507.8750654530177,8524533075.849712,108649846.23666418,,,507.8750654530177,507.8750654530177,507.8750654530177,507.8750654530177
zcash,2026-08-10,509.43911919162076,8550785256.226465,153816516.5635082,,,509.43911919162076,509.43911919162076,509.43911919162076,509.43911919162076
zcash,2026-08-11,495.70314357236225,8362521408.560771,167269162.60053733,,,495.70314357236225,495.70314357236225,495.70314357236225,495.70314357236225
zcash,2026-08-12,480.66499804092575,8109544851.292486,213009770.71790084,,,480.66499804092575,480.66499804092575,480.66499804092575,480.66499804092575
zcash,2026-08-13,489.7540400805609,8263108818.576205,187158959.95227525,,,489.7540400805609,489.7540400805609,489.7540400805609,489.7540400805609
zcash,2026-08-14,490.64567557689236,8279727886.407784,147819667.2499245,,,490.64567557689236,490.64567557689236,490.64567557689236,490.64567557689236
zcash,2026-08-15,492.8350442862803,8317403861.6855755,127880893.43094066,,,492.8350442862803,492.8350442862803,492.8350442862803,492.8350442862803
zcash,2026-08-16,487.5979949926168,8230150638.890481,81499126.73326102,,,487.5979949926168,487.5979949926168,487.5979949926168,487.5979949926168
zcash,2026-08-17,486.1425018309512,8205659377.098058,83677908.72804359,,,486.1425018309512,486.1425018309512,486.1425018309512,486.1425018309512
zcash,2026-08-18,513.9225163099208,8674561675.18296,257612459.8380421,,,513.9225163099208,513.9225163099208,513.9225163099208,513.9225163099208
zcash,2026-08-19,508.5419923409376,8585986293.00569,165909497.26399782,,,508.5419923409376,508.5419923409376,508.5419923409376,508.5419923409376
zcash,2026-08-20,564.5716107111141,9531964290.052107,520787280.4320261,,,564.5716107111141,564.5716107111141,564.5716107111141,564.5716107111141
zcash,2026-08-21,568.9731111711939,9608650859.798256,452288309.3640462,,,568.9731111711939,568.9731111711939,568.9731111711939,568.9731111711939
zcash,2026-08-22,733.4660474038753,12388043397.032005,1572078870.0620959,,,733.4660474038753,733.4660474038753,733.4660474038753,733.4660474038753
zcash,2026-08-23,803.2275547221933,13566296409.779604,2222178790.515196,,,803.2275547221933,803.2275547221933,803.2275547221933,803.2275547221933
zcash,2026-08-24,852.824784874028,14403980228.50338,1392443546.5433707,,,852.824784874028,852.824784874028,852.824784874028,852.824784874028
zcash,2026-08-25,830.3224126264138,14023921240.188524,1226289760.2191408,,,830.3224126264138,830.3224126264138,830.3224126264138,830.3224126264138
zcash,2026-08-26,768.0146456227335,12976355179.193512,1173137715.0914752,,,768.0146456227335,768.0146456227335,768.0146456227335,768.0146456227335
zcash,2026-08-27,816.3759738728955,13794507784.083122,1077943642.3974628,,,816.3759738728955,816.3759738728955,816.3759738728955,816.3759738728955
zcash,2026-08-28,810.0741963521865,13690143932.994457,601021988.8913199,,,810.0741963521865,810.0741963521865,810.0741963521865,810.0741963521865
zcash,2026-08-29,801.3777148222368,13544565717.503431,1154903437.0162818,,,801.3777148222368,801.3777148222368,801.3777148222368,801.3777148222368
zcash,2026-08-30,842.2444755470807,14236999388.47564,1132332978.7639456,,,842.2444755470807,842.2444755470807,842.2444755470807,842.2444755470807
zcash,2026-08-31,836.1985163177093,14136256164.02372,1200346248.2427506,,,836.1985163177093,836.1985163177093,836.1985163177093,836.1985163177093
zcash,2026-09-01,847.7149475077889,14332147214.859488,660221431.1001208,,,847.7149475077889,847.7149475077889,847.7149475077889,847.7149475077889
zcash,2026-09-02,829.8594890088349,14030268546.153494,520314061.54017633,,,829.8594890088349,829.8594890088349,829.8594890088349,829.8594890088349
zcash,2026-09-03,815.2622506716469,13783475954.617826,474352034.59397256,,,815.2622506716469,815.2622506716469,815.2622506716469,815.2622506716469
zcash,2026-09-04,952.6662866911287,16111638275.254469,992456544.037785,,,952.6662866911287,952.6662866911287,952.6662866911287,952.6662866911287
zcash,2026-09-05,1023.0377877508347,17301771888.461952,1284122099.071664,,,1023.0377877508347,1023.0377877508347,1023.0377877508347,1023.0377877508347
zcash,2026-09-06,1025.9269694755635,17354973523.15351,593024330.810952,,,1025.9269694755635,1025.9269694755635,1025.9269694755635,1025.9269694755635
zcash,2026-09-07,1227.1109403568853,20760543026.78289,1920055669.6632926,,,1227.1109403568853,1227.1109403568853,1227.1109403568853,1227.1109403568853
zcash,2026-09-08,1139.136135932952,19273909503.9309,943017253.0256271,,,1139.136135932952,1139.136135932952,1139.136135932952,1139.136135932952
zcash,2026-09-09,1177.694083249715,19928783059.217377,944613628.9594429,,,1177.694083249715,1177.694083249715,1177.694083249715,1177.694083249715
zcash,2026-09-10,1244.287571383468,21055669231.99331,1667287095.0618694,,,1244.287571383468,1244.287571383468,1244.287571383468,1244.287571383468
zcash,2026-09-11,1079.8141464993569,18272471753.003403,1520633685.0665467,,,1079.8141464993569,1079.8141464993569,1079.8141464993569,1079.8141464993569
zcash,2026-09-12,1164.471999901658,19709498463.045277,1785612611.289386,,,1164.471999901658,1164.471999901658,1164.471999901658,1164.471999901658
zcash,2026-09-13,1121.7252793355656,18985980488.05852,951216490.403654,,,1121.7252793355656,1121.7252793355656,1121.7252793355656,1121.7252793355656
zcash,2026-09-14,1062.9597237554785,17996366700.528576,1279199253.7972567,,,1062.9597237554785,1062.9597237554785,1062.9597237554785,1062.9597237554785
zcash,2026-09-15,1163.6922751403897,19704301463.57095,1395842970.4571602,,,1163.6922751403897,1163.6922751403897,1163.6922751403897,1163.6922751403897
zcash,2026-09-16,1110.0588230124288,18797469184.752647,948291938.3866695,,,1110.0588230124288,1110.0588230124288,1110.0588230124288,1110.0588230124288
zcash,2026-09-17,1335.505701236559,22615132409.766552,2320185453.5470743,,,1335.505701236559,1335.505701236559,1335.505701236559,1335.505701236559
zcash,2026-09-18,1466.5883939216646,24840664272.589813,2576840813.5636525,,,1466.5883939216646,1466.5883939216646,1466.5883939216646,1466.5883939216646
zcash,2026-09-19,1561.5145909962448,26450378801.791687,1830656299.2530708,,,1561.5145909962448,1561.5145909962448,1561.5145909962448,1561.5145909962448
zcash,2026-09-20,1469.6726472203538,24896624601.734776,1184094131.2529235,,,1469.6726472203538,1469.6726472203538,1469.6726472203538,1469.6726472203538
zcash,2026-09-21,1509.189961964244,25569227160.032776,1174636273.2157412,,,1509.189961964244,1509.189961964244,1509.189961964244,1509.189961964244
figure-heloc,2025-09-23,0.9970039,12532064842.243576,10440473.50277677,1.061,0.155357,0.9970039,0.9970039,0.9970039,0.9970039
figure-heloc,2025-09-24,0.99701,12596423092.67929,29432185.9191596,1.061,0.155357,0.99701,0.99701,0.99701,0.99701
figure-heloc,2025-09-25,0.9998565,12628967366.7087,157323548.69183677,1.061,0.155357,0.9998565,0.9998565,0.9998565,0.9998565
figure-heloc,2025-09-26,1.0066126,12764285085.692226,19726395.839715328,1.061,0.155357,1.0066126,1.0066126,1.0066126,1.0066126
figure-heloc,2025-09-27,1.0251967,12999939547.459358,45124211.27457144,1.061,0.155357,1.0251967,1.0251967,1.0251967,1.0251967
figure-heloc,2025-09-28,1.0,12680434444.882,838193.0,1.061,0.155357,1.0,1.0,1.0,1.0
figure-heloc,2025-09-29,0.9804031,12479823430.76566,277092.69000888854,1.061,0.155357,0.9804031,0.9804031,0.9804031,0.9804031
figure-heloc,2025-09-30,1.0461777,13317086587.34813,56595165.07762864,1.061,0.155357,1.0461777,1.0461777,1.0461777,1.0461777
figure-heloc,2025-10-01,1.0359783,13206692886.92109,184419843.4059693,1.061,0.155357,1.0359783,1.0359783,1.0359783,1.0359783
figure-heloc,2025-10-02,1.0265476,13089255315.03786,72879200.90596998,1.061,0.155357,1.0265476,1.0265476,1.0265476,1.0265476
figure-heloc,2025-10-03,1.0078931,12918447257.707024,48817110.54580413,1.061,0.155357,1.0078931,1.0078931,1.0078931,1.0078931
figure-heloc,2025-10-04,1.0085216,12943375108.261536,16699332.149926811,1.061,0.155357,1.0085216,1.0085216,1.0085216,1.0085216
figure-heloc,2025-10-05,1.0,12834008818.712,754002.0,1.061,0.155357,1.0,1.0,1.0,1.0
figure-heloc,2025-10-06,0.9754688,12846283608.342,76517.21759735524,1.061,0.155357,0.9754688,0.9754688,0.9754688,0.9754688
figure-heloc,2025-10-07,0.9975792,12812851360.514969,10282543.03382113,1.061,0.155357,0.9975792,0.9975792,0.9975792,0.9975792
figure-heloc,2025-10-08,0.9966629,12863570992.46928,28046251.45806028,1.061,0.155357,0.9966629,0.9966629,0.9966629,0.9966629
figure-heloc,2025-10-09,1.0170958,13143419145.750986,17291943.716665138,1.061,0.155357,1.0170958,1.0170958,1.0170958,1.0170958
figure-heloc,2025-10-10,1.0300279,13341026580.352184,122082234.07274982,1.061,0.155357,1.0300279,1.0300279,1.0300279,1.0300279
figure-heloc,2025-10-11,1.035177,13407718249.543758,61440288.230907105,1.061,0.155357,1.035177,1.035177,1.035177,1.035177
figure-heloc,2025-10-12,1.0,12952102152.138,603543.0,1.061,0.155357,1.0,1.0,1.0,1.0
figure-heloc,2025-10-13,0.9754261,12669916949.605452,389493.1097862995,1.061,0.155357,0.9754261,0.9754261,0.9754261,0.9754261
figure-heloc,2025-10-14,0.9984536,12966409292.453016,6332459.989789955,1.061,0.155357,0.9984536,0.9984536,0.9984536,0.9984536
figure-heloc,2025-10-15,0.9911608,12859165702.323864,5821840.824150176,1.061,0.155357,0.9911608,0.9911608,0.9911608,0.9911608
figure-heloc,2025-10-16,1.023089,13305078315.64038,73548928.18972512,1.061,0.155357,1.023089,1.023089,1.023089,1.023089
figure-heloc,2025-10-17,1.0429057,13611900866.322647,125088951.14719774,1.061,0.155357,1.0429057,1.0429057,1.0429057,1.0429057
figure-heloc,2025-10-18,0.9996274,13078156437.92207,104874703.69419956,1.061,0.155357,0.9996274,0.9996274,0.9996274,0.9996274
figure-heloc,2025-10-19,1.0,13083031175.338,718799.79,1.061,0.155357,1.0,1.0,1.0,1.0
figure-heloc,2025-10-20,0.9715211,13132045320.788,204000.000011054,1.061,0.155357,0.9715211,0.9715211,0.9715211,0.9715211
figure-heloc,2025-10-21,0.9967829,13088500620.589563,18432799.834144372,1.061,0.155357,0.9967829,0.9967829,0.9967829,0.9967829
figure-heloc,2025-10-22,1.020207,13434811299.837946,44613238.74164547,1.061,0.155357,1.020207,1.020207,1.020207,1.020207
figure-heloc,2025-10-23,1.0004296,13199109699.954144,608944295.8650364,1.061,0.155357,1.0004296,1.0004296,1.0004296,1.0004296
figure-heloc,2025-10-24,1.0092475,13339888589.445168,21246371.38764456,1.061,0.155357,1.0092475,1.0092475,1.0092475,1.0092475
figure-heloc,2025-10-25,0.498796,6601909734.459495,15100445.6741288,1.061,0.155357,0.498796,0.498796,0.498796,0.498796
figure-heloc,2025-10-26,0.9992996,13226420734.89258,1162831.33999507,1.061,0.155357,0.9992996,0.9992996,0.9992996,0.9992996
figure-heloc,2025-10-27,0.9808635,13000872472.381643,30600.0000008862,1.061,0.155357,0.9808635,0.9808635,0.9808635,0.9808635
figure-heloc,2025-10-28,0.9972013,13208312097.480309,10969282.161826884,1.061,0.155357,0.9972013,0.9972013,0.9972013,0.9972013
figure-heloc,2025-10-29,1.0298624,13699201191.25492,64123209.54655461,1.061,0.155357,1.0298624,1.0298624,1.0298624,1.0298624
figure-heloc,2025-10-30,0.9991034,13324040297.191822,32268258.37232195,1.061,0.155357,0.9991034,0.9991034,0.9991034,0.9991034
figure-heloc,2025-10-31,0.2340344,3125308780.3634634,28778082.380990528,1.061,0.155357,0.2340344,0.2340344,0.2340344,0.2340344
figure-heloc,2025-11-01,1.044208,13970691852.538015,175553692.90114024,1.061,0.155357,1.044208,1.044208,1.044208,1.044208
figure-heloc,2025-11-02,1.0169749,13617887337.321474,529122.5004975564,1.061,0.155357,1.0169749,1.0169749,1.0169749,1.0169749
figure-heloc,2025-11-03,1.0099029,13521102838.973269,403959.8199700696,1.061,0.155357,1.0099029,1.0099029,1.0099029,1.0099029
figure-heloc,2025-11-04,1.00542,13461083453.033457,12529923.053922256,1.061,0.155357,1.00542,1.00542,1.00542,1.00542
figure-heloc,2025-11-05,1.0333763,13890293672.636765,24365591.8388614,1.061,0.155357,1.0333763,1.0333763,1.0333763,1.0333763
figure-heloc,2025-11-06,1.0312779,13881193366.30185,13173370.791810228,1.061,0.155357,1.0312779,1.0312779,1.0312779,1.0312779
figure-heloc,2025-11-07,1.0304729,13897920501.59518,15535189.725446971,1.061,0.155357,1.0304729,1.0304729,1.0304729,1.0304729
figure-heloc,2025-11-08,1.0287934,13892008294.64598,12764427.130911252,1.061,0.155357,1.0287934,1.0287934,1.0287934,1.0287934
figure-heloc,2025-11-09,1.046765,14158285932.04561,78296100.84079255,1.061,0.155357,1.046765,1.046765,1.046765,1.046765
figure-heloc,2025-11-10,1.0130197,13701855304.09888,234199.25313909276,1.061,0.155357,1.0130197,1.0130197,1.0130197,1.0130197
figure-heloc,2025-11-11,1.0310212,13945339165.525007,9686806.268951438,1.061,0.155357,1.0310212,1.0310212,1.0310212,1.0310212
figure-heloc,2025-11-12,1.0373879,14023565575.067083,17018611.508782007,1.061,0.155357,1.0373879,1.0373879,1.0373879,1.0373879
figure-heloc,2025-11-13,1.0169999,13798738137.54935,6094146.3567297235,1.061,0.155357,1.0169999,1.0169999,1.0169999,1.0169999
figure-heloc,2025-11-14,1.0378869,14068602692.538515,52575702.83784043,1.061,0.155357,1.0378869,1.0378869,1.0378869,1.0378869
figure-heloc,2025-11-15,1.0376511,14107556198.5863,223032842.16531897,1.061,0.155357,1.0376511,1.0376511,1.0376511,1.0376511
figure-heloc,2025-11-16,1.02654,13984297001.329098,109521577.4833296,1.061,0.155357,1.02654,1.02654,1.02654,1.02654
figure-heloc,2025-11-17,1.02,13909066076.769,217098.18741284136,1.061,0.155357,1.02,1.02,1.02,1.02
figure-heloc,2025-11-18,1.0287422,14028277682.118343,13751317.648680368,1.061,0.155357,1.0287422,1.0287422,1.0287422,1.0287422
figure-heloc,2025-11-19,1.0314033,14139746999.13529,36963580.67377403,1.061,0.155357,1.0314033,1.0314033,1.0314033,1.0314033
figure-heloc,2025-11-20,1.0347975,14219413242.88838,21746659.340203498,1.061,0.155357,1.0347975,1.0347975,1.0347975,1.0347975
figure-heloc,2025-11-21,1.0172543,14009223435.97972,28730574.884189583,1.061,0.155357,1.0172543,1.0172543,1.0172543,1.0172543
figure-heloc,2025-11-22,1.0298158,14204428116.256542,21411061.798093036,1.061,0.155357,1.0298158,1.0298158,1.0298158,1.0298158
figure-heloc,2025-11-23,1.02621,14170843837.96877,7264132.5791661,1.061,0.155357,1.02621,1.02621,1.02621,1.02621
figure-heloc,2025-11-24,1.0220372,14167446314.206694,192167.7693717869,1.061,0.155357,1.0220372,1.0220372,1.0220372,1.0220372
figure-heloc,2025-11-25,1.0310968,14231902443.103146,18840167.08982876,1.061,0.155357,1.0310968,1.0310968,1.0310968,1.0310968
figure-heloc,2025-11-26,1.0059241,13949095683.232878,778255602.0238465,1.061,0.155357,1.0059241,1.0059241,1.0059241,1.0059241
figure-heloc,2025-11-27,1.0360244,14366494933.130571,67457885.14636596,1.061,0.155357,1.0360244,1.0360244,1.0360244,1.0360244
figure-heloc,2025-11-28,1.0462745,14570619922.90696,395944.6910001443,1.061,0.155357,1.0462745,1.0462745,1.0462745,1.0462745
figure-heloc,2025-11-29,1.0397093,14476305353.954624,14897486.784285467,1.061,0.155357,1.0397093,1.0397093,1.0397093,1.0397093
figure-heloc,2025-11-30,1.0249049,14288575001.39299,146770.66648418247,1.061,0.155357,1.0249049,1.0249049,1.0249049,1.0249049
figure-heloc,2025-12-01,1.0188424,14281293121.300566,243476.21150530947,1.061,0.155357,1.0188424,1.0188424,1.0188424,1.0188424
figure-heloc,2025-12-02,1.0311473,14366803139.952652,24948607.88817753,1.061,0.155357,1.0311473,1.0311473,1.0311473,1.0311473
figure-heloc,2025-12-03,1.034684,14471421101.184189,22514903.939029437,1.061,0.155357,1.034684,1.034684,1.034684,1.034684
figure-heloc,2025-12-04,1.0017172,14047443465.58643,387788917.34718245,1.061,0.155357,1.0017172,1.0017172,1.0017172,1.0017172
figure-heloc,2025-12-05,1.001318,14044096701.847645,465289189.9224462,1.061,0.155357,1.001318,1.001318,1.001318,1.001318
figure-heloc,2025-12-06,1.0391568,14574808989.33461,292869584.7260512,1.061,0.155357,1.0391568,1.0391568,1.0391568,1.0391568
figure-heloc,2025-12-07,1.0285794,14469471305.539268,96951.2014019314,1.061,0.155357,1.0285794,1.0285794,1.0285794,1.0285794
figure-heloc,2025-12-08,1.0197505,14343239874.950388,764812.907625,1.061,0.155357,1.0197505,1.0197505,1.0197505,1.0197505
figure-heloc,2025-12-09,1.0302163,14489184585.178305,11942256.68322762,1.061,0.155357,1.0302163,1.0302163,1.0302163,1.0302163
figure-heloc,2025-12-10,1.0332595,14558626248.72926,20897522.575891305,1.061,0.155357,1.0332595,1.0332595,1.0332595,1.0332595
figure-heloc,2025-12-11,1.0205235,14420114241.621658,19645312.52251741,1.061,0.155357,1.0205235,1.0205235,1.0205235,1.0205235
figure-heloc,2025-12-12,1.0309078,14589683867.573374,221787599.18325055,1.061,0.155357,1.0309078,1.0309078,1.0309078,1.0309078
figure-heloc,2025-12-13,1.0314235,14596982192.38041,12473906.514016677,1.061,0.155357,1.0314235,1.0314235,1.0314235,1.0314235
figure-heloc,2025-12-14,1.0,14152268386.73,742053.62,1.061,0.155357,1.0,1.0,1.0,1.0
figure-heloc,2025-12-15,1.0124723,14189381098.29,158135.05713619702,1.061,0.155357,1.0124723,1.0124723,1.0124723,1.0124723
figure-heloc,2025-12-16,1.0314763,14634010907.396612,12111588.651780896,1.061,0.155357,1.0314763,1.0314763,1.0314763,1.0314763
figure-heloc,2025-12-17,1.0331295,14713120306.993973,26140188.383997776,1.061,0.155357,1.0331295,1.0331295,1.0331295,1.0331295
figure-heloc,2025-12-18,1.001266,14282775361.241806,374611400.61144376,1.061,0.155357,1.001266,1.001266,1.001266,1.001266
figure-heloc,2025-12-19,1.0123518,14440911152.429815,401500511.5703746,1.061,0.155357,1.0123518,1.0123518,1.0123518,1.0123518
figure-heloc,2025-12-20,1.0017211,14289267233.598305,255443509.0611651,1.061,0.155357,1.0017211,1.0017211,1.0017211,1.0017211
figure-heloc,2025-12-21,1.0206502,14559285473.596949,237970.33563996552,1.061,0.155357,1.0206502,1.0206502,1.0206502,1.0206502
figure-heloc,2025-12-22,1.0394336,14885044772.56939,963457.9119919722,1.061,0.155357,1.0394336,1.0394336,1.0394336,1.0394336
figure-heloc,2025-12-23,1.0356124,14818159589.646303,40833245.21195993,1.061,0.155357,1.0356124,1.0356124,1.0356124,1.0356124
figure-heloc,2025-12-24,1.0267446,14683352778.579803,41704007.92441519,1.061,0.155357,1.0267446,1.0267446,1.0267446,1.0267446
figure-heloc,2025-12-25,1.0397183,14906294968.65512,67004532.50004985,1.061,0.155357,1.0397183,1.0397183,1.0397183,1.0397183
figure-heloc,2025-12-26,1.0389991,14924929393.375898,223095.4552000802,1.061,0.155357,1.0389991,1.0389991,1.0389991,1.0389991
figure-heloc,2025-12-27,1.025905,14734694024.897455,5752163.090418612,1.061,0.155357,1.025905,1.025905,1.025905,1.025905
figure-heloc,2025-12-28,1.02033,14668507311.229303,870976.4999325707,1.061,0.155357,1.02033,1.02033,1.02033,1.02033
figure-heloc,2025-12-29,1.0194978,14665412711.26321,383171.1030482275,1.061,0.155357,1.0194978,1.0194978,1.0194978,1.0194978
figure-heloc,2025-12-30,1.035325,14878241978.942986,20018475.10575208,1.061,0.155357,1.035325,1.035325,1.035325,1.035325
figure-heloc,2025-12-31,1.0414937,15008878408.745598,306261881.9050355,1.061,0.155357,1.0414937,1.0414937,1.0414937,1.0414937
figure-heloc,2026-01-01,1.0294309849140382,14828373657.208525,6597253.184229473,1.061,0.155357,1.0294309849140382,1.0294309849140382,1.0294309849140382,1.0294309849140382
figure-heloc,2026-01-02,1.0415030155019744,14985421333.073689,2156271.0501358523,1.061,0.155357,1.0415030155019744,1.0415030155019744,1.0415030155019744,1.0415030155019744
figure-heloc,2026-01-03,1.033111115506149,14864676452.5014,6152922.413104512,1.061,0.155357,1.033111115506149,1.033111115506149,1.033111115506149,1.033111115506149
figure-heloc,2026-01-05,1.0187418076643193,14657927044.1277,160776.8642808656,1.061,0.155357,1.0187418076643193,1.0187418076643193,1.0187418076643193,1.0187418076643193
figure-heloc,2026-01-06,1.0322403167604184,14852147169.429861,12950840.773155168,1.061,0.155357,1.0322403167604184,1.0322403167604184,1.0322403167604184,1.0322403167604184
figure-heloc,2026-01-07,1.034719338534476,14929122014.73981,16411556.064891944,1.061,0.155357,1.034719338534476,1.034719338534476,1.034719338534476,1.034719338534476
figure-heloc,2026-01-08,1.0342753552144426,14957567400.160652,7477730.351577784,1.061,0.155357,1.0342753552144426,1.0342753552144426,1.0342753552144426,1.0342753552144426
figure-heloc,2026-01-09,1.0351882251449294,14991598400.934029,12107039.829244679,1.061,0.155357,1.0351882251449294,1.0351882251449294,1.0351882251449294,1.0351882251449294
figure-heloc,2026-01-10,1.0345475224343872,15002136393.816898,19742990.198436044,1.061,0.155357,1.0345475224343872,1.0345475224343872,1.0345475224343872,1.0345475224343872
figure-heloc,2026-01-12,1.01712379974912,14761807188.372946,37507.96580144842,1.061,0.155357,1.01712379974912,1.01712379974912,1.01712379974912,1.01712379974912
figure-heloc,2026-01-13,1.0389392251093252,15078420665.492567,41037537.83477779,1.061,0.155357,1.0389392251093252,1.0389392251093252,1.0389392251093252,1.0389392251093252
figure-heloc,2026-01-14,1.0337076301787602,15060995575.890972,23719486.47937811,1.061,0.155357,1.0337076301787602,1.0337076301787602,1.0337076301787602,1.0337076301787602
figure-heloc,2026-01-15,1.0376188359150638,15145504680.780312,17967252.29627506,1.061,0.155357,1.0376188359150638,1.0376188359150638,1.0376188359150638,1.0376188359150638
figure-heloc,2026-01-16,1.0302992759709275,15062928509.471457,142707475.6860381,1.061,0.155357,1.0302992759709275,1.0302992759709275,1.0302992759709275,1.0302992759709275
figure-heloc,2026-01-17,1.0317454722990984,15098025288.437973,13048557.220667213,1.061,0.155357,1.0317454722990984,1.0317454722990984,1.0317454722990984,1.0317454722990984
figure-heloc,2026-01-20,1.0007981065866232,14659032759.076315,1754035.7911336594,1.061,0.155357,1.0007981065866232,1.0007981065866232,1.0007981065866232,1.0007981065866232
figure-heloc,2026-01-21,1.027151096380809,15034129574.338123,9408380.757312136,1.061,0.155357,1.027151096380809,1.027151096380809,1.027151096380809,1.027151096380809
figure-heloc,2026-01-22,1.0340030762377797,15134420128.837282,23115775.797910772,1.061,0.155357,1.0340030762377797,1.0340030762377797,1.0340030762377797,1.0340030762377797
figure-heloc,2026-01-23,1.0456684925078412,15363582728.51843,64185562.94613251,1.061,0.155357,1.0456684925078412,1.0456684925078412,1.0456684925078412,1.0456684925078412
figure-heloc,2026-01-24,1.0235491277659152,15060630352.526188,21437620.48872102,1.061,0.155357,1.0235491277659152,1.0235491277659152,1.0235491277659152,1.0235491277659152
figure-heloc,2026-01-26,1.02082311027646,15089960744.653137,229775.92036201377,1.061,0.155357,1.02082311027646,1.02082311027646,1.02082311027646,1.02082311027646
figure-heloc,2026-01-27,1.0322638910026647,15259080086.0049,17518545.55998482,1.061,0.155357,1.0322638910026647,1.0322638910026647,1.0322638910026647,1.0322638910026647
figure-heloc,2026-01-28,1.0336046638411172,15327155464.908329,24653325.96382758,1.061,0.155357,1.0336046638411172,1.0336046638411172,1.0336046638411172,1.0336046638411172
figure-heloc,2026-01-29,1.030814287040187,15211925788.250147,77343631.05486362,1.061,0.155357,1.030814287040187,1.030814287040187,1.030814287040187,1.030814287040187
figure-heloc,2026-01-30,1.038966057292253,15366726423.58339,130807986.46768285,1.061,0.155357,1.038966057292253,1.038966057292253,1.038966057292253,1.038966057292253
figure-heloc,2026-01-31,1.0429857029716814,15533693076.473312,127070713.36099781,1.061,0.155357,1.0429857029716814,1.0429857029716814,1.0429857029716814,1.0429857029716814
figure-heloc,2026-02-02,1.0205807912091878,15191135861.135036,590045.641048755,1.061,0.155357,1.0205807912091878,1.0205807912091878,1.0205807912091878,1.0205807912091878
figure-heloc,2026-02-03,1.0333535663554405,15371756325.276983,8268368.9406713545,1.061,0.155357,1.0333535663554405,1.0333535663554405,1.0333535663554405,1.0333535663554405
figure-heloc,2026-02-04,1.0366525304051617,15495149621.11473,26852993.715798512,1.061,0.155357,1.0366525304051617,1.0366525304051617,1.0366525304051617,1.0366525304051617
figure-heloc,2026-02-05,1.0056220214100497,15052605474.013248,387425518.8843267,1.061,0.155357,1.0056220214100497,1.0056220214100497,1.0056220214100497,1.0056220214100497
figure-heloc,2026-02-06,1.0024252340427855,15026876176.98093,424675695.87738746,1.061,0.155357,1.0024252340427855,1.0024252340427855,1.0024252340427855,1.0024252340427855
figure-heloc,2026-02-07,1.0288241415077244,15427348409.20269,149085956.70004877,1.061,0.155357,1.0288241415077244,1.0288241415077244,1.0288241415077244,1.0288241415077244
figure-heloc,2026-02-08,1.033576075743755,15515075406.979599,4962972.154287486,1.061,0.155357,1.033576075743755,1.033576075743755,1.033576075743755,1.033576075743755
figure-heloc,2026-02-09,1.0206875565915643,15315366982.09176,408275.02263662574,1.061,0.155357,1.0206875565915643,1.0206875565915643,1.0206875565915643,1.0206875565915643
figure-heloc,2026-02-10,1.0340480527861176,15512607945.04742,9742682.63404173,1.061,0.155357,1.0340480527861176,1.0340480527861176,1.0340480527861176,1.0340480527861176
figure-heloc,2026-02-11,1.0326734577013965,15655675078.072472,28747400.573738627,1.061,0.155357,1.0326734577013965,1.0326734577013965,1.0326734577013965,1.0326734577013965
figure-heloc,2026-02-12,1.045350562415912,15773134434.508415,45067850.622525394,1.061,0.155357,1.045350562415912,1.045350562415912,1.045350562415912,1.045350562415912
figure-heloc,2026-02-13,1.0411847466148534,15740310319.957375,133080984.94130594,1.061,0.155357,1.0411847466148534,1.0411847466148534,1.0411847466148534,1.0411847466148534
figure-heloc,2026-02-14,1.033918358114894,15657793782.500711,14379051.894942753,1.061,0.155357,1.033918358114894,1.033918358114894,1.033918358114894,1.033918358114894
figure-heloc,2026-02-17,1.0177156600493271,15424502932.287842,117404.51307013162,1.061,0.155357,1.0177156600493271,1.0177156600493271,1.0177156600493271,1.0177156600493271
figure-heloc,2026-02-18,1.0317588475096764,15633545149.182138,11284796.423976377,1.061,0.155357,1.0317588475096764,1.0317588475096764,1.0317588475096764,1.0317588475096764
figure-heloc,2026-02-19,1.0321048196378386,15712767549.01449,31449691.392791234,1.061,0.155357,1.0321048196378386,1.0321048196378386,1.0321048196378386,1.0321048196378386
figure-heloc,2026-02-20,1.0292686082312181,15669589056.186863,83887055.04389085,1.061,0.155357,1.0292686082312181,1.0292686082312181,1.0292686082312181,1.0292686082312181
figure-heloc,2026-02-21,1.0354021000518046,15762965358.09627,15790420.47629813,1.061,0.155357,1.0354021000518046,1.0354021000518046,1.0354021000518046,1.0354021000518046
figure-heloc,2026-02-23,1.0162236549163681,15470992639.210623,79826.61394795809,1.061,0.155357,1.0162236549163681,1.0162236549163681,1.0162236549163681,1.0162236549163681
figure-heloc,2026-02-24,1.0316309243868427,15705552965.98009,22221496.00786154,1.061,0.155357,1.0316309243868427,1.0316309243868427,1.0316309243868427,1.0316309243868427
figure-heloc,2026-02-25,1.0339091416364659,15898364554.509556,30868448.073632017,1.061,0.155357,1.0339091416364659,1.0339091416364659,1.0339091416364659,1.0339091416364659
figure-heloc,2026-02-26,1.0312795473791394,15883371837.390417,16399215.864123922,1.061,0.155357,1.0312795473791394,1.0312795473791394,1.0312795473791394,1.0312795473791394
figure-heloc,2026-02-27,1.021488726295313,15762189312.30548,30206625.665314086,1.061,0.155357,1.021488726295313,1.021488726295313,1.021488726295313,1.021488726295313
figure-heloc,2026-02-28,1.04869915501466,16189919856.806395,176603635.96544665,1.061,0.155357,1.04869915501466,1.04869915501466,1.04869915501466,1.04869915501466
figure-heloc,2026-03-02,1.0278238894622982,15884666599.066084,971024.6556994328,1.061,0.155357,1.0278238894622982,1.0278238894622982,1.0278238894622982,1.0278238894622982
figure-heloc,2026-03-03,1.0306036658372597,15927627091.995787,12234667.752836011,1.061,0.155357,1.0306036658372597,1.0306036658372597,1.0306036658372597,1.0306036658372597
figure-heloc,2026-03-04,1.0330801085630976,16045512587.96632,34685782.76738562,1.061,0.155357,1.0330801085630976,1.0330801085630976,1.0330801085630976,1.0330801085630976
figure-heloc,2026-03-05,1.0225388095922259,15909937446.529116,22825607.157237217,1.061,0.155357,1.0225388095922259,1.0225388095922259,1.0225388095922259,1.0225388095922259
figure-heloc,2026-03-06,1.0167436589810477,15864010499.948456,37318559.645602964,1.061,0.155357,1.0167436589810477,1.0167436589810477,1.0167436589810477,1.0167436589810477
figure-heloc,2026-03-07,1.0365909688132202,16209221617.836018,222208806.6929723,1.061,0.155357,1.0365909688132202,1.0365909688132202,1.0365909688132202,1.0365909688132202
figure-heloc,2026-03-09,1.0496117893493024,16428788186.31236,365533.1834669149,1.061,0.155357,1.0496117893493024,1.0496117893493024,1.0496117893493024,1.0496117893493024
figure-heloc,2026-03-10,1.0414802955436913,16301511996.461716,61373777.72546274,1.061,0.155357,1.0414802955436913,1.0414802955436913,1.0414802955436913,1.0414802955436913
figure-heloc,2026-03-11,1.0359584635739534,16291203882.19473,43728178.066048674,1.061,0.155357,1.0359584635739534,1.0359584635739534,1.0359584635739534,1.0359584635739534
figure-heloc,2026-03-12,1.0268018544860196,16179823835.773827,19582930.632038135,1.061,0.155357,1.0268018544860196,1.0268018544860196,1.0268018544860196,1.0268018544860196
figure-heloc,2026-03-13,1.0080993568231307,15923897660.522503,1013990127.4893376,1.061,0.155357,1.0080993568231307,1.0080993568231307,1.0080993568231307,1.0080993568231307
figure-heloc,2026-03-14,1.022165716477409,16177780806.754757,24657028.16214406,1.061,0.155357,1.022165716477409,1.022165716477409,1.022165716477409,1.022165716477409
figure-heloc,2026-03-16,1.017255352548492,16120758768.683315,218360.23961559427,1.061,0.155357,1.017255352548492,1.017255352548492,1.017255352548492,1.017255352548492
figure-heloc,2026-03-17,1.0266529320092175,16265818758.748625,13791602.324007638,1.061,0.155357,1.0266529320092175,1.0266529320092175,1.0266529320092175,1.0266529320092175
figure-heloc,2026-03-18,1.0315022469269508,16342649082.898752,38828529.661342196,1.061,0.155357,1.0315022469269508,1.0315022469269508,1.0315022469269508,1.0315022469269508
figure-heloc,2026-03-19,1.025085373346247,16240983077.370222,41737861.18281873,1.061,0.155357,1.025085373346247,1.025085373346247,1.025085373346247,1.025085373346247
figure-heloc,2026-03-20,1.0155676479999565,16090188596.926542,37629978.51768944,1.061,0.155357,1.0155676479999565,1.0155676479999565,1.0155676479999565,1.0155676479999565
figure-heloc,2026-03-21,1.0030413211541063,15891727212.524033,327647568.78095627,1.061,0.155357,1.0030413211541063,1.0030413211541063,1.0030413211541063,1.0030413211541063
figure-heloc,2026-03-22,1.0001329243581492,15845647905.98664,296346270.47238016,1.061,0.155357,1.0001329243581492,1.0001329243581492,1.0001329243581492,1.0001329243581492
figure-heloc,2026-03-23,1.0189491873381298,16143764157.162523,107397.64173562195,1.061,0.155357,1.0189491873381298,1.0189491873381298,1.0189491873381298,1.0189491873381298
figure-heloc,2026-03-24,1.029542319583715,16311596891.88908,18952906.704391018,1.061,0.155357,1.029542319583715,1.029542319583715,1.029542319583715,1.029542319583715
figure-heloc,2026-03-25,1.0338732026959747,16667863332.194569,42970996.24690542,1.061,0.155357,1.0338732026959747,1.0338732026959747,1.0338732026959747,1.0338732026959747
figure-heloc,2026-03-26,1.0242685717317785,16548968331.489042,27949731.57029634,1.061,0.155357,1.0242685717317785,1.0242685717317785,1.0242685717317785,1.0242685717317785
figure-heloc,2026-03-27,1.0188654570268334,16507304522.063215,25704036.865104612,1.061,0.155357,1.0188654570268334,1.0188654570268334,1.0188654570268334,1.0188654570268334
figure-heloc,2026-03-28,1.0322327188191782,16756869513.26118,64945609.355929784,1.061,0.155357,1.0322327188191782,1.0322327188191782,1.0322327188191782,1.0322327188191782
figure-heloc,2026-03-30,1.00060940058516,16263350627.518982,26210307.699079476,1.061,0.155357,1.00060940058516,1.00060940058516,1.00060940058516,1.00060940058516
figure-heloc,2026-03-31,1.0042577061752425,16322648164.57305,644960955.79174,1.061,0.155357,1.0042577061752425,1.0042577061752425,1.0042577061752425,1.0042577061752425
figure-heloc,2026-04-01,1.0325110031350047,16810617709.522375,379747934.57504374,1.061,0.155357,1.0325110031350047,1.0325110031350047,1.0325110031350047,1.0325110031350047
figure-heloc,2026-04-02,1.0253194189761874,16710409830.440952,14733750.673594061,1.061,0.155357,1.0253194189761874,1.0253194189761874,1.0253194189761874,1.0253194189761874
figure-heloc,2026-04-03,1.033939404928606,16972564256.323511,42533859.40474938,1.061,0.155357,1.033939404928606,1.033939404928606,1.033939404928606,1.033939404928606
figure-heloc,2026-04-04,1.0316607374696933,16958969599.921438,42288553.82231544,1.061,0.155357,1.0316607374696933,1.0316607374696933,1.0316607374696933,1.0316607374696933
figure-heloc,2026-04-06,1.0318160929071023,16988380009.839691,216577.38276648737,1.061,0.155357,1.0318160929071023,1.0318160929071023,1.0318160929071023,1.0318160929071023
figure-heloc,2026-04-07,1.0195399068217914,16786258221.158163,24255827.024361525,1.061,0.155357,1.0195399068217914,1.0195399068217914,1.0195399068217914,1.0195399068217914
figure-heloc,2026-04-08,1.0330799272615627,17079736723.49359,34612126.748892695,1.061,0.155357,1.0330799272615627,1.0330799272615627,1.0330799272615627,1.0330799272615627
figure-heloc,2026-04-09,1.0322478722027348,17105233344.397905,19059631.099990867,1.061,0.155357,1.0322478722027348,1.0322478722027348,1.0322478722027348,1.0322478722027348
figure-heloc,2026-04-10,1.0340945675923858,17166899162.580557,18482226.771518726,1.061,0.155357,1.0340945675923858,1.0340945675923858,1.0340945675923858,1.0340945675923858
figure-heloc,2026-04-11,1.0211482592367338,16976427284.76973,23092499.77491814,1.061,0.155357,1.0211482592367338,1.0211482592367338,1.0211482592367338,1.0211482592367338
figure-heloc,2026-04-13,1.0194392467313642,16967876710.921827,323346.20922030765,1.061,0.155357,1.0194392467313642,1.0194392467313642,1.0194392467313642,1.0194392467313642
figure-heloc,2026-04-14,1.0266752723332668,17088315462.602055,14799188.256002719,1.061,0.155357,1.0266752723332668,1.0266752723332668,1.0266752723332668,1.0266752723332668
figure-heloc,2026-04-15,1.0274078393568333,17187938297.815025,73007817.13883927,1.061,0.155357,1.0274078393568333,1.0274078393568333,1.0274078393568333,1.0274078393568333
figure-heloc,2026-04-16,1.0332667376287175,17334390291.340004,152071193.43444222,1.061,0.155357,1.0332667376287175,1.0332667376287175,1.0332667376287175,1.0332667376287175
figure-heloc,2026-04-17,1.0232583903627674,17203318953.10416,98082169.32531416,1.061,0.155357,1.0232583903627674,1.0232583903627674,1.0232583903627674,1.0232583903627674
figure-heloc,2026-04-18,1.0213541489854043,17077509851.381615,29204308.408374958,1.061,0.155357,1.0213541489854043,1.0213541489854043,1.0213541489854043,1.0213541489854043
figure-heloc,2026-04-20,1.0167564273724747,17159526158.179613,615748.3431408842,1.061,0.155357,1.0167564273724747,1.0167564273724747,1.0167564273724747,1.0167564273724747
figure-heloc,2026-04-21,1.0303405868079356,17386438028.67315,16933625.546416894,1.061,0.155357,1.0303405868079356,1.0303405868079356,1.0303405868079356,1.0303405868079356
figure-heloc,2026-04-22,1.0340342102710762,17524455040.39509,33081100.04147602,1.061,0.155357,1.0340342102710762,1.0340342102710762,1.0340342102710762,1.0340342102710762
figure-heloc,2026-04-23,1.0359452594402982,17604758424.47157,103539128.13935465,1.061,0.155357,1.0359452594402982,1.0359452594402982,1.0359452594402982,1.0359452594402982
figure-heloc,2026-04-24,1.0311367119384311,17565443471.43813,320300297.96983373,1.061,0.155357,1.0311367119384311,1.0311367119384311,1.0311367119384311,1.0311367119384311
figure-heloc,2026-04-25,1.0255518571209137,17498017751.398815,25613353.429955382,1.061,0.155357,1.0255518571209137,1.0255518571209137,1.0255518571209137,1.0255518571209137
figure-heloc,2026-04-27,1.0181143607848755,17416229928.77564,160633.31906942918,1.061,0.155357,1.0181143607848755,1.0181143607848755,1.0181143607848755,1.0181143607848755
figure-heloc,2026-04-28,1.0307769039254295,17629831581.01918,23766597.96408325,1.061,0.155357,1.0307769039254295,1.0307769039254295,1.0307769039254295,1.0307769039254295
figure-heloc,2026-04-29,1.040656229103013,17879171143.88326,85196738.12877707,1.061,0.155357,1.040656229103013,1.040656229103013,1.040656229103013,1.040656229103013
figure-heloc,2026-04-30,1.0343822314020963,17811314139.59719,70358614.87589464,1.061,0.155357,1.0343822314020963,1.0343822314020963,1.0343822314020963,1.0343822314020963
figure-heloc,2026-05-01,1.0319200571071636,17808653482.995266,116847665.22208512,1.061,0.155357,1.0319200571071636,1.0319200571071636,1.0319200571071636,1.0319200571071636
figure-heloc,2026-05-02,1.035030793459208,17885569587.236626,178836948.75460315,1.061,0.155357,1.035030793459208,1.035030793459208,1.035030793459208,1.035030793459208
figure-heloc,2026-05-04,1.038181654930934,17707143766.31284,11775106.13180064,1.061,0.155357,1.038181654930934,1.038181654930934,1.038181654930934,1.038181654930934
figure-heloc,2026-05-05,1.0296180555394823,17561083695.93755,20925351.03930389,1.061,0.155357,1.0296180555394823,1.0296180555394823,1.0296180555394823,1.0296180555394823
figure-heloc,2026-05-06,1.0336388352580164,17705832029.548416,38051779.237270065,1.061,0.155357,1.0336388352580164,1.0336388352580164,1.0336388352580164,1.0336388352580164
figure-heloc,2026-05-07,1.0198924986916087,17796548082.507004,30367438.83301927,1.061,0.155357,1.0198924986916087,1.0198924986916087,1.0198924986916087,1.0198924986916087
figure-heloc,2026-05-08,1.0028799898022835,17542418767.871265,825343345.8890439,1.061,0.155357,1.0028799898022835,1.0028799898022835,1.0028799898022835,1.0028799898022835
figure-heloc,2026-05-09,1.0282167519247514,18030486006.04453,157150382.1641756,1.061,0.155357,1.0282167519247514,1.0282167519247514,1.0282167519247514,1.0282167519247514
figure-heloc,2026-05-10,1.000192101174296,17571650199.425003,242668.557961505,1.061,0.155357,1.000192101174296,1.000192101174296,1.000192101174296,1.000192101174296
figure-heloc,2026-05-11,1.0059941758105815,17673582644.02246,407123.70018294785,1.061,0.155357,1.0059941758105815,1.0059941758105815,1.0059941758105815,1.0059941758105815
figure-heloc,2026-05-12,1.030082206598326,18093813730.405632,17451857.90566193,1.061,0.155357,1.030082206598326,1.030082206598326,1.030082206598326,1.030082206598326
figure-heloc,2026-05-13,1.0376358774942973,18320818293.947636,86171956.04404564,1.061,0.155357,1.0376358774942973,1.0376358774942973,1.0376358774942973,1.0376358774942973
figure-heloc,2026-05-14,1.0442346197940136,18488604749.772797,60705240.672768444,1.061,0.155357,1.0442346197940136,1.0442346197940136,1.0442346197940136,1.0442346197940136
figure-heloc,2026-05-15,1.0331196479455815,18353302903.222668,20882315.62818816,1.061,0.155357,1.0331196479455815,1.0331196479455815,1.0331196479455815,1.0331196479455815
figure-heloc,2026-05-16,1.018429510430082,18118303143.522675,84542902.49444488,1.061,0.155357,1.018429510430082,1.018429510430082,1.018429510430082,1.018429510430082
figure-heloc,2026-05-17,1.0357730875904823,18471391283.095673,338527114.7607074,1.061,0.155357,1.0357730875904823,1.0357730875904823,1.0357730875904823,1.0357730875904823
figure-heloc,2026-05-18,1.0146593019664736,18090993243.93881,95488.16638504209,1.061,0.155357,1.0146593019664736,1.0146593019664736,1.0146593019664736,1.0146593019664736
figure-heloc,2026-05-19,1.0370615715426887,18487629478.52924,13184837.828302475,1.061,0.155357,1.0370615715426887,1.0370615715426887,1.0370615715426887,1.0370615715426887
figure-heloc,2026-05-20,1.0330834832595854,18501266673.475708,83576912.70171456,1.061,0.155357,1.0330834832595854,1.0330834832595854,1.0330834832595854,1.0330834832595854
figure-heloc,2026-05-21,1.0360858906361383,18611428384.357887,22013345.958153747,1.061,0.155357,1.0360858906361383,1.0360858906361383,1.0360858906361383,1.0360858906361383
figure-heloc,2026-05-22,1.0232347067643952,18401182347.79383,41923105.07088396,1.061,0.155357,1.0232347067643952,1.0232347067643952,1.0232347067643952,1.0232347067643952
figure-heloc,2026-05-23,1.033430941579709,18614942369.4832,100977029.02886398,1.061,0.155357,1.033430941579709,1.033430941579709,1.033430941579709,1.033430941579709
figure-heloc,2026-05-26,1.0162021164274668,18369802382.843937,489538.8664665614,1.061,0.155357,1.0162021164274668,1.0162021164274668,1.0162021164274668,1.0162021164274668
figure-heloc,2026-05-27,1.027392329383042,18568789350.382065,21464980.723616913,1.061,0.155357,1.027392329383042,1.027392329383042,1.027392329383042,1.027392329383042
figure-heloc,2026-05-28,1.0340426689639513,18756637143.088474,99423818.62078267,1.061,0.155357,1.0340426689639513,1.0340426689639513,1.0340426689639513,1.0340426689639513
figure-heloc,2026-05-29,1.0221432686926681,18622692958.30107,57118412.81545355,1.061,0.155357,1.0221432686926681,1.0221432686926681,1.0221432686926681,1.0221432686926681
figure-heloc,2026-05-30,1.0351138372136492,18906741594.1992,436587330.88592476,1.061,0.155357,1.0351138372136492,1.0351138372136492,1.0351138372136492,1.0351138372136492
figure-heloc,2026-05-31,1.0183257249042987,18621272861.71165,8395325.930886546,1.061,0.155357,1.0183257249042987,1.0183257249042987,1.0183257249042987,1.0183257249042987
figure-heloc,2026-06-01,1.018052661992451,18612982164.17138,16786149.467129543,1.061,0.155357,1.018052661992451,1.018052661992451,1.018052661992451,1.018052661992451
figure-heloc,2026-06-02,1.0429269684414142,19066273226.31853,80915014.56505895,1.061,0.155357,1.0429269684414142,1.0429269684414142,1.0429269684414142,1.0429269684414142
figure-heloc,2026-06-03,1.0363305053413028,19047310940.867893,62449835.435080975,1.061,0.155357,1.0363305053413028,1.0363305053413028,1.0363305053413028,1.0363305053413028
figure-heloc,2026-06-04,1.0019378860044872,18475735010.499043,750652810.3624189,1.061,0.155357,1.0019378860044872,1.0019378860044872,1.0019378860044872,1.0019378860044872
figure-heloc,2026-06-05,1.0195488995087303,18849388592.833626,42258276.47937957,1.061,0.155357,1.0195488995087303,1.0195488995087303,1.0195488995087303,1.0195488995087303
figure-heloc,2026-06-06,1.028923886130435,19055189781.075737,105449256.76343773,1.061,0.155357,1.028923886130435,1.028923886130435,1.028923886130435,1.028923886130435
figure-heloc,2026-06-07,1.033772361471567,19190667170.4662,77556509.64953011,1.061,0.155357,1.033772361471567,1.033772361471567,1.033772361471567,1.033772361471567
figure-heloc,2026-06-08,1.005617232368467,18663681062.592754,235182.00264089066,1.061,0.155357,1.005617232368467,1.005617232368467,1.005617232368467,1.005617232368467
figure-heloc,2026-06-09,1.027418247571774,19063231462.459663,19001602.86908593,1.061,0.155357,1.027418247571774,1.027418247571774,1.027418247571774,1.027418247571774
figure-heloc,2026-06-10,1.0331460316396286,19260075262.03217,37546273.87071799,1.061,0.155357,1.0331460316396286,1.0331460316396286,1.0331460316396286,1.0331460316396286
figure-heloc,2026-06-11,1.0251816614058384,19165361667.587833,29044253.078668226,1.061,0.155357,1.0251816614058384,1.0251816614058384,1.0251816614058384,1.0251816614058384
figure-heloc,2026-06-12,1.0311539269601304,19331658163.765354,103114466.79196739,1.061,0.155357,1.0311539269601304,1.0311539269601304,1.0311539269601304,1.0311539269601304
figure-heloc,2026-06-13,1.0356342089795523,19461210844.979218,113878514.9096118,1.061,0.155357,1.0356342089795523,1.0356342089795523,1.0356342089795523,1.0356342089795523
figure-heloc,2026-06-15,1.0147682775776383,19103155163.22824,79582.01489014152,1.061,0.155357,1.0147682775776383,1.0147682775776383,1.0147682775776383,1.0147682775776383
figure-heloc,2026-06-16,1.0277245128920633,19343033675.20986,19441037.446962625,1.061,0.155357,1.0277245128920633,1.0277245128920633,1.0277245128920633,1.0277245128920633
figure-heloc,2026-06-17,1.0357539426865885,19560907427.606644,32568033.763887987,1.061,0.155357,1.0357539426865885,1.0357539426865885,1.0357539426865885,1.0357539426865885
figure-heloc,2026-06-18,1.0223432173419467,19362746211.563732,34102631.609135196,1.061,0.155357,1.0223432173419467,1.0223432173419467,1.0223432173419467,1.0223432173419467
figure-heloc,2026-06-19,1.0042932190072118,19087836395.593227,450708306.04540557,1.061,0.155357,1.0042932190072118,1.0042932190072118,1.0042932190072118,1.0042932190072118
figure-heloc,2026-06-20,1.0376865465788292,19753932216.7061,182060972.38784146,1.061,0.155357,1.0376865465788292,1.0376865465788292,1.0376865465788292,1.0376865465788292
figure-heloc,2026-06-22,1.0209456851594645,19428578241.82432,79044.45317405049,1.061,0.155357,1.0209456851594645,1.0209456851594645,1.0209456851594645,1.0209456851594645
figure-heloc,2026-06-23,1.0361701210333893,19716647582.21488,15504372.987604233,1.061,0.155357,1.0361701210333893,1.0361701210333893,1.0361701210333893,1.0361701210333893
figure-heloc,2026-06-24,1.0345140161769475,19769891692.17875,39947544.04197905,1.061,0.155357,1.0345140161769475,1.0345140161769475,1.0345140161769475,1.0345140161769475
figure-heloc,2026-06-25,1.028118714512038,19704367981.84679,40125324.65929151,1.061,0.155357,1.028118714512038,1.028118714512038,1.028118714512038,1.028118714512038
figure-heloc,2026-06-26,1.0342449099189068,19884136953.80974,32120605.70492363,1.061,0.155357,1.0342449099189068,1.0342449099189068,1.0342449099189068,1.0342449099189068
figure-heloc,2026-06-27,1.020434015726947,19669338302.037884,224101706.67756146,1.061,0.155357,1.020434015726947,1.020434015726947,1.020434015726947,1.020434015726947
figure-heloc,2026-06-28,1.0449933814906953,20189114069.64208,129730436.07765512,1.061,0.155357,1.0449933814906953,1.0449933814906953,1.0449933814906953,1.0449933814906953
figure-heloc,2026-06-29,1.0198695201936225,19699670419.99543,404293.299427044,1.061,0.155357,1.0198695201936225,1.0198695201936225,1.0198695201936225,1.0198695201936225
figure-heloc,2026-06-30,1.0463811121247155,20207319031.777225,60130800.63532845,1.061,0.155357,1.0463811121247155,1.0463811121247155,1.0463811121247155,1.0463811121247155
figure-heloc,2026-07-01,1.0157042563025989,19680318941.77506,1037392505.0307593,1.061,0.155357,1.0157042563025989,1.0157042563025989,1.0157042563025989,1.0157042563025989
figure-heloc,2026-07-02,1.028677375499358,19956699924.04698,66539636.14110938,1.061,0.155357,1.028677375499358,1.028677375499358,1.028677375499358,1.028677375499358
figure-heloc,2026-07-03,1.0396554720604152,20277079363.92422,69557901.99297561,1.061,0.155357,1.0396554720604152,1.0396554720604152,1.0396554720604152,1.0396554720604152
figure-heloc,2026-07-04,1.009395155987632,19715793132.32422,286246.9027623782,1.061,0.155357,1.009395155987632,1.009395155987632,1.009395155987632,1.009395155987632
figure-heloc,2026-07-06,1.0358819819251717,20222354652.341618,560906.0089564007,1.061,0.155357,1.0358819819251717,1.0358819819251717,1.0358819819251717,1.0358819819251717
figure-heloc,2026-07-07,1.0356001933284127,20216853611.64386,41571483.11394358,1.061,0.155357,1.0356001933284127,1.0356001933284127,1.0356001933284127,1.0356001933284127
figure-heloc,2026-07-08,1.0260050611039924,20098695591.68735,43445517.337338485,1.061,0.155357,1.0260050611039924,1.0260050611039924,1.0260050611039924,1.0260050611039924
figure-heloc,2026-07-09,1.0348754363953834,20351593401.367577,20423586.451680213,1.061,0.155357,1.0348754363953834,1.0348754363953834,1.0348754363953834,1.0348754363953834
figure-heloc,2026-07-10,1.0030348329074912,19802934507.12029,339191012.83916295,1.061,0.155357,1.0030348329074912,1.0030348329074912,1.0030348329074912,1.0030348329074912
figure-heloc,2026-07-11,1.0335158432197034,20486869721.27339,154012356.08787066,1.061,0.155357,1.0335158432197034,1.0335158432197034,1.0335158432197034,1.0335158432197034
figure-heloc,2026-07-13,1.0138240452581573,20141742811.108326,214257.22441970478,1.061,0.155357,1.0138240452581573,1.0138240452581573,1.0138240452581573,1.0138240452581573
figure-heloc,2026-07-14,1.0334836767017217,20505886604.425842,15032475.19283325,1.061,0.155357,1.0334836767017217,1.0334836767017217,1.0334836767017217,1.0334836767017217
figure-heloc,2026-07-15,1.0369467231848442,20650571748.03696,36053454.60594575,1.061,0.155357,1.0369467231848442,1.0369467231848442,1.0369467231848442,1.0369467231848442
figure-heloc,2026-07-16,1.0374695720241875,20731532029.105255,28274991.562684823,1.061,0.155357,1.0374695720241875,1.0374695720241875,1.0374695720241875,1.0374695720241875
figure-heloc,2026-07-17,1.0027213601487552,20096465667.531696,15226642.137672987,1.061,0.155357,1.0027213601487552,1.0027213601487552,1.0027213601487552,1.0027213601487552
figure-heloc,2026-07-18,1.0279178952582275,20643437685.94397,179233243.32798165,1.061,0.155357,1.0279178952582275,1.0279178952582275,1.0279178952582275,1.0279178952582275
figure-heloc,2026-07-20,1.0187662638908308,20490958847.333885,183737.1037343469,1.061,0.155357,1.0187662638908308,1.0187662638908308,1.0187662638908308,1.0187662638908308
figure-heloc,2026-07-21,1.0013869356644247,20137350915.25169,28964040.87348438,1.061,0.155357,1.0013869356644247,1.0013869356644247,1.0013869356644247,1.0013869356644247
figure-heloc,2026-07-22,1.005957231657069,20325719795.092793,55120072.05765368,1.061,0.155357,1.005957231657069,1.005957231657069,1.005957231657069,1.005957231657069
figure-heloc,2026-07-23,1.0085417408736463,20497390007.20027,32049836.595134873,1.061,0.155357,1.0085417408736463,1.0085417408736463,1.0085417408736463,1.0085417408736463
figure-heloc,2026-07-24,1.0399239330608652,21239784096.48725,170888828.7847592,1.061,0.155357,1.0399239330608652,1.0399239330608652,1.0399239330608652,1.0399239330608652
figure-heloc,2026-07-25,1.0172420522556807,20821944161.349953,448761810.3853517,1.061,0.155357,1.0172420522556807,1.0172420522556807,1.0172420522556807,1.0172420522556807
figure-heloc,2026-07-27,1.0149357941190245,20797783246.41247,156662.44437283027,1.061,0.155357,1.0149357941190245,1.0149357941190245,1.0149357941190245,1.0149357941190245
figure-heloc,2026-07-28,1.0318311681122425,21148491668.20967,59066283.056084126,1.061,0.155357,1.0318311681122425,1.0318311681122425,1.0318311681122425,1.0318311681122425
figure-heloc,2026-07-29,1.0010720114163174,20592265065.81059,675268469.5970109,1.061,0.155357,1.0010720114163174,1.0010720114163174,1.0010720114163174,1.0010720114163174
figure-heloc,2026-07-30,1.0073865236198767,20802934599.800533,244041662.48913738,1.061,0.155357,1.0073865236198767,1.0073865236198767,1.0073865236198767,1.0073865236198767
figure-heloc,2026-07-31,1.0386446202703583,21540550011.73403,172417263.5241815,1.061,0.155357,1.0386446202703583,1.0386446202703583,1.0386446202703583,1.0386446202703583
figure-heloc,2026-08-01,1.0161080780309146,21111947152.93664,98372918.44596127,1.061,0.155357,1.0161080780309146,1.0161080780309146,1.0161080780309146,1.0161080780309146
figure-heloc,2026-08-03,1.0228559722417274,21288292407.95494,44275.13904326097,1.061,0.155357,1.0228559722417274,1.0228559722417274,1.0228559722417274,1.0228559722417274
figure-heloc,2026-08-04,1.0058166362769132,20917279093.752007,21326364.387035858,1.061,0.155357,1.0058166362769132,1.0058166362769132,1.0058166362769132,1.0058166362769132
figure-heloc,2026-08-05,1.0029757456720945,20983122996.130795,44869361.827090405,1.061,0.155357,1.0029757456720945,1.0029757456720945,1.0029757456720945,1.0029757456720945
figure-heloc,2026-08-06,1.0327563160579434,21658227903.75592,62790581.54042209,1.061,0.155357,1.0327563160579434,1.0327563160579434,1.0327563160579434,1.0327563160579434
figure-heloc,2026-08-07,1.0183241527891476,21426535252.192574,120909501.58772169,1.061,0.155357,1.0183241527891476,1.0183241527891476,1.0183241527891476,1.0183241527891476
figure-heloc,2026-08-08,1.0297060967722795,21693206665.612793,566039731.0222118,1.061,0.155357,1.0297060967722795,1.0297060967722795,1.0297060967722795,1.0297060967722795
figure-heloc,2026-08-10,1.0018600094264822,21125938286.48729,400732.5324734849,1.061,0.155357,1.0018600094264822,1.0018600094264822,1.0018600094264822,1.0018600094264822
figure-heloc,2026-08-11,1.002708617064192,21139598293.88536,53010954.726643026,1.061,0.155357,1.002708617064192,1.002708617064192,1.002708617064192,1.002708617064192
figure-heloc,2026-08-12,1.0380943857469442,21982265285.388683,68843613.3925653,1.061,0.155357,1.0380943857469442,1.0380943857469442,1.0380943857469442,1.0380943857469442
figure-heloc,2026-08-13,1.039913994134521,22066419967.304157,81820990.03643936,1.061,0.155357,1.039913994134521,1.039913994134521,1.039913994134521,1.039913994134521
figure-heloc,2026-08-14,1.0099094140175433,21507435691.25593,580899574.9328948,1.061,0.155357,1.0099094140175433,1.0099094140175433,1.0099094140175433,1.0099094140175433
figure-heloc,2026-08-15,1.0018012965988283,21403641189.103115,831022285.1593958,1.061,0.155357,1.0018012965988283,1.0018012965988283,1.0018012965988283,1.0018012965988283
figure-heloc,2026-08-17,1.0008548889936117,21417916041.289146,38072.14966100806,1.061,0.155357,1.0008548889936117,1.0008548889936117,1.0008548889936117,1.0008548889936117
figure-heloc,2026-08-18,1.0057826890329427,21534264031.899696,139938202.2291602,1.061,0.155357,1.0057826890329427,1.0057826890329427,1.0057826890329427,1.0057826890329427
figure-heloc,2026-08-19,1.0045661499454437,21595823242.79643,792308650.6099405,1.061,0.155357,1.0045661499454437,1.0045661499454437,1.0045661499454437,1.0045661499454437
figure-heloc,2026-08-20,1.0394311903343678,22418761888.00422,112941039.26412678,1.061,0.155357,1.0394311903343678,1.0394311903343678,1.0394311903343678,1.0394311903343678
figure-heloc,2026-08-21,1.0205452383159834,22076538640.854862,312273542.9852416,1.061,0.155357,1.0205452383159834,1.0205452383159834,1.0205452383159834,1.0205452383159834
figure-heloc,2026-08-22,1.0381680613030726,22495502663.31265,150983717.2606901,1.061,0.155357,1.0381680613030726,1.0381680613030726,1.0381680613030726,1.0381680613030726
figure-heloc,2026-08-24,1.0198613725797356,22128318743.363647,513310.9760148285,1.061,0.155357,1.0198613725797356,1.0198613725797356,1.0198613725797356,1.0198613725797356
figure-heloc,2026-08-25,1.0443247364269224,22666796678.857815,23089665.22794577,1.061,0.155357,1.0443247364269224,1.0443247364269224,1.0443247364269224,1.0443247364269224
figure-heloc,2026-08-26,1.0136812142299205,22050163844.995327,336510721.6626069,1.061,0.155357,1.0136812142299205,1.0136812142299205,1.0136812142299205,1.0136812142299205
figure-heloc,2026-08-27,1.0037102583716524,21772072747.649055,261502955.40233213,1.061,0.155357,1.0037102583716524,1.0037102583716524,1.0037102583716524,1.0037102583716524
figure-heloc,2026-08-28,1.0185183490733478,22133080364.297394,678030209.6023256,1.061,0.155357,1.0185183490733478,1.0185183490733478,1.0185183490733478,1.0185183490733478
figure-heloc,2026-08-29,1.0398706993640736,22635107606.55948,172631088.48803404,1.061,0.155357,1.0398706993640736,1.0398706993640736,1.0398706993640736,1.0398706993640736
figure-heloc,2026-08-31,1.0153032925376622,22155086877.4935,248268.01229893268,1.061,0.155357,1.0153032925376622,1.0153032925376622,1.0153032925376622,1.0153032925376622
figure-heloc,2026-09-01,1.0017097943231843,21870629259.18772,657216427.2396269,1.061,0.155357,1.0017097943231843,1.0017097943231843,1.0017097943231843,1.0017097943231843
figure-heloc,2026-09-02,1.0455978355177025,23031782253.096554,261141192.76357988,1.061,0.155357,1.0455978355177025,1.0455978355177025,1.0455978355177025,1.0455978355177025
figure-heloc,2026-09-03,1.0129089403929512,22411458353.66811,65145797.72839865,1.061,0.155357,1.0129089403929512,1.0129089403929512,1.0129089403929512,1.0129089403929512
figure-heloc,2026-09-04,1.0310370345132633,22883461941.182987,229712178.76882505,1.061,0.155357,1.0310370345132633,1.0310370345132633,1.0310370345132633,1.0310370345132633
figure-heloc,2026-09-05,1.0349164675246236,23031981532.707962,149563261.34397936,1.061,0.155357,1.0349164675246236,1.0349164675246236,1.0349164675246236,1.0349164675246236
figure-heloc,2026-09-08,1.0002702435361892,22298036953.603764,52601.611404935,1.061,0.155357,1.0002702435361892,1.0002702435361892,1.0002702435361892,1.0002702435361892
figure-heloc,2026-09-09,1.0351085161691433,23073200358.93255,34093036.4924838,1.061,0.155357,1.0351085161691433,1.0351085161691433,1.0351085161691433,1.0351085161691433
figure-heloc,2026-09-10,1.025357403690343,22946501699.06209,108736966.93774416,1.061,0.155357,1.025357403690343,1.025357403690343,1.025357403690343,1.025357403690343
figure-heloc,2026-09-11,1.0354561177183677,23241907155.21208,100103131.09082896,1.061,0.155357,1.0354561177183677,1.0354561177183677,1.0354561177183677,1.0354561177183677
figure-heloc,2026-09-12,1.032011661906252,23222566856.01287,300994753.91936564,1.061,0.155357,1.032011661906252,1.032011661906252,1.032011661906252,1.032011661906252
figure-heloc,2026-09-13,1.0001790754472548,22551139650.146133,50041.17954217365,1.061,0.155357,1.0001790754472548,1.0001790754472548,1.0001790754472548,1.0001790754472548
figure-heloc,2026-09-14,1.0213770752026476,23034964908.790466,63204.85616769024,1.061,0.155357,1.0213770752026476,1.0213770752026476,1.0213770752026476,1.0213770752026476
figure-heloc,2026-09-15,1.0342663377730592,23330988972.446083,21735215.35530108,1.061,0.155357,1.0342663377730592,1.0342663377730592,1.0342663377730592,1.0342663377730592
figure-heloc,2026-09-16,1.003034438429679,22693530288.918793,786746373.8544531,1.061,0.155357,1.003034438429679,1.003034438429679,1.003034438429679,1.003034438429679
figure-heloc,2026-09-17,1.0273788802513655,23217188973.767914,106634503.63236316,1.061,0.155357,1.0273788802513655,1.0273788802513655,1.0273788802513655,1.0273788802513655
figure-heloc,2026-09-18,1.028260256910589,23305965309.210686,207516910.13767773,1.061,0.155357,1.028260256910589,1.028260256910589,1.028260256910589,1.028260256910589
figure-heloc,2026-09-19,1.0316119967283925,23423152231.95115,106496390.03432363,1.061,0.155357,1.0316119967283925,1.0316119967283925,1.0316119967283925,1.0316119967283925
figure-heloc,2026-09-20,1.0002455877686143,22770089034.751987,3736499.1331790914,1.061,0.155357,1.0002455877686143,1.0002455877686143,1.0002455877686143,1.0002455877686143
figure-heloc,2026-09-21,1.000235248831819,22769853674.042343,3736460.5112357945,1.061,0.155357,1.000235248831819,1.000235248831819,1.000235248831819,1.000235248831819
