id,timestamp,price,market_cap,total_volume,ath,atl,open,high,low,close
bitcoin,2025-02-06,96582.88682919052,1912584628590.309,48848958931.79228,126080.0,67.81,96582.88682919052,96582.88682919052,96582.88682919052,96582.88682919052
bitcoin,2025-02-07,96635.41875332211,1915093756057.5637,44462180396.172516,126080.0,67.81,96635.41875332211,96635.41875332211,96635.41875332211,96635.41875332211
bitcoin,2025-02-08,96558.4563096667,1911296376425.356,57077722340.22422,126080.0,67.81,96558.4563096667,96558.4563096667,96558.4563096667,96558.4563096667
bitcoin,2025-02-09,96558.23762501091,1914211835440.1182,20760850644.84597,126080.0,67.81,96558.23762501091,96558.23762501091,96558.23762501091,96558.23762501091
bitcoin,2025-02-10,96548.57865379585,1913068773356.083,25457107581.051964,126080.0,67.81,96548.57865379585,96548.57865379585,96548.57865379585,96548.57865379585
bitcoin,2025-02-11,97399.98161383197,1930742951090.367,37054987393.57789,126080.0,67.81,97399.98161383197,97399.98161383197,97399.98161383197,97399.98161383197
bitcoin,2025-02-12,95739.97737079239,1898788887978.3252,36454577154.5622,126080.0,67.81,95739.97737079239,95739.97737079239,95739.97737079239,95739.97737079239
bitcoin,2025-02-13,97836.18856127483,1936842454813.9983,47115618235.19051,126080.0,67.81,97836.18856127483,97836.18856127483,97836.18856127483,97836.18856127483
bitcoin,2025-02-14,96561.6639990985,1914315097486.3862,29084371910.690556,126080.0,67.81,96561.6639990985,96561.6639990985,96561.6639990985,96561.6639990985
bitcoin,2025-02-15,97488.48148536457,1931656846871.4856,32289906944.92862,126080.0,67.81,97488.48148536457,97488.48148536457,97488.48148536457,97488.48148536457
bitcoin,2025-02-16,97569.95169430465,1934308378710.2861,14215311318.346336,126080.0,67.81,97569.95169430465,97569.95169430465,97569.95169430465,97569.95169430465
bitcoin,2025-02-17,96149.3484548204,1905012222220.3691,13634794998.739267,126080.0,67.81,96149.3484548204,96149.3484548204,96149.3484548204,96149.3484548204
bitcoin,2025-02-18,95776.15723852723,1898997753781.9536,25324374113.08163,126080.0,67.81,95776.15723852723,95776.15723852723,95776.15723852723,95776.15723852723
bitcoin,2025-02-19,95495.89153299287,1892702154844.508,38311133144.729355,126080.0,67.81,95495.89153299287,95495.89153299287,95495.89153299287,95495.89153299287
bitcoin,2025-02-20,96554.87156259285,1914337919659.5537,27703222487.389572,126080.0,67.81,96554.87156259285,96554.87156259285,96554.87156259285,96554.87156259285
bitcoin,2025-02-21,98384.31738240314,1950376106325.3228,24175261969.81266,126080.0,67.81,98384.31738240314,98384.31738240314,98384.31738240314,98384.31738240314
bitcoin,2025-02-22,96135.15541305285,1906058197506.3809,42477472950.92155,126080.0,67.81,96135.15541305285,96135.15541305285,96135.15541305285,96135.15541305285
bitcoin,2025-02-23,96564.15414290235,1915260330870.798,18464415570.762142,126080.0,67.81,96564.15414290235,96564.15414290235,96564.15414290235,96564.15414290235
bitcoin,2025-02-24,96327.46309127835,1909625674815.4763,16643044374.983364,126080.0,67.81,96327.46309127835,96327.46309127835,96327.46309127835,96327.46309127835
bitcoin,2025-02-25,91396.76686930266,1814176779160.4363,45539703844.38777,126080.0,67.81,91396.76686930266,91396.76686930266,91396.76686930266,91396.76686930266
bitcoin,2025-02-26,88755.7693356979,1759750360550.3337,96742453402.56294,126080.0,67.81,88755.7693356979,88755.7693356979,88755.7693356979,88755.7693356979
bitcoin,2025-02-27,83900.11496524839,1664314955447.7466,69277430795.68657,126080.0,67.81,83900.11496524839,83900.11496524839,83900.11496524839,83900.11496524839
bitcoin,2025-02-28,84709.14477847965,1679555320077.2097,81960688217.70384,126080.0,67.81,84709.14477847965,84709.14477847965,84709.14477847965,84709.14477847965
bitcoin,2025-03-01,84441.9012237131,1674754437110.342,80695237175.07367,126080.0,67.81,84441.9012237131,84441.9012237131,84441.9012237131,84441.9012237131
bitcoin,2025-03-02,86005.25629681018,1705564098300.8237,30634474722.6359,126080.0,67.81,86005.25629681018,86005.25629681018,86005.25629681018,86005.25629681018
bitcoin,2025-03-03,94261.53286538439,1868321705444.4878,61859112550.80991,126080.0,67.81,94261.53286538439,94261.53286538439,94261.53286538439,94261.53286538439
bitcoin,2025-03-04,86124.71418722175,1708198960874.3418,68715362745.4567,126080.0,67.81,86124.71418722175,86124.71418722175,86124.71418722175,86124.71418722175
bitcoin,2025-03-05,87310.80531078295,1731441668069.6523,65863356680.42408,126080.0,67.81,87310.80531078295,87310.80531078295,87310.80531078295,87310.80531078295
bitcoin,2025-03-06,90604.08098523637,1797706868227.531,51606642859.81411,126080.0,67.81,90604.08098523637,90604.08098523637,90604.08098523637,90604.08098523637
bitcoin,2025-03-07,90001.40087607042,1782785866811.654,47555759124.64708,126080.0,67.81,90001.40087607042,90001.40087607042,90001.40087607042,90001.40087607042
bitcoin,2025-03-08,86773.33597555371,1720436931689.2776,63216440874.73251,126080.0,67.81,86773.33597555371,86773.33597555371,86773.33597555371,86773.33597555371
bitcoin,2025-03-09,86142.9833586432,1708605516770.228,18809360803.37126,126080.0,67.81,86142.9833586432,86142.9833586432,86142.9833586432,86142.9833586432
bitcoin,2025-03-10,80751.13893300897,1602073794580.0344,32013406240.51754,126080.0,67.81,80751.13893300897,80751.13893300897,80751.13893300897,80751.13893300897
bitcoin,2025-03-11,78783.94057934263,1563547150147.7332,49983692766.22745,126080.0,67.81,78783.94057934263,78783.94057934263,78783.94057934263,78783.94057934263
bitcoin,2025-03-12,82799.1080292053,1642997419531.6057,56404462275.083046,126080.0,67.81,82799.1080292053,82799.1080292053,82799.1080292053,82799.1080292053
bitcoin,2025-03-13,83884.24578828987,1662502658717.542,41782186208.59073,126080.0,67.81,83884.24578828987,83884.24578828987,83884.24578828987,83884.24578828987
bitcoin,2025-03-14,81098.90052436228,1608477373718.186,32583592654.882656,126080.0,67.81,81098.90052436228,81098.90052436228,81098.90052436228,81098.90052436228
bitcoin,2025-03-15,83971.70916064628,1665725559905.8198,28571483950.074646,126080.0,67.81,83971.70916064628,83971.70916064628,83971.70916064628,83971.70916064628
bitcoin,2025-03-16,84391.69087647168,1674173293916.4658,10761796127.312485,126080.0,67.81,84391.69087647168,84391.69087647168,84391.69087647168,84391.69087647168
bitcoin,2025-03-17,82610.61750343916,1638672153483.722,21638031633.118767,126080.0,67.81,82610.61750343916,82610.61750343916,82610.61750343916,82610.61750343916
bitcoin,2025-03-18,84075.36559694471,1667799227887.438,19659366246.596867,126080.0,67.81,84075.36559694471,84075.36559694471,84075.36559694471,84075.36559694471
bitcoin,2025-03-19,82780.03048688271,1642578274105.806,24557570268.85276,126080.0,67.81,82780.03048688271,82780.03048688271,82780.03048688271,82780.03048688271
bitcoin,2025-03-20,86815.44109470697,1721565138141.278,33871216993.304657,126080.0,67.81,86815.44109470697,86815.44109470697,86815.44109470697,86815.44109470697
bitcoin,2025-03-21,84270.84358966233,1672550706502.8184,27579127651.06656,126080.0,67.81,84270.84358966233,84270.84358966233,84270.84358966233,84270.84358966233
bitcoin,2025-03-22,84009.532917822,1666749159154.2927,18091004975.919056,126080.0,67.81,84009.532917822,84009.532917822,84009.532917822,84009.532917822
bitcoin,2025-03-23,83793.30854192551,1662574363663.653,7771134681.982918,126080.0,67.81,83793.30854192551,83793.30854192551,83793.30854192551,83793.30854192551
bitcoin,2025-03-24,85787.70914901773,1702009594329.4495,12617587530.619724,126080.0,67.81,85787.70914901773,85787.70914901773,85787.70914901773,85787.70914901773
bitcoin,2025-03-25,87327.72969669085,1732715331970.134,27270889835.1835,126080.0,67.81,87327.72969669085,87327.72969669085,87327.72969669085,87327.72969669085
bitcoin,2025-03-26,87520.58391530563,1735368473904.4885,30351832942.705593,126080.0,67.81,87520.58391530563,87520.58391530563,87520.58391530563,87520.58391530563
bitcoin,2025-03-27,86960.8555491039,1724854479045.6724,25522877558.700558,126080.0,67.81,86960.8555491039,86960.8555491039,86960.8555491039,86960.8555491039
bitcoin,2025-03-28,87227.27158032371,1729729987159.4822,24620445368.489468,126080.0,67.81,87227.27158032371,87227.27158032371,87227.27158032371,87227.27158032371
bitcoin,2025-03-29,84359.46915506005,1673182800974.1038,31674486232.097313,126080.0,67.81,84359.46915506005,84359.46915506005,84359.46915506005,84359.46915506005
bitcoin,2025-03-30,82679.17255385047,1640665503855.1438,16837439419.924389,126080.0,67.81,82679.17255385047,82679.17255385047,82679.17255385047,82679.17255385047
bitcoin,2025-03-31,82356.38111183756,1633996304187.2593,13428975108.070734,126080.0,67.81,82356.38111183756,82356.38111183756,82356.38111183756,82356.38111183756
bitcoin,2025-04-01,82514.09365397849,1635076581047.3545,30326148749.91535,126080.0,67.81,82514.09365397849,82514.09365397849,82514.09365397849,82514.09365397849
bitcoin,2025-04-02,85237.5876052852,1690602036035.04,29172899851.734768,126080.0,67.81,85237.5876052852,85237.5876052852,85237.5876052852,85237.5876052852
bitcoin,2025-04-03,82526.4221526433,1637358764747.381,46332905657.77597,126080.0,67.81,82526.4221526433,82526.4221526433,82526.4221526433,82526.4221526433
bitcoin,2025-04-04,83163.98757387721,1652537223074.958,36594464539.14662,126080.0,67.81,83163.98757387721,83163.98757387721,83163.98757387721,83163.98757387721
bitcoin,2025-04-05,83852.00765399594,1664234880198.049,35647289400.47406,126080.0,67.81,83852.00765399594,83852.00765399594,83852.00765399594,83852.00765399594
bitcoin,2025-04-06,83595.88550177493,1656020067997.187,14910400035.531416,126080.0,67.81,83595.88550177493,83595.88550177493,83595.88550177493,83595.88550177493
bitcoin,2025-04-07,78211.48358199988,1555325260787.2627,36140377231.68329,126080.0,67.81,78211.48358199988,78211.48358199988,78211.48358199988,78211.48358199988
bitcoin,2025-04-08,79179.29226757778,1581407565278.352,82909748172.59216,126080.0,67.81,79179.29226757778,79179.29226757778,79179.29226757778,79179.29226757778
bitcoin,2025-04-09,76329.090356324,1515042499757.3254,47812787635.22632,126080.0,67.81,76329.090356324,76329.090356324,76329.090356324,76329.090356324
bitcoin,2025-04-10,82622.17029546302,1640567909122.172,87408220482.11568,126080.0,67.81,82622.17029546302,82622.17029546302,82622.17029546302,82622.17029546302
bitcoin,2025-04-11,79596.35732250768,1580023209138.0547,41213520154.25157,126080.0,67.81,79596.35732250768,79596.35732250768,79596.35732250768,79596.35732250768
bitcoin,2025-04-12,83439.28818043756,1655868880454.1702,39813566443.76779,126080.0,67.81,83439.28818043756,83439.28818043756,83439.28818043756,83439.28818043756
bitcoin,2025-04-13,85305.09728392666,1693600655371.0874,22428929482.069122,126080.0,67.81,85305.09728392666,85305.09728392666,85305.09728392666,85305.09728392666
bitcoin,2025-04-14,83600.82010054543,1658923208081.8682,28731125717.934357,126080.0,67.81,83600.82010054543,83600.82010054543,83600.82010054543,83600.82010054543
bitcoin,2025-04-15,84523.4524914945,1677843510120.269,33155578229.343513,126080.0,67.81,84523.4524914945,84523.4524914945,84523.4524914945,84523.4524914945
bitcoin,2025-04-16,83656.49248858042,1660749023283.0562,25084671427.622566,126080.0,67.81,83656.49248858042,83656.49248858042,83656.49248858042,83656.49248858042
bitcoin,2025-04-17,84105.77942167096,1670497569762.047,26948109141.803364,126080.0,67.81,84105.77942167096,84105.77942167096,84105.77942167096,84105.77942167096
bitcoin,2025-04-18,84930.90857600998,1686226810049.1836,19323821375.14309,126080.0,67.81,84930.90857600998,84930.90857600998,84930.90857600998,84930.90857600998
bitcoin,2025-04-19,84433.75017215389,1676373197914.5117,9550691272.782005,126080.0,67.81,84433.75017215389,84433.75017215389,84433.75017215389,84433.75017215389
bitcoin,2025-04-20,85126.66244301842,1690090596771.3958,12635983530.804455,126080.0,67.81,85126.66244301842,85126.66244301842,85126.66244301842,85126.66244301842
bitcoin,2025-04-21,85073.16544858096,1689008667806.3804,12625843856.313684,126080.0,67.81,85073.16544858096,85073.16544858096,85073.16544858096,85073.16544858096
bitcoin,2025-04-22,87452.04699068287,1735703747771.06,40070025414.28289,126080.0,67.81,87452.04699068287,87452.04699068287,87452.04699068287,87452.04699068287
bitcoin,2025-04-23,93576.16588573981,1858587811717.8286,53841992235.36636,126080.0,67.81,93576.16588573981,93576.16588573981,93576.16588573981,93576.16588573981
bitcoin,2025-04-24,93605.45230873208,1858660302322.256,39901515879.65954,126080.0,67.81,93605.45230873208,93605.45230873208,93605.45230873208,93605.45230873208
bitcoin,2025-04-25,93872.81422867288,1864298110563.3408,30031246761.093452,126080.0,67.81,93872.81422867288,93872.81422867288,93872.81422867288,93872.81422867288
bitcoin,2025-04-26,94773.11200643536,1882121595175.8462,39336184715.04292,126080.0,67.81,94773.11200643536,94773.11200643536,94773.11200643536,94773.11200643536
bitcoin,2025-04-27,94644.06637120107,1879131951239.1846,15445392739.787264,126080.0,67.81,94644.06637120107,94644.06637120107,94644.06637120107,94644.06637120107
bitcoin,2025-04-28,93809.33781968223,1862772247122.064,15926259371.057959,126080.0,67.81,93809.33781968223,93809.33781968223,93809.33781968223,93809.33781968223
bitcoin,2025-04-29,95030.60645474444,1887067388174.3481,31913814736.53902,126080.0,67.81,95030.60645474444,95030.60645474444,95030.60645474444,95030.60645474444
bitcoin,2025-04-30,94256.35946318062,1870818389258.4038,25882629766.278946,126080.0,67.81,94256.35946318062,94256.35946318062,94256.35946318062,94256.35946318062
bitcoin,2025-05-01,94235.75331048167,1871350362569.0933,26541700309.366146,126080.0,67.81,94235.75331048167,94235.75331048167,94235.75331048167,94235.75331048167
bitcoin,2025-05-02,96426.94522273027,1914884389769.3945,30207566405.468834,126080.0,67.81,96426.94522273027,96426.94522273027,96426.94522273027,96426.94522273027
bitcoin,2025-05-03,96855.5681343944,1923251765866.1472,23276376191.483967,126080.0,67.81,96855.5681343944,96855.5681343944,96855.5681343944,96855.5681343944
bitcoin,2025-05-04,95922.86842404422,1904894886394.57,13797554863.642815,126080.0,67.81,95922.86842404422,95922.86842404422,95922.86842404422,95922.86842404422
bitcoin,2025-05-05,94326.62048529249,1872812442453.0322,14903122945.616686,126080.0,67.81,94326.62048529249,94326.62048529249,94326.62048529249,94326.62048529249
bitcoin,2025-05-06,94758.8237105546,1882511286487.958,24086456278.203846,126080.0,67.81,94758.8237105546,94758.8237105546,94758.8237105546,94758.8237105546
bitcoin,2025-05-07,96854.53198815876,1923643840814.599,23348052607.071873,126080.0,67.81,96854.53198815876,96854.53198815876,96854.53198815876,96854.53198815876
bitcoin,2025-05-08,97026.49376966801,1927134557858.269,64376174032.08048,126080.0,67.81,97026.49376966801,97026.49376966801,97026.49376966801,97026.49376966801
bitcoin,2025-05-09,103076.27555512934,2047883753852.6929,50020047720.65604,126080.0,67.81,103076.27555512934,103076.27555512934,103076.27555512934,103076.27555512934
bitcoin,2025-05-10,102962.54045692299,2045046445523.5242,40800894903.23446,126080.0,67.81,102962.54045692299,102962.54045692299,102962.54045692299,102962.54045692299
bitcoin,2025-05-11,104630.8792994166,2077132539531.3464,21558992540.042442,126080.0,67.81,104630.8792994166,104630.8792994166,104630.8792994166,104630.8792994166
bitcoin,2025-05-12,103994.061616746,2065659960471.3655,27389436049.454792,126080.0,67.81,103994.061616746,103994.061616746,103994.061616746,103994.061616746
bitcoin,2025-05-13,102876.8304286011,2044347271866.1707,43090605819.36596,126080.0,67.81,102876.8304286011,102876.8304286011,102876.8304286011,102876.8304286011
bitcoin,2025-05-14,104184.49039270742,2069356072124.024,33861432519.50822,126080.0,67.81,104184.49039270742,104184.49039270742,104184.49039270742,104184.49039270742
bitcoin,2025-05-15,103594.42575090709,2057798367292.5637,28398245846.798244,126080.0,67.81,103594.42575090709,103594.42575090709,103594.42575090709,103594.42575090709
bitcoin,2025-05-16,103708.85136423641,2060142559914.034,31823340473.339912,126080.0,67.81,103708.85136423641,103708.85136423641,103708.85136423641,103708.85136423641
bitcoin,2025-05-17,103556.03493982446,2057725640290.0767,25887953182.14765,126080.0,67.81,103556.03493982446,103556.03493982446,103556.03493982446,103556.03493982446
bitcoin,2025-05-18,103212.36483885496,2050318521477.805,18950056010.479057,126080.0,67.81,103212.36483885496,103212.36483885496,103212.36483885496,103212.36483885496
bitcoin,2025-05-19,106030.6376831359,2104889720872.8306,30744060179.802963,126080.0,67.81,106030.6376831359,106030.6376831359,106030.6376831359,106030.6376831359
bitcoin,2025-05-20,105629.41580436694,2098485415895.0496,43339734153.75087,126080.0,67.81,105629.41580436694,105629.41580436694,105629.41580436694,105629.41580436694
bitcoin,2025-05-21,106786.71995834043,2121778617273.821,36393687094.25122,126080.0,67.81,106786.71995834043,106786.71995834043,106786.71995834043,106786.71995834043
bitcoin,2025-05-22,109665.86371625263,2178838967665.505,60722883113.84,126080.0,67.81,109665.86371625263,109665.86371625263,109665.86371625263,109665.86371625263
bitcoin,2025-05-23,111560.356938144,2214712145787.249,52218408239.45193,126080.0,67.81,111560.356938144,111560.356938144,111560.356938144,111560.356938144
bitcoin,2025-05-24,107216.66856870624,2131595896624.4407,49251745837.96465,126080.0,67.81,107216.66856870624,107216.66856870624,107216.66856870624,107216.66856870624
bitcoin,2025-05-25,107831.36374380375,2142540077685.2197,27128230116.517162,126080.0,67.81,107831.36374380375,107831.36374380375,107831.36374380375,107831.36374380375
bitcoin,2025-05-26,108861.81037744327,2163072841533.6133,29652659665.048733,126080.0,67.81,108861.81037744327,108861.81037744327,108861.81037744327,108861.81037744327
bitcoin,2025-05-27,109377.71513263129,2173059855839.4187,27950577137.918888,126080.0,67.81,109377.71513263129,109377.71513263129,109377.71513263129,109377.71513263129
bitcoin,2025-05-28,109068.45694901445,2167551887130.0073,38978783508.88622,126080.0,67.81,109068.45694901445,109068.45694901445,109068.45694901445,109068.45694901445
bitcoin,2025-05-29,107838.18431100152,2143342706888.307,29794278037.284946,126080.0,67.81,107838.18431100152,107838.18431100152,107838.18431100152,107838.18431100152
bitcoin,2025-05-30,105745.41660358038,2101348752694.3137,38279231892.56757,126080.0,67.81,105745.41660358038,105745.41660358038,105745.41660358038,105745.41660358038
bitcoin,2025-05-31,104010.91956242644,2066830946978.0637,39680060337.610214,126080.0,67.81,104010.91956242644,104010.91956242644,104010.91956242644,104010.91956242644
bitcoin,2025-06-01,104687.50742934884,2080467809295.7695,20432694555.09522,126080.0,67.81,104687.50742934884,104687.50742934884,104687.50742934884,104687.50742934884
bitcoin,2025-06-02,105710.00593822816,2101178071590.9749,17721500507.53389,126080.0,67.81,105710.00593822816,105710.00593822816,105710.00593822816,105710.00593822816
bitcoin,2025-06-03,105884.74263221149,2104229403094.936,26313843058.73954,126080.0,67.81,105884.74263221149,105884.74263221149,105884.74263221149,105884.74263221149
bitcoin,2025-06-04,105434.47745144971,2095294001281.4797,25925661121.080395,126080.0,67.81,105434.47745144971,105434.47745144971,105434.47745144971,105434.47745144971
bitcoin,2025-06-05,104812.9182188067,2083148839111.2068,25812143562.797962,126080.0,67.81,104812.9182188067,104812.9182188067,104812.9182188067,104812.9182188067
bitcoin,2025-06-06,101650.7387545425,2020294099992.3677,39711941132.0234,126080.0,67.81,101650.7387545425,101650.7387545425,101650.7387545425,101650.7387545425
bitcoin,2025-06-07,104409.74967959142,2075175500201.4253,29897390978.090103,126080.0,67.81,104409.74967959142,104409.74967959142,104409.74967959142,104409.74967959142
bitcoin,2025-06-08,105681.4546141758,2100553336902.5076,17749731308.73042,126080.0,67.81,105681.4546141758,105681.4546141758,105681.4546141758,105681.4546141758
bitcoin,2025-06-09,105692.24740699006,2100654769399.4705,16044679696.270103,126080.0,67.81,105692.24740699006,105692.24740699006,105692.24740699006,105692.24740699006
bitcoin,2025-06-10,110261.57485948496,2191877481230.9468,38222993297.50514,126080.0,67.81,110261.57485948496,110261.57485948496,110261.57485948496,110261.57485948496
bitcoin,2025-06-11,110212.73252109604,2189350055406.3333,36303839182.734825,126080.0,67.81,110212.73252109604,110212.73252109604,110212.73252109604,110212.73252109604
bitcoin,2025-06-12,108679.9760916168,2159529375273.4956,30338936631.626648,126080.0,67.81,108679.9760916168,108679.9760916168,108679.9760916168,108679.9760916168
bitcoin,2025-06-13,105979.22902375912,2107911943768.2988,35865159511.38857,126080.0,67.81,105979.22902375912,105979.22902375912,105979.22902375912,105979.22902375912
bitcoin,2025-06-14,106045.56440819203,2107973087547.7922,49471015505.74361,126080.0,67.81,106045.56440819203,106045.56440819203,106045.56440819203,106045.56440819203
bitcoin,2025-06-15,105482.90611628917,2097486541223.27,17916412455.866283,126080.0,67.81,105482.90611628917,105482.90611628917,105482.90611628917,105482.90611628917
bitcoin,2025-06-16,105554.49383061715,2098499110552.6216,16568441852.649668,126080.0,67.81,105554.49383061715,105554.49383061715,105554.49383061715,105554.49383061715
bitcoin,2025-06-17,106951.2720181497,2127895470544.7178,32095957011.724205,126080.0,67.81,106951.2720181497,106951.2720181497,106951.2720181497,106951.2720181497
bitcoin,2025-06-18,104683.42479835715,2080968120976.949,38603212010.889435,126080.0,67.81,104683.42479835715,104683.42479835715,104683.42479835715,104683.42479835715
bitcoin,2025-06-19,104722.695052907,2081677732261.6853,30339326410.154945,126080.0,67.81,104722.695052907,104722.695052907,104722.695052907,104722.695052907
bitcoin,2025-06-20,104690.65002458123,2081355279873.408,18063282658.152298,126080.0,67.81,104690.65002458123,104690.65002458123,104690.65002458123,104690.65002458123
bitcoin,2025-06-21,103290.105144757,2054120245608.2085,30632751225.407444,126080.0,67.81,103290.105144757,103290.105144757,103290.105144757,103290.105144757
bitcoin,2025-06-22,101532.5683847329,2017415966695.5278,21644463198.719532,126080.0,67.81,101532.5683847329,101532.5683847329,101532.5683847329,101532.5683847329
bitcoin,2025-06-23,100852.58264648831,2005179769771.7349,51287142390.02526,126080.0,67.81,100852.58264648831,100852.58264648831,100852.58264648831,100852.58264648831
bitcoin,2025-06-24,105511.62437933135,2097741233586.5918,50011797128.6837,126080.0,67.81,105511.62437933135,105511.62437933135,105511.62437933135,105511.62437933135
bitcoin,2025-06-25,105976.06929808448,2107110352429.8032,31704641076.941063,126080.0,67.81,105976.06929808448,105976.06929808448,105976.06929808448,105976.06929808448
bitcoin,2025-06-26,107238.53045016268,2132141147369.0017,30468274982.034847,126080.0,67.81,107238.53045016268,107238.53045016268,107238.53045016268,107238.53045016268
bitcoin,2025-06-27,106984.01253775663,2127292099754.93,24320699663.15122,126080.0,67.81,106984.01253775663,106984.01253775663,106984.01253775663,106984.01253775663
bitcoin,2025-06-28,107078.91560644074,2129020567385.9595,25194306261.888832,126080.0,67.81,107078.91560644074,107078.91560644074,107078.91560644074,107078.91560644074
bitcoin,2025-06-29,107331.58548463577,2134239999929.6584,8960877693.57604,126080.0,67.81,107331.58548463577,107331.58548463577,107331.58548463577,107331.58548463577
bitcoin,2025-06-30,108396.61631317894,2155183166489.813,14881078675.366829,126080.0,67.81,108396.61631317894,108396.61631317894,108396.61631317894,108396.61631317894
bitcoin,2025-07-01,107132.79910701896,2130471589191.581,22489515582.41552,126080.0,67.81,107132.79910701896,107132.79910701896,107132.79910701896,107132.79910701896
bitcoin,2025-07-02,105613.39974163055,2100087563077.9324,25033160828.30909,126080.0,67.81,105613.39974163055,105613.39974163055,105613.39974163055,105613.39974163055
bitcoin,2025-07-03,108824.44423167943,2163835371770.0977,36395184773.06136,126080.0,67.81,108824.44423167943,108824.44423167943,108824.44423167943,108824.44423167943
bitcoin,2025-07-04,109602.20483914016,2179664531219.9346,29892049537.628605,126080.0,67.81,109602.20483914016,109602.20483914016,109602.20483914016,109602.20483914016
bitcoin,2025-07-05,108040.8919400104,2148601712907.3433,24248906784.57383,126080.0,67.81,108040.8919400104,108040.8919400104,108040.8919400104,108040.8919400104
bitcoin,2025-07-06,108217.46849992426,2152344091389.654,10042942280.966904,126080.0,67.81,108217.46849992426,108217.46849992426,108217.46849992426,108217.46849992426
bitcoin,2025-07-07,109215.19771840284,2171497503296.0474,14638669497.351297,126080.0,67.81,109215.19771840284,109215.19771840284,109215.19771840284,109215.19771840284
bitcoin,2025-07-08,108300.71675785031,2153777588647.4504,25493246475.80407,126080.0,67.81,108300.71675785031,108300.71675785031,108300.71675785031,108300.71675785031
bitcoin,2025-07-09,108953.19187727802,2167049398056.7417,20488865138.27645,126080.0,67.81,108953.19187727802,108953.19187727802,108953.19187727802,108953.19187727802
bitcoin,2025-07-10,111327.53054245669,2215210888568.426,37078460440.66385,126080.0,67.81,111327.53054245669,111327.53054245669,111327.53054245669,111327.53054245669
bitcoin,2025-07-11,115879.65030112496,2303292356999.7437,56204086624.04028,126080.0,67.81,115879.65030112496,115879.65030112496,115879.65030112496,115879.65030112496
bitcoin,2025-07-12,117571.02510036016,2338612196961.7437,64185145923.88688,126080.0,67.81,117571.02510036016,117571.02510036016,117571.02510036016,117571.02510036016
bitcoin,2025-07-13,117418.95745007684,2335485977830.673,24351256098.393543,126080.0,67.81,117418.95745007684,117418.95745007684,117418.95745007684,117418.95745007684
bitcoin,2025-07-14,119117.55666327637,2369050366835.5605,27310851454.97692,126080.0,67.81,119117.55666327637,119117.55666327637,119117.55666327637,119117.55666327637
bitcoin,2025-07-15,119833.67446712355,2383825813673.847,68915956378.80447,126080.0,67.81,119833.67446712355,119833.67446712355,119833.67446712355,119833.67446712355
bitcoin,2025-07-16,117678.19493404306,2341223394839.9204,80299520980.2335,126080.0,67.81,117678.19493404306,117678.19493404306,117678.19493404306,117678.19493404306
bitcoin,2025-07-17,118748.1627367753,2363194640209.576,50374263848.76278,126080.0,67.81,118748.1627367753,118748.1627367753,118748.1627367753,118748.1627367753
bitcoin,2025-07-18,119445.36520434043,2376237382764.3013,49282617205.72662,126080.0,67.81,119445.36520434043,119445.36520434043,119445.36520434043,119445.36520434043
bitcoin,2025-07-19,117988.94664455787,2347165317624.536,58896449260.69391,126080.0,67.81,117988.94664455787,117988.94664455787,117988.94664455787,117988.94664455787
bitcoin,2025-07-20,117901.62655900871,2345398337785.541,23934511126.349533,126080.0,67.81,117901.62655900871,117901.62655900871,117901.62655900871,117901.62655900871
bitcoin,2025-07-21,117256.9208222684,2333757287859.664,36702153882.06748,126080.0,67.81,117256.9208222684,117256.9208222684,117256.9208222684,117256.9208222684
bitcoin,2025-07-22,117482.46977767294,2337365497467.1313,46344384345.39471,126080.0,67.81,117482.46977767294,117482.46977767294,117482.46977767294,117482.46977767294
bitcoin,2025-07-23,119955.79570607653,2387516761560.4927,58939000420.94166,126080.0,67.81,119955.79570607653,119955.79570607653,119955.79570607653,119955.79570607653
bitcoin,2025-07-24,118629.05588130427,2359931875300.5244,45225685167.61703,126080.0,67.81,118629.05588130427,118629.05588130427,118629.05588130427,118629.05588130427
bitcoin,2025-07-25,118354.43517438594,2354764508342.9937,51940414419.3327,126080.0,67.81,118354.43517438594,118354.43517438594,118354.43517438594,118354.43517438594
bitcoin,2025-07-26,117540.80837085741,2338855554998.7812,91617702596.10347,126080.0,67.81,117540.80837085741,117540.80837085741,117540.80837085741,117540.80837085741
bitcoin,2025-07-27,117959.54234360624,2346959472845.027,25145925063.881348,126080.0,67.81,117959.54234360624,117959.54234360624,117959.54234360624,117959.54234360624
bitcoin,2025-07-28,119418.91405141471,2376524838793.0137,30220402191.467663,126080.0,67.81,119418.91405141471,119418.91405141471,119418.91405141471,119418.91405141471
bitcoin,2025-07-29,118003.30201607826,2349472897426.4688,43433742203.62158,126080.0,67.81,118003.30201607826,118003.30201607826,118003.30201607826,118003.30201607826
bitcoin,2025-07-30,117853.30892863822,2345126504020.1143,42860287143.68828,126080.0,67.81,117853.30892863822,117853.30892863822,117853.30892863822,117853.30892863822
bitcoin,2025-07-31,117833.24087995925,2343717963709.7124,43054424656.58649,126080.0,67.81,117833.24087995925,117833.24087995925,117833.24087995925,117833.24087995925
bitcoin,2025-08-01,115700.00243915782,2302199162425.1206,45238249453.35885,126080.0,67.81,115700.00243915782,115700.00243915782,115700.00243915782,115700.00243915782
bitcoin,2025-08-02,113234.6051343189,2253609880959.403,65794680822.25255,126080.0,67.81,113234.6051343189,113234.6051343189,113234.6051343189,113234.6051343189
bitcoin,2025-08-03,112554.90232221723,2240413983638.112,33543439044.09785,126080.0,67.81,112554.90232221723,112554.90232221723,112554.90232221723,112554.90232221723
bitcoin,2025-08-04,114199.10966460757,2272802075267.0376,24689273719.085533,126080.0,67.81,114199.10966460757,114199.10966460757,114199.10966460757,114199.10966460757
bitcoin,2025-08-05,115138.68613070177,2292395156144.1514,32488023582.82734,126080.0,67.81,115138.68613070177,115138.68613070177,115138.68613070177,115138.68613070177
bitcoin,2025-08-06,114128.35408881678,2271583255077.356,37316213251.97167,126080.0,67.81,114128.35408881678,114128.35408881678,114128.35408881678,114128.35408881678
bitcoin,2025-08-07,115022.09576830892,2289295036528.6577,32052509631.058872,126080.0,67.81,115022.09576830892,115022.09576830892,115022.09576830892,115022.09576830892
bitcoin,2025-08-08,117463.47451085235,2337732858703.5435,38289687095.00489,126080.0,67.81,117463.47451085235,117463.47451085235,117463.47451085235,117463.47451085235
bitcoin,2025-08-09,116688.36663186055,2323026541073.3213,33017415812.97353,126080.0,67.81,116688.36663186055,116688.36663186055,116688.36663186055,116688.36663186055
bitcoin,2025-08-10,116510.08393213755,2318815857401.68,27638785406.21056,126080.0,67.81,116510.08393213755,116510.08393213755,116510.08393213755,116510.08393213755
bitcoin,2025-08-11,119266.92516880555,2374097296837.8896,37157754754.85189,126080.0,67.81,119266.92516880555,119266.92516880555,119266.92516880555,119266.92516880555
bitcoin,2025-08-12,118773.79960860992,2364060561672.9995,61739781527.95854,126080.0,67.81,118773.79960860992,118773.79960860992,118773.79960860992,118773.79960860992
bitcoin,2025-08-13,120202.53485503166,2392854421745.6157,46941089789.57991,126080.0,67.81,120202.53485503166,120202.53485503166,120202.53485503166,120202.53485503166
bitcoin,2025-08-14,123560.99363577305,2458895200752.567,61818118105.53991,126080.0,67.81,123560.99363577305,123560.99363577305,123560.99363577305,123560.99363577305
bitcoin,2025-08-15,118405.59579823953,2360043737045.272,73822008367.99681,126080.0,67.81,118405.59579823953,118405.59579823953,118405.59579823953,118405.59579823953
bitcoin,2025-08-16,117339.79190213277,2335290383260.173,44268714220.021,126080.0,67.81,117339.79190213277,117339.79190213277,117339.79190213277,117339.79190213277
bitcoin,2025-08-17,117501.21653394958,2339465736068.208,23202714236.542347,126080.0,67.81,117501.21653394958,117501.21653394958,117501.21653394958,117501.21653394958
bitcoin,2025-08-18,117542.83687778088,2340648324181.828,20906566026.645443,126080.0,67.81,117542.83687778088,117542.83687778088,117542.83687778088,117542.83687778088
bitcoin,2025-08-19,116256.41276740946,2313556987528.4634,47337926940.98573,126080.0,67.81,116256.41276740946,116256.41276740946,116256.41276740946,116256.41276740946
bitcoin,2025-08-20,112778.34483555844,2245419916215.7417,46156885037.403885,126080.0,67.81,112778.34483555844,112778.34483555844,112778.34483555844,112778.34483555844
bitcoin,2025-08-21,114252.39755195397,2274471285844.184,42166369117.006935,126080.0,67.81,114252.39755195397,114252.39755195397,114252.39755195397,114252.39755195397
bitcoin,2025-08-22,112414.39987336512,2238121481749.57,32048202090.65466,126080.0,67.81,112414.39987336512,112414.39987336512,112414.39987336512,112414.39987336512
bitcoin,2025-08-23,116834.24948202295,2326174803320.612,50878158870.82928,126080.0,67.81,116834.24948202295,116834.24948202295,116834.24948202295,116834.24948202295
bitcoin,2025-08-24,115359.98346714744,2296786080139.701,27306719885.257973,126080.0,67.81,115359.98346714744,115359.98346714744,115359.98346714744,115359.98346714744
bitcoin,2025-08-25,113399.54847314971,2259663171125.389,40682656776.69001,126080.0,67.81,113399.54847314971,113399.54847314971,113399.54847314971,113399.54847314971
bitcoin,2025-08-26,110185.35443900425,2194453712375.598,52854872363.936554,126080.0,67.81,110185.35443900425,110185.35443900425,110185.35443900425,110185.35443900425
bitcoin,2025-08-27,111842.70999260596,2227025695775.593,43023800053.0546,126080.0,67.81,111842.70999260596,111842.70999260596,111842.70999260596,111842.70999260596
bitcoin,2025-08-28,111216.08479629169,2215255294289.9937,36957904262.995804,126080.0,67.81,111216.08479629169,111216.08479629169,111216.08479629169,111216.08479629169
bitcoin,2025-08-29,112525.59740669793,2239422945686.892,34222495087.206894,126080.0,67.81,112525.59740669793,112525.59740669793,112525.59740669793,112525.59740669793
bitcoin,2025-08-30,108480.30666639366,2160278651486.2852,51702115726.38959,126080.0,67.81,108480.30666639366,108480.30666639366,108480.30666639366,108480.30666639366
bitcoin,2025-08-31,108781.95727925687,2166165747945.1812,27799981330.792213,126080.0,67.81,108781.95727925687,108781.95727925687,108781.95727925687,108781.95727925687
bitcoin,2025-09-01,108253.36092385623,2155694976689.5986,26140904019.246822,126080.0,67.81,108253.36092385623,108253.36092385623,108253.36092385623,108253.36092385623
bitcoin,2025-09-02,109162.68557992298,2174100506466.4321,42999610648.39302,126080.0,67.81,109162.68557992298,109162.68557992298,109162.68557992298,109162.68557992298
bitcoin,2025-09-03,111190.18209845416,2212595221503.454,50235464642.845955,126080.0,67.81,111190.18209845416,111190.18209845416,111190.18209845416,111190.18209845416
bitcoin,2025-09-04,111711.51977725117,2225365905592.233,36406080683.42747,126080.0,67.81,111711.51977725117,111711.51977725117,111711.51977725117,111711.51977725117
bitcoin,2025-09-05,110724.736377486,2204051936301.3257,38708366685.43147,126080.0,67.81,110724.736377486,110724.736377486,110724.736377486,110724.736377486
bitcoin,2025-09-06,110662.18112628513,2204045604630.5625,56020470627.40665,126080.0,67.81,110662.18112628513,110662.18112628513,110662.18112628513,110662.18112628513
bitcoin,2025-09-07,110209.1888247784,2195288669199.568,19340758702.076332,126080.0,67.81,110209.1888247784,110209.1888247784,110209.1888247784,110209.1888247784
bitcoin,2025-09-08,111131.9923868407,2213764479139.3647,22147049159.335133,126080.0,67.81,111131.9923868407,111131.9923868407,111131.9923868407,111131.9923868407
bitcoin,2025-09-09,112025.12878118771,2231763512226.867,37159847899.8603,126080.0,67.81,112025.12878118771,112025.12878118771,112025.12878118771,112025.12878118771
bitcoin,2025-09-10,111547.43956434788,2222026777598.0474,45338021458.38368,126080.0,67.81,111547.43956434788,111547.43956434788,111547.43956434788,111547.43956434788
bitcoin,2025-09-11,113975.32489468766,2270241314652.7144,52205187155.05567,126080.0,67.81,113975.32489468766,113975.32489468766,113975.32489468766,113975.32489468766
bitcoin,2025-09-12,115503.16663193036,2299764311655.674,43752917632.95067,126080.0,67.81,115503.16663193036,115503.16663193036,115503.16663193036,115503.16663193036
bitcoin,2025-09-13,116160.14344594491,2314347371939.946,51192951485.864395,126080.0,67.81,116160.14344594491,116160.14344594491,116160.14344594491,116160.14344594491
bitcoin,2025-09-14,115970.58488443034,2310166037871.29,30063858747.76022,126080.0,67.81,115970.58488443034,115970.58488443034,115970.58488443034,115970.58488443034
bitcoin,2025-09-15,115373.55555886829,2297459118244.424,26889399414.610912,126080.0,67.81,115373.55555886829,115373.55555886829,115373.55555886829,115373.55555886829
bitcoin,2025-09-16,115397.25272727509,2297977599504.5527,46947581231.08198,126080.0,67.81,115397.25272727509,115397.25272727509,115397.25272727509,115397.25272727509
bitcoin,2025-09-17,116762.8496864193,2325326932460.9644,39964451595.099724,126080.0,67.81,116762.8496864193,116762.8496864193,116762.8496864193,116762.8496864193
bitcoin,2025-09-18,116455.94648225319,2321583680138.891,54740952295.37868,126080.0,67.81,116455.94648225319,116455.94648225319,116455.94648225319,116455.94648225319
bitcoin,2025-09-19,117145.49508952006,2333705338232.097,43642467075.25838,126080.0,67.81,117145.49508952006,117145.49508952006,117145.49508952006,117145.49508952006
bitcoin,2025-09-20,115655.81046441344,2303469041668.8,34296721252.33001,126080.0,67.81,115655.81046441344,115655.81046441344,115655.81046441344,115655.81046441344
bitcoin,2025-09-21,115715.51536781774,2305371926506.302,18774953731.290394,126080.0,67.81,115715.51536781774,115715.51536781774,115715.51536781774,115715.51536781774
bitcoin,2025-09-22,115304.47999407038,2297332085237.645,18659113982.495464,126080.0,67.81,115304.47999407038,115304.47999407038,115304.47999407038,115304.47999407038
bitcoin,2025-09-23,112696.74101711863,2245929069310.8535,69152342029.46799,126080.0,67.81,112696.74101711863,112696.74101711863,112696.74101711863,112696.74101711863
bitcoin,2025-09-24,112022.16587861195,2232693472656.6514,46154878824.043465,126080.0,67.81,112022.16587861195,112022.16587861195,112022.16587861195,112022.16587861195
bitcoin,2025-09-25,113320.56908541008,2257741194218.8286,46677543220.334526,126080.0,67.81,113320.56908541008,113320.56908541008,113320.56908541008,113320.56908541008
bitcoin,2025-09-26,108963.53013595635,2171950311711.4429,74481796351.47305,126080.0,67.81,108963.53013595635,108963.53013595635,108963.53013595635,108963.53013595635
bitcoin,2025-09-27,109710.20874667744,2185866776171.5464,55257214020.568245,126080.0,67.81,109710.20874667744,109710.20874667744,109710.20874667744,109710.20874667744
bitcoin,2025-09-28,109654.81021075726,2185203231301.0562,23294896964.31016,126080.0,67.81,109654.81021075726,109654.81021075726,109654.81021075726,109654.81021075726
bitcoin,2025-09-29,112142.57362752674,2235798877396.134,31274654338.51212,126080.0,67.81,112142.57362752674,112142.57362752674,112142.57362752674,112142.57362752674
bitcoin,2025-09-30,114309.15041119447,2278362523594.3135,57833295882.65785,126080.0,67.81,114309.15041119447,114309.15041119447,114309.15041119447,114309.15041119447
bitcoin,2025-10-01,114024.22783550054,2272137555069.4507,57718901820.70616,126080.0,67.81,114024.22783550054,114024.22783550054,114024.22783550054,114024.22783550054
bitcoin,2025-10-02,118503.24451752483,2359569556068.08,69920179085.4708,126080.0,67.81,118503.24451752483,118503.24451752483,118503.24451752483,118503.24451752483
bitcoin,2025-10-03,120611.71911591051,2399524207991.5527,71252850672.75252,126080.0,67.81,120611.71911591051,120611.71911591051,120611.71911591051,120611.71911591051
bitcoin,2025-10-04,122250.15186842803,2436956902844.7153,83155430408.51796,126080.0,67.81,122250.15186842803,122250.15186842803,122250.15186842803,122250.15186842803
bitcoin,2025-10-05,122380.93708463266,2438832157552.7866,35161626561.80918,126080.0,67.81,122380.93708463266,122380.93708463266,122380.93708463266,122380.93708463266
bitcoin,2025-10-06,123506.18520027678,2461221856764.1885,72011486031.26575,126080.0,67.81,123506.18520027678,123506.18520027678,123506.18520027678,123506.18520027678
bitcoin,2025-10-07,124773.50823074432,2486073086655.2866,69605991064.72382,126080.0,67.81,124773.50823074432,124773.50823074432,124773.50823074432,124773.50823074432
bitcoin,2025-10-08,121518.75593575071,2421938444026.2783,76087884719.80028,126080.0,67.81,121518.75593575071,121518.75593575071,121518.75593575071,121518.75593575071
bitcoin,2025-10-09,123352.50487523204,2459003621170.118,62576032795.36722,126080.0,67.81,123352.50487523204,123352.50487523204,123352.50487523204,123352.50487523204
bitcoin,2025-10-10,121698.03066778315,2423288659157.484,72097306668.91356,126080.0,67.81,121698.03066778315,121698.03066778315,121698.03066778315,121698.03066778315
bitcoin,2025-10-11,113201.74064138904,2265659827789.9917,151002213089.8765,126080.0,67.81,113201.74064138904,113201.74064138904,113201.74064138904,113201.74064138904
bitcoin,2025-10-12,110853.11663883903,2211404015103.109,108643865752.17674,126080.0,67.81,110853.11663883903,110853.11663883903,110853.11663883903,110853.11663883903
bitcoin,2025-10-13,115189.5714637257,2294724465036.9785,93857100744.12454,126080.0,67.81,115189.5714637257,115189.5714637257,115189.5714637257,115189.5714637257
bitcoin,2025-10-14,115222.28302116522,2296863527017.9863,68935270367.04033,126080.0,67.81,115222.28302116522,115222.28302116522,115222.28302116522,115222.28302116522
bitcoin,2025-10-15,113156.56943826913,2257545230986.0146,91211854988.91518,126080.0,67.81,113156.56943826913,113156.56943826913,113156.56943826913,113156.56943826913
bitcoin,2025-10-16,110708.66960879423,2207742082237.0483,68877328886.40259,126080.0,67.81,110708.66960879423,110708.66960879423,110708.66960879423,110708.66960879423
bitcoin,2025-10-17,108076.72862033188,2154964541836.455,84773160808.27399,126080.0,67.81,108076.72862033188,108076.72862033188,108076.72862033188,108076.72862033188
bitcoin,2025-10-18,106443.61194984635,2123017949517.1426,94325236794.78163,126080.0,67.81,106443.61194984635,106443.61194984635,106443.61194984635,106443.61194984635
bitcoin,2025-10-19,107156.00337647724,2135575517405.9185,34412835719.61292,126080.0,67.81,107156.00337647724,107156.00337647724,107156.00337647724,107156.00337647724
bitcoin,2025-10-20,108621.134857428,2165367850075.0042,45373692612.394394,126080.0,67.81,108621.134857428,108621.134857428,108621.134857428,108621.134857428
bitcoin,2025-10-21,110608.5714932665,2205571381112.93,60452111148.140076,126080.0,67.81,110608.5714932665,110608.5714932665,110608.5714932665,110608.5714932665
bitcoin,2025-10-22,108486.10262716639,2162410619417.9114,105841401713.00197,126080.0,67.81,108486.10262716639,108486.10262716639,108486.10262716639,108486.10262716639
bitcoin,2025-10-23,107618.4266715404,2145773248654.6448,83996418125.93103,126080.0,67.81,107618.4266715404,107618.4266715404,107618.4266715404,107618.4266715404
bitcoin,2025-10-24,110048.51827291629,2193901841033.9053,56192643013.57058,126080.0,67.81,110048.51827291629,110048.51827291629,110048.51827291629,110048.51827291629
bitcoin,2025-10-25,110997.80437129698,2213306367536.756,49120903424.344864,126080.0,67.81,110997.80437129698,110997.80437129698,110997.80437129698,110997.80437129698
bitcoin,2025-10-26,111620.3093731354,2224861052775.0015,23214874411.212166,126080.0,67.81,111620.3093731354,111620.3093731354,111620.3093731354,111620.3093731354
bitcoin,2025-10-27,114476.01227508577,2283691326423.212,42483268634.18711,126080.0,67.81,114476.01227508577,114476.01227508577,114476.01227508577,114476.01227508577
bitcoin,2025-10-28,114182.79442806762,2276235094681.6714,63764801510.65889,126080.0,67.81,114182.79442806762,114182.79442806762,114182.79442806762,114182.79442806762
bitcoin,2025-10-29,112950.34863259472,2254003248725.4917,66299512352.17796,126080.0,67.81,112950.34863259472,112950.34863259472,112950.34863259472,112950.34863259472
bitcoin,2025-10-30,110046.66925837283,2194746293754.542,64235327509.05742,126080.0,67.81,110046.66925837283,110046.66925837283,110046.66925837283,110046.66925837283
bitcoin,2025-10-31,108240.76528725718,2157803742876.0747,72648897659.94229,126080.0,67.81,108240.76528725718,108240.76528725718,108240.76528725718,108240.76528725718
bitcoin,2025-11-01,109573.90555629115,2185193896779.3408,58800487940.5146,126080.0,67.81,109573.90555629115,109573.90555629115,109573.90555629115,109573.90555629115
bitcoin,2025-11-02,110014.13556776087,2194075979770.0623,24938475577.849922,126080.0,67.81,110014.13556776087,110014.13556776087,110014.13556776087,110014.13556776087
bitcoin,2025-11-03,110650.2092823146,2201849942058.28,35098774843.7742,126080.0,67.81,110650.2092823146,110650.2092823146,110650.2092823146,110650.2092823146
bitcoin,2025-11-04,106521.08673825761,2123664079961.7026,75068433317.86293,126080.0,67.81,106521.08673825761,106521.08673825761,106521.08673825761,106521.08673825761
bitcoin,2025-11-05,101635.2740227234,2026091188341.184,108965721650.60309,126080.0,67.81,101635.2740227234,101635.2740227234,101635.2740227234,101635.2740227234
bitcoin,2025-11-06,103877.95965955159,2073000557933.8025,77083907216.62631,126080.0,67.81,103877.95965955159,103877.95965955159,103877.95965955159,103877.95965955159
bitcoin,2025-11-07,101322.6402945857,2019147576692.263,64118217249.57436,126080.0,67.81,101322.6402945857,101322.6402945857,101322.6402945857,101322.6402945857
bitcoin,2025-11-08,103396.084215925,2063021740892.1375,93627003785.31018,126080.0,67.81,103396.084215925,103396.084215925,103396.084215925,103396.084215925
bitcoin,2025-11-09,102290.13714655167,2039995976869.1492,51095924202.31797,126080.0,67.81,102290.13714655167,102290.13714655167,102290.13714655167,102290.13714655167
bitcoin,2025-11-10,104709.67861656273,2086419359800.0503,59952468437.71812,126080.0,67.81,104709.67861656273,104709.67861656273,104709.67861656273,104709.67861656273
bitcoin,2025-11-11,105909.07272321742,2112747067951.9028,67546556819.52642,126080.0,67.81,105909.07272321742,105909.07272321742,105909.07272321742,105909.07272321742
bitcoin,2025-11-12,102960.77564500563,2053215927640.825,71008299178.73956,126080.0,67.81,102960.77564500563,102960.77564500563,102960.77564500563,102960.77564500563
bitcoin,2025-11-13,101521.70859453593,2025837265459.7573,63332414142.58827,126080.0,67.81,101521.70859453593,101521.70859453593,101521.70859453593,101521.70859453593
bitcoin,2025-11-14,99730.4533956204,1996168972711.9963,100463341916.4732,126080.0,67.81,99730.4533956204,99730.4533956204,99730.4533956204,99730.4533956204
bitcoin,2025-11-15,94456.39368235337,1891799949910.1116,113198323665.38873,126080.0,67.81,94456.39368235337,94456.39368235337,94456.39368235337,94456.39368235337
bitcoin,2025-11-16,95508.31019889197,1905234340631.9912,39062120798.23745,126080.0,67.81,95508.31019889197,95508.31019889197,95508.31019889197,95508.31019889197
bitcoin,2025-11-17,94411.32947182967,1883240679702.7427,72645149972.7847,126080.0,67.81,94411.32947182967,94411.32947182967,94411.32947182967,94411.32947182967
bitcoin,2025-11-18,92036.7255045672,1835458818945.8962,95794596045.06412,126080.0,67.81,92036.7255045672,92036.7255045672,92036.7255045672,92036.7255045672
bitcoin,2025-11-19,92819.75921500899,1851234710246.605,103837258806.01602,126080.0,67.81,92819.75921500899,92819.75921500899,92819.75921500899,92819.75921500899
bitcoin,2025-11-20,91363.27838693369,1820062799702.324,82897875507.45229,126080.0,67.81,91363.27838693369,91363.27838693369,91363.27838693369,91363.27838693369
bitcoin,2025-11-21,86649.97257918229,1731258563683.1287,99171039191.1295,126080.0,67.81,86649.97257918229,86649.97257918229,86649.97257918229,86649.97257918229
bitcoin,2025-11-22,85051.8019295002,1697723941246.0479,135093457122.46469,126080.0,67.81,85051.8019295002,85051.8019295002,85051.8019295002,85051.8019295002
bitcoin,2025-11-23,84682.62429147748,1690556523055.809,42644968955.2184,126080.0,67.81,84682.62429147748,84682.62429147748,84682.62429147748,84682.62429147748
bitcoin,2025-11-24,86783.84766839583,1732233225777.4016,60446592409.29218,126080.0,67.81,86783.84766839583,86783.84766839583,86783.84766839583,86783.84766839583
bitcoin,2025-11-25,88229.35740719768,1761564072532.238,77606296173.43544,126080.0,67.81,88229.35740719768,88229.35740719768,88229.35740719768,88229.35740719768
bitcoin,2025-11-26,87310.33159950442,1742162762885.542,67956444142.18749,126080.0,67.81,87310.33159950442,87310.33159950442,87310.33159950442,87310.33159950442
bitcoin,2025-11-27,90474.22677969698,1806439309544.997,69690430587.90018,126080.0,67.81,90474.22677969698,90474.22677969698,90474.22677969698,90474.22677969698
bitcoin,2025-11-28,91279.06057176423,1821778517479.9226,59295194347.668594,126080.0,67.81,91279.06057176423,91279.06057176423,91279.06057176423,91279.06057176423
bitcoin,2025-11-29,90950.37695910994,1814919896425.4082,62833195066.53989,126080.0,67.81,90950.37695910994,90950.37695910994,90950.37695910994,90950.37695910994
bitcoin,2025-11-30,90841.45258193677,1812771321410.9438,39253888201.69327,126080.0,67.81,90841.45258193677,90841.45258193677,90841.45258193677,90841.45258193677
bitcoin,2025-12-01,90406.28448571145,1807818977105.3909,40334819409.843475,126080.0,67.81,90406.28448571145,90406.28448571145,90406.28448571145,90406.28448571145
bitcoin,2025-12-02,86281.49519776918,1723547230444.7913,92988982967.24597,126080.0,67.81,86281.49519776918,86281.49519776918,86281.49519776918,86281.49519776918
bitcoin,2025-12-03,91344.73275150165,1824843161126.1372,83138039128.81346,126080.0,67.81,91344.73275150165,91344.73275150165,91344.73275150165,91344.73275150165
bitcoin,2025-12-04,93619.43750817103,1868050658597.6572,81429135004.88295,126080.0,67.81,93619.43750817103,93619.43750817103,93619.43750817103,93619.43750817103
bitcoin,2025-12-05,92140.70419795791,1839369557445.9072,67878296355.02588,126080.0,67.81,92140.70419795791,92140.70419795791,92140.70419795791,92140.70419795791
bitcoin,2025-12-06,89307.09154512963,1782798987370.1692,50193142876.74388,126080.0,67.81,89307.09154512963,89307.09154512963,89307.09154512963,89307.09154512963
bitcoin,2025-12-07,89244.7620814118,1781194798199.8435,24818678152.49986,126080.0,67.81,89244.7620814118,89244.7620814118,89244.7620814118,89244.7620814118
bitcoin,2025-12-08,90162.90714007126,1799656690088.5503,33912893266.90874,126080.0,67.81,90162.90714007126,90162.90714007126,90162.90714007126,90162.90714007126
bitcoin,2025-12-09,90618.0535204608,1808394676576.639,45466493941.40448,126080.0,67.81,90618.0535204608,90618.0535204608,90618.0535204608,90618.0535204608
bitcoin,2025-12-10,92723.21372069631,1852116289106.247,54575121853.64529,126080.0,67.81,92723.21372069631,92723.21372069631,92723.21372069631,92723.21372069631
bitcoin,2025-12-11,92005.13714957413,1837321739746.956,52189659395.756485,126080.0,67.81,92005.13714957413,92005.13714957413,92005.13714957413,92005.13714957413
bitcoin,2025-12-12,92494.17691640415,1848922166365.7808,53232377699.408394,126080.0,67.81,92494.17691640415,92494.17691640415,92494.17691640415,92494.17691640415
bitcoin,2025-12-13,90307.26028567803,1803244893514.8884,67750393558.62937,126080.0,67.81,90307.26028567803,90307.26028567803,90307.26028567803,90307.26028567803
bitcoin,2025-12-14,90257.4292885891,1801496999571.6902,35222775785.402145,126080.0,67.81,90257.4292885891,90257.4292885891,90257.4292885891,90257.4292885891
bitcoin,2025-12-15,88230.77409367911,1761380944797.1238,33808538697.042442,126080.0,67.81,88230.77409367911,88230.77409367911,88230.77409367911,88230.77409367911
bitcoin,2025-12-16,86413.9190195637,1724624039059.303,50630498834.055145,126080.0,67.81,86413.9190195637,86413.9190195637,86413.9190195637,86413.9190195637
bitcoin,2025-12-17,87821.88919109134,1751373602587.6565,48317754254.70281,126080.0,67.81,87821.88919109134,87821.88919109134,87821.88919109134,87821.88919109134
bitcoin,2025-12-18,86064.94716216,1718491930388.8372,48886793507.656334,126080.0,67.81,86064.94716216,86064.94716216,86064.94716216,86064.94716216
bitcoin,2025-12-19,85450.3312009302,1704341132953.6216,58649139178.511856,126080.0,67.81,85450.3312009302,85450.3312009302,85450.3312009302,85450.3312009302
bitcoin,2025-12-20,88103.86075721023,1759398134896.644,51932451056.500565,126080.0,67.81,88103.86075721023,88103.86075721023,88103.86075721023,88103.86075721023
bitcoin,2025-12-21,88347.94310567998,1762805314679.9844,17103607834.780054,126080.0,67.81,88347.94310567998,88347.94310567998,88347.94310567998,88347.94310567998
bitcoin,2025-12-22,88577.42038358838,1768920028841.514,22541294542.323105,126080.0,67.81,88577.42038358838,88577.42038358838,88577.42038358838,88577.42038358838
bitcoin,2025-12-23,88491.12020788102,1767081210842.8062,41948947368.210236,126080.0,67.81,88491.12020788102,88491.12020788102,88491.12020788102,88491.12020788102
bitcoin,2025-12-24,87406.43636737975,1745209464473.6252,46353794741.509995,126080.0,67.81,87406.43636737975,87406.43636737975,87406.43636737975,87406.43636737975
bitcoin,2025-12-25,87642.60888119951,1749379166231.2852,29100645180.040016,126080.0,67.81,87642.60888119951,87642.60888119951,87642.60888119951,87642.60888119951
bitcoin,2025-12-26,87229.78066010943,1741491085115.601,22773603342.32636,126080.0,67.81,87229.78066010943,87229.78066010943,87229.78066010943,87229.78066010943
bitcoin,2025-12-27,87305.95655961394,1743187621561.159,47130449135.786705,126080.0,67.81,87305.95655961394,87305.95655961394,87305.95655961394,87305.95655961394
bitcoin,2025-12-28,87807.003210775,1753375412209.345,15670944599.660688,126080.0,67.81,87807.003210775,87807.003210775,87807.003210775,87807.003210775
bitcoin,2025-12-29,87822.90829076794,1753595375313.038,17428479525.19913,126080.0,67.81,87822.90829076794,87822.90829076794,87822.90829076794,87822.90829076794
bitcoin,2025-12-30,87156.56266080117,1739794323451.9631,53957962807.988785,126080.0,67.81,87156.56266080117,87156.56266080117,87156.56266080117,87156.56266080117
bitcoin,2025-12-31,88414.62856073362,1765833387995.6162,39734225800.079216,126080.0,67.81,88414.62856073362,88414.62856073362,88414.62856073362,88414.62856073362
bitcoin,2026-01-01,87520.18048742875,1747837206254.3643,37245075349.02766,126080.0,67.81,87520.18048742875,87520.18048742875,87520.18048742875,87520.18048742875
bitcoin,2026-01-02,88727.67004249741,1771365149347.3962,21163124465.205833,126080.0,67.81,88727.67004249741,88727.67004249741,88727.67004249741,88727.67004249741
bitcoin,2026-01-03,89926.27924953419,1795890115524.7178,50705395175.73333,126080.0,67.81,89926.27924953419,89926.27924953419,89926.27924953419,89926.27924953419
bitcoin,2026-01-04,90593.85443180417,1809211438368.9963,23480735292.761147,126080.0,67.81,90593.85443180417,90593.85443180417,90593.85443180417,90593.85443180417
bitcoin,2026-01-05,91373.21588108438,1824986876689.233,31050236622.948975,126080.0,67.81,91373.21588108438,91373.21588108438,91373.21588108438,91373.21588108438
bitcoin,2026-01-06,93926.7956485658,1876558232963.0544,59451605754.8414,126080.0,67.81,93926.7956485658,93926.7956485658,93926.7956485658,93926.7956485658
bitcoin,2026-01-07,93666.86387314305,1870043996457.1855,57439451725.50999,126080.0,67.81,93666.86387314305,93666.86387314305,93666.86387314305,93666.86387314305
bitcoin,2026-01-08,91257.15544035907,1822220317807.3809,47910812257.04945,126080.0,67.81,91257.15544035907,91257.15544035907,91257.15544035907,91257.15544035907
bitcoin,2026-01-09,90983.51578142625,1817249307661.4592,48319133568.469185,126080.0,67.81,90983.51578142625,90983.51578142625,90983.51578142625,90983.51578142625
bitcoin,2026-01-10,90504.89560340019,1807784901284.322,43664879516.319695,126080.0,67.81,90504.89560340019,90504.89560340019,90504.89560340019,90504.89560340019
bitcoin,2026-01-11,90442.01907847001,1806483854865.5005,13961660357.407768,126080.0,67.81,90442.01907847001,90442.01907847001,90442.01907847001,90442.01907847001
bitcoin,2026-01-12,90819.36598904192,1814078415941.0112,19870776213.774654,126080.0,67.81,90819.36598904192,90819.36598904192,90819.36598904192,90819.36598904192
bitcoin,2026-01-13,91134.96917951507,1820530763450.6675,46923085427.627655,126080.0,67.81,91134.96917951507,91134.96917951507,91134.96917951507,91134.96917951507
bitcoin,2026-01-14,95260.4422971001,1902289955573.257,66844465446.74208,126080.0,67.81,95260.4422971001,95260.4422971001,95260.4422971001,95260.4422971001
bitcoin,2026-01-15,97007.78078881276,1938292963237.8118,68433627980.993996,126080.0,67.81,97007.78078881276,97007.78078881276,97007.78078881276,97007.78078881276
bitcoin,2026-01-16,95584.82797878512,1909227332523.1567,59629891835.2242,126080.0,67.81,95584.82797878512,95584.82797878512,95584.82797878512,95584.82797878512
bitcoin,2026-01-17,95516.07771987123,1907673016263.0132,37208122951.606445,126080.0,67.81,95516.07771987123,95516.07771987123,95516.07771987123,95516.07771987123
bitcoin,2026-01-18,95099.53192554631,1899912876486.1714,17839431205.011776,126080.0,67.81,95099.53192554631,95099.53192554631,95099.53192554631,95099.53192554631
bitcoin,2026-01-19,93752.70577188236,1874976961280.7039,23132534225.645782,126080.0,67.81,93752.70577188236,93752.70577188236,93752.70577188236,93752.70577188236
bitcoin,2026-01-20,92558.46334372147,1849232162887.1968,43338958368.50777,126080.0,67.81,92558.46334372147,92558.46334372147,92558.46334372147,92558.46334372147
bitcoin,2026-01-21,88312.84053255555,1764030499464.2656,60578606228.98298,126080.0,67.81,88312.84053255555,88312.84053255555,88312.84053255555,88312.84053255555
bitcoin,2026-01-22,89354.34377512129,1785123532735.0352,62357735672.95213,126080.0,67.81,89354.34377512129,89354.34377512129,89354.34377512129,89354.34377512129
bitcoin,2026-01-23,89443.39744146909,1787014846080.977,39301750755.698135,126080.0,67.81,89443.39744146909,89443.39744146909,89443.39744146909,89443.39744146909
bitcoin,2026-01-24,89412.39849953113,1786292506432.339,43393369570.58639,126080.0,67.81,89412.39849953113,89412.39849953113,89412.39849953113,89412.39849953113
bitcoin,2026-01-25,89170.87364531498,1781979789713.3386,16537403154.850498,126080.0,67.81,89170.87364531498,89170.87364531498,89170.87364531498,89170.87364531498
bitcoin,2026-01-26,86548.32213469829,1731460015137.4014,39912523619.12114,126080.0,67.81,86548.32213469829,86548.32213469829,86548.32213469829,86548.32213469829
bitcoin,2026-01-27,88307.8612070438,1764540020523.9114,50644433646.50017,126080.0,67.81,88307.8612070438,88307.8612070438,88307.8612070438,88307.8612070438
bitcoin,2026-01-28,89204.22239644526,1782508769730.2656,43778458930.62677,126080.0,67.81,89204.22239644526,89204.22239644526,89204.22239644526,89204.22239644526
bitcoin,2026-01-29,89162.09701574955,1781310220302.3276,45893249753.273575,126080.0,67.81,89162.09701574955,89162.09701574955,89162.09701574955,89162.09701574955
bitcoin,2026-01-30,84570.40906135936,1689639802554.1016,70962598615.0189,126080.0,67.81,84570.40906135936,84570.40906135936,84570.40906135936,84570.40906135936
bitcoin,2026-01-31,84141.77856967277,1680807873673.8472,79515463845.849,126080.0,67.81,84141.77856967277,84141.77856967277,84141.77856967277,84141.77856967277
bitcoin,2026-02-01,78725.85853884545,1573735495563.3943,78488542272.81866,126080.0,67.81,78725.85853884545,78725.85853884545,78725.85853884545,78725.85853884545
bitcoin,2026-02-02,76937.06406636834,1537520318473.685,58330740751.53287,126080.0,67.81,76937.06406636834,76937.06406636834,76937.06406636834,76937.06406636834
bitcoin,2026-02-03,78767.65815345927,1573216672021.9187,84675130404.55545,126080.0,67.81,78767.65815345927,78767.65815345927,78767.65815345927,78767.65815345927
bitcoin,2026-02-04,75638.95670207398,1512165605443.8088,73734215653.24066,126080.0,67.81,75638.95670207398,75638.95670207398,75638.95670207398,75638.95670207398
ethereum,2025-02-06,2790.5521609256075,335828291113.4543,30026391038.27177,4946.05,0.432979,2790.5521609256075,2790.5521609256075,2790.5521609256075,2790.5521609256075
ethereum,2025-02-07,2686.662316793651,323756512126.7498,31349967107.97825,4946.05,0.432979,2686.662316793651,2686.662316793651,2686.662316793651,2686.662316793651
ethereum,2025-02-08,2623.4507017824767,315636240722.9841,30948837988.08186,4946.05,0.432979,2623.4507017824767,2623.4507017824767,2623.4507017824767,2623.4507017824767
ethereum,2025-02-09,2635.6011418023404,317758860998.56256,16335613332.591795,4946.05,0.432979,2635.6011418023404,2635.6011418023404,2635.6011418023404,2635.6011418023404
ethereum,2025-02-10,2632.5358220552475,317369673472.60657,17155535243.908037,4946.05,0.432979,2632.5358220552475,2632.5358220552475,2632.5358220552475,2632.5358220552475
ethereum,2025-02-11,2660.2967996436387,320711545303.1932,18843420567.42921,4946.05,0.432979,2660.2967996436387,2660.2967996436387,2660.2967996436387,2660.2967996436387
ethereum,2025-02-12,2603.0333698049267,313943237177.0695,21212910085.211273,4946.05,0.432979,2603.0333698049267,2603.0333698049267,2603.0333698049267,2603.0333698049267
ethereum,2025-02-13,2736.2703136032396,329492522913.44,26503660438.845695,4946.05,0.432979,2736.2703136032396,2736.2703136032396,2736.2703136032396,2736.2703136032396
ethereum,2025-02-14,2675.7090007037627,322584072350.2765,18938191215.29619,4946.05,0.432979,2675.7090007037627,2675.7090007037627,2675.7090007037627,2675.7090007037627
ethereum,2025-02-15,2724.6698335873957,328399065363.05505,17416785872.704834,4946.05,0.432979,2724.6698335873957,2724.6698335873957,2724.6698335873957,2724.6698335873957
ethereum,2025-02-16,2692.8213863864253,324625278431.52954,8896321414.559013,4946.05,0.432979,2692.8213863864253,2692.8213863864253,2692.8213863864253,2692.8213863864253
ethereum,2025-02-17,2659.9017474093457,320529173059.00665,8757895115.47748,4946.05,0.432979,2659.9017474093457,2659.9017474093457,2659.9017474093457,2659.9017474093457
ethereum,2025-02-18,2741.9050800956124,330464530098.92377,24666373348.432693,4946.05,0.432979,2741.9050800956124,2741.9050800956124,2741.9050800956124,2741.9050800956124
ethereum,2025-02-19,2669.4945006896073,321688672383.7524,24353300611.506603,4946.05,0.432979,2669.4945006896073,2669.4945006896073,2669.4945006896073,2669.4945006896073
ethereum,2025-02-20,2714.8018364720533,327248168186.7616,13398586820.912325,4946.05,0.432979,2714.8018364720533,2714.8018364720533,2714.8018364720533,2714.8018364720533
ethereum,2025-02-21,2741.5933625994785,330517520397.0965,14550027648.522171,4946.05,0.432979,2741.5933625994785,2741.5933625994785,2741.5933625994785,2741.5933625994785
ethereum,2025-02-22,2658.3470942919384,320508273451.5576,31770375573.3895,4946.05,0.432979,2658.3470942919384,2658.3470942919384,2658.3470942919384,2658.3470942919384
ethereum,2025-02-23,2764.355233404291,333381856893.82196,17576653979.14654,4946.05,0.432979,2764.355233404291,2764.355233404291,2764.355233404291,2764.355233404291
ethereum,2025-02-24,2827.1844084879804,340712999974.1412,21394599890.269897,4946.05,0.432979,2827.1844084879804,2827.1844084879804,2827.1844084879804,2827.1844084879804
ethereum,2025-02-25,2503.103420098605,301769340440.05,31014455208.756138,4946.05,0.432979,2503.103420098605,2503.103420098605,2503.103420098605,2503.103420098605
ethereum,2025-02-26,2495.315451693047,301064649480.5458,42875934003.323944,4946.05,0.432979,2495.315451693047,2495.315451693047,2495.315451693047,2495.315451693047
ethereum,2025-02-27,2325.853934699374,280668025121.2334,28109120496.698666,4946.05,0.432979,2325.853934699374,2325.853934699374,2325.853934699374,2325.853934699374
ethereum,2025-02-28,2305.3229378029837,277936135130.74036,89259450649.58,4946.05,0.432979,2305.3229378029837,2305.3229378029837,2305.3229378029837,2305.3229378029837
ethereum,2025-03-01,2235.204208608959,269516471615.1616,32905594283.00643,4946.05,0.432979,2235.204208608959,2235.204208608959,2235.204208608959,2235.204208608959
ethereum,2025-03-02,2212.8243514969954,266823935338.2421,16103021679.018568,4946.05,0.432979,2212.8243514969954,2212.8243514969954,2212.8243514969954,2212.8243514969954
ethereum,2025-03-03,2517.3382391622977,303306117779.7704,37907412347.33495,4946.05,0.432979,2517.3382391622977,2517.3382391622977,2517.3382391622977,2517.3382391622977
ethereum,2025-03-04,2148.199533470228,259111889993.75626,33501080617.480988,4946.05,0.432979,2148.199533470228,2148.199533470228,2148.199533470228,2148.199533470228
ethereum,2025-03-05,2171.496943535016,261805780842.5489,35524086282.76523,4946.05,0.432979,2171.496943535016,2171.496943535016,2171.496943535016,2171.496943535016
ethereum,2025-03-06,2241.3841149187283,270490243838.00568,22236307931.758247,4946.05,0.432979,2241.3841149187283,2241.3841149187283,2241.3841149187283,2241.3841149187283
ethereum,2025-03-07,2202.3207363495417,265270135615.0983,19895800679.328133,4946.05,0.432979,2202.3207363495417,2202.3207363495417,2202.3207363495417,2202.3207363495417
ethereum,2025-03-08,2140.7498089428914,257899503839.8083,21716710066.08888,4946.05,0.432979,2140.7498089428914,2140.7498089428914,2140.7498089428914,2140.7498089428914
ethereum,2025-03-09,2199.9995000805707,265129957012.69815,11257666715.795546,4946.05,0.432979,2199.9995000805707,2199.9995000805707,2199.9995000805707,2199.9995000805707
ethereum,2025-03-10,2017.265460184326,243298514477.01385,17577023963.685375,4946.05,0.432979,2017.265460184326,2017.265460184326,2017.265460184326,2017.265460184326
ethereum,2025-03-11,1879.1231054991026,226713493940.29108,36577317615.21765,4946.05,0.432979,1879.1231054991026,1879.1231054991026,1879.1231054991026,1879.1231054991026
ethereum,2025-03-12,1921.3099227587034,232024934655.6445,30046602111.893852,4946.05,0.432979,1921.3099227587034,1921.3099227587034,1921.3099227587034,1921.3099227587034
ethereum,2025-03-13,1910.6551381032464,230443739229.907,24499314730.70381,4946.05,0.432979,1910.6551381032464,1910.6551381032464,1910.6551381032464,1910.6551381032464
ethereum,2025-03-14,1862.7949366490388,224658866951.8703,19212414462.181553,4946.05,0.432979,1862.7949366490388,1862.7949366490388,1862.7949366490388,1862.7949366490388
ethereum,2025-03-15,1910.6662703455045,230476916425.01935,12949972214.265629,4946.05,0.432979,1910.6662703455045,1910.6662703455045,1910.6662703455045,1910.6662703455045
ethereum,2025-03-16,1939.7856881721348,233970291611.3664,6944891086.050841,4946.05,0.432979,1939.7856881721348,1939.7856881721348,1939.7856881721348,1939.7856881721348
ethereum,2025-03-17,1887.7643429692785,227688957214.28125,9486242392.181334,4946.05,0.432979,1887.7643429692785,1887.7643429692785,1887.7643429692785,1887.7643429692785
ethereum,2025-03-18,1929.1833577618722,232725366276.39935,11251166846.249075,4946.05,0.432979,1929.1833577618722,1929.1833577618722,1929.1833577618722,1929.1833577618722
ethereum,2025-03-19,1932.7964059050657,233152161415.72287,10887619567.393353,4946.05,0.432979,1932.7964059050657,1932.7964059050657,1932.7964059050657,1932.7964059050657
ethereum,2025-03-20,2060.728601068271,248434080718.19073,20374739988.65224,4946.05,0.432979,2060.728601068271,2060.728601068271,2060.728601068271,2060.728601068271
ethereum,2025-03-21,1980.831780524645,238984217654.16632,14303790085.616615,4946.05,0.432979,1980.831780524645,1980.831780524645,1980.831780524645,1980.831780524645
ethereum,2025-03-22,1964.5293833168294,236980043535.89395,9890112887.282015,4946.05,0.432979,1964.5293833168294,1964.5293833168294,1964.5293833168294,1964.5293833168294
ethereum,2025-03-23,1979.5449257665966,238753335160.5841,6195605844.536302,4946.05,0.432979,1979.5449257665966,1979.5449257665966,1979.5449257665966,1979.5449257665966
ethereum,2025-03-24,2001.0470230951883,241404254258.0785,7991413702.677865,4946.05,0.432979,2001.0470230951883,2001.0470230951883,2001.0470230951883,2001.0470230951883
ethereum,2025-03-25,2077.739325831977,250648654235.6259,15676451247.546822,4946.05,0.432979,2077.739325831977,2077.739325831977,2077.739325831977,2077.739325831977
ethereum,2025-03-26,2068.598435049149,249404519198.06433,12563169733.005245,4946.05,0.432979,2068.598435049149,2068.598435049149,2068.598435049149,2068.598435049149
ethereum,2025-03-27,2009.8835432902426,242347645799.6622,14024859854.906677,4946.05,0.432979,2009.8835432902426,2009.8835432902426,2009.8835432902426,2009.8835432902426
ethereum,2025-03-28,2003.3034241292064,241580699763.4796,12136188059.422693,4946.05,0.432979,2003.3034241292064,2003.3034241292064,2003.3034241292064,2003.3034241292064
ethereum,2025-03-29,1896.9173600459985,228784244898.24844,18419487648.39739,4946.05,0.432979,1896.9173600459985,1896.9173600459985,1896.9173600459985,1896.9173600459985
ethereum,2025-03-30,1829.2745211803463,220262156018.88525,12924117064.878807,4946.05,0.432979,1829.2745211803463,1829.2745211803463,1829.2745211803463,1829.2745211803463
ethereum,2025-03-31,1805.3378779435934,217784813538.97607,10056531345.160347,4946.05,0.432979,1805.3378779435934,1805.3378779435934,1805.3378779435934,1805.3378779435934
ethereum,2025-04-01,1824.2071367609847,219908040559.44638,17022367813.88877,4946.05,0.432979,1824.2071367609847,1824.2071367609847,1824.2071367609847,1824.2071367609847
ethereum,2025-04-02,1907.1671522994227,230031614721.63394,15899367803.5509,4946.05,0.432979,1907.1671522994227,1907.1671522994227,1907.1671522994227,1907.1671522994227
ethereum,2025-04-03,1795.761850567479,216667567217.00522,23450470660.978283,4946.05,0.432979,1795.761850567479,1795.761850567479,1795.761850567479,1795.761850567479
ethereum,2025-04-04,1818.2844199542053,219762279056.2319,16999031833.158594,4946.05,0.432979,1818.2844199542053,1818.2844199542053,1818.2844199542053,1818.2844199542053
ethereum,2025-04-05,1814.4807753449506,218925876283.93597,19459233591.298603,4946.05,0.432979,1814.4807753449506,1814.4807753449506,1814.4807753449506,1814.4807753449506
ethereum,2025-04-06,1809.935827172196,217957146409.9286,6780827627.545529,4946.05,0.432979,1809.935827172196,1809.935827172196,1809.935827172196,1809.935827172196
ethereum,2025-04-07,1574.6321611455576,190295586491.21872,23485484227.161697,4946.05,0.432979,1574.6321611455576,1574.6321611455576,1574.6321611455576,1574.6321611455576
ethereum,2025-04-08,1555.909812570873,188565143892.71408,49416724296.56089,4946.05,0.432979,1555.909812570873,1555.909812570873,1555.909812570873,1555.909812570873
ethereum,2025-04-09,1471.3608854365523,177496121145.5316,22451028357.384758,4946.05,0.432979,1471.3608854365523,1471.3608854365523,1471.3608854365523,1471.3608854365523
ethereum,2025-04-10,1662.5331604641576,200623016236.85327,41589589714.84994,4946.05,0.432979,1662.5331604641576,1662.5331604641576,1662.5331604641576,1662.5331604641576
ethereum,2025-04-11,1523.928624242526,183947227079.42554,20486375929.10568,4946.05,0.432979,1523.928624242526,1523.928624242526,1523.928624242526,1523.928624242526
ethereum,2025-04-12,1568.131690125936,189185664203.6754,14195085224.783228,4946.05,0.432979,1568.131690125936,1568.131690125936,1568.131690125936,1568.131690125936
ethereum,2025-04-13,1645.8625733156498,198696438258.60336,11756571644.476357,4946.05,0.432979,1645.8625733156498,1645.8625733156498,1645.8625733156498,1645.8625733156498
ethereum,2025-04-14,1595.4227460001084,192382635779.77805,13775001676.60885,4946.05,0.432979,1595.4227460001084,1595.4227460001084,1595.4227460001084,1595.4227460001084
ethereum,2025-04-15,1621.543195596693,195686083638.74744,15415724739.820591,4946.05,0.432979,1621.543195596693,1621.543195596693,1621.543195596693,1621.543195596693
ethereum,2025-04-16,1587.8222244021401,191837036865.40186,11786525215.180002,4946.05,0.432979,1587.8222244021401,1587.8222244021401,1587.8222244021401,1587.8222244021401
ethereum,2025-04-17,1577.7073516760117,190419833063.11868,13120084885.866234,4946.05,0.432979,1577.7073516760117,1577.7073516760117,1577.7073516760117,1577.7073516760117
ethereum,2025-04-18,1583.4764497002345,191135638825.23685,9437178720.867388,4946.05,0.432979,1583.4764497002345,1583.4764497002345,1583.4764497002345,1583.4764497002345
ethereum,2025-04-19,1589.1516208270755,191865697060.91525,5254078676.877919,4946.05,0.432979,1589.1516208270755,1589.1516208270755,1589.1516208270755,1589.1516208270755
ethereum,2025-04-20,1615.0502549158562,194945047366.35382,5148626529.402773,4946.05,0.432979,1615.0502549158562,1615.0502549158562,1615.0502549158562,1615.0502549158562
ethereum,2025-04-21,1585.4600253443446,191374869502.39386,6695768150.024456,4946.05,0.432979,1585.4600253443446,1585.4600253443446,1585.4600253443446,1585.4600253443446
ethereum,2025-04-22,1577.4465595922347,190376888818.46906,15275062279.387148,4946.05,0.432979,1577.4465595922347,1577.4465595922347,1577.4465595922347,1577.4465595922347
ethereum,2025-04-23,1759.7064599311093,212582611840.14056,24271980430.95098,4946.05,0.432979,1759.7064599311093,1759.7064599311093,1759.7064599311093,1759.7064599311093
ethereum,2025-04-24,1793.969849485534,216572719914.54987,22099177230.61867,4946.05,0.432979,1793.969849485534,1793.969849485534,1793.969849485534,1793.969849485534
ethereum,2025-04-25,1769.3925107354407,213593284213.58224,12923295609.972548,4946.05,0.432979,1769.3925107354407,1769.3925107354407,1769.3925107354407,1769.3925107354407
ethereum,2025-04-26,1788.7981804331257,215954892518.00418,15656748328.784924,4946.05,0.432979,1788.7981804331257,1788.7981804331257,1788.7981804331257,1788.7981804331257
ethereum,2025-04-27,1821.2695303291391,219830529458.7114,10293614895.776522,4946.05,0.432979,1821.2695303291391,1821.2695303291391,1821.2695303291391,1821.2695303291391
ethereum,2025-04-28,1793.6918440730135,216533502206.27112,9632458065.106846,4946.05,0.432979,1793.6918440730135,1793.6918440730135,1793.6918440730135,1793.6918440730135
ethereum,2025-04-29,1799.50191449199,217264115049.6792,16777384305.88931,4946.05,0.432979,1799.50191449199,1799.50191449199,1799.50191449199,1799.50191449199
ethereum,2025-04-30,1796.9720456768928,216596941729.71945,13994558644.11867,4946.05,0.432979,1796.9720456768928,1796.9720456768928,1796.9720456768928,1796.9720456768928
ethereum,2025-05-01,1794.0495408617828,216623334477.08453,13644627083.285889,4946.05,0.432979,1794.0495408617828,1794.0495408617828,1794.0495408617828,1794.0495408617828
ethereum,2025-05-02,1838.8543285925753,221969602979.55032,14310565589.052694,4946.05,0.432979,1838.8543285925753,1838.8543285925753,1838.8543285925753,1838.8543285925753
ethereum,2025-05-03,1841.427590836958,222269022299.2824,11686301446.49476,4946.05,0.432979,1841.427590836958,1841.427590836958,1841.427590836958,1841.427590836958
ethereum,2025-05-04,1834.501911876416,221494950784.02625,6704990478.824657,4946.05,0.432979,1834.501911876416,1834.501911876416,1834.501911876416,1834.501911876416
ethereum,2025-05-05,1808.156093844096,218216268630.8664,7479845748.828526,4946.05,0.432979,1808.156093844096,1808.156093844096,1808.156093844096,1808.156093844096
ethereum,2025-05-06,1820.0044598893596,219769896301.20087,10545233503.347864,4946.05,0.432979,1820.0044598893596,1820.0044598893596,1820.0044598893596,1820.0044598893596
ethereum,2025-05-07,1816.1686943818438,219305875804.55966,11950393736.527246,4946.05,0.432979,1816.1686943818438,1816.1686943818438,1816.1686943818438,1816.1686943818438
ethereum,2025-05-08,1810.3169269284476,218569578701.42172,47111217119.49919,4946.05,0.432979,1810.3169269284476,1810.3169269284476,1810.3169269284476,1810.3169269284476
ethereum,2025-05-09,2197.5611893238784,264994998215.9445,35992825075.05399,4946.05,0.432979,2197.5611893238784,2197.5611893238784,2197.5611893238784,2197.5611893238784
ethereum,2025-05-10,2341.407963002621,282636716534.08844,44566779461.54657,4946.05,0.432979,2341.407963002621,2341.407963002621,2341.407963002621,2341.407963002621
ethereum,2025-05-11,2583.6829051429513,312095621694.1442,29947910159.02891,4946.05,0.432979,2583.6829051429513,2583.6829051429513,2583.6829051429513,2583.6829051429513
ethereum,2025-05-12,2507.4693107597423,302727255563.5134,26138286410.23315,4946.05,0.432979,2507.4693107597423,2507.4693107597423,2507.4693107597423,2507.4693107597423
ethereum,2025-05-13,2492.426391077375,300976824863.0343,31524626114.978752,4946.05,0.432979,2492.426391077375,2492.426391077375,2492.426391077375,2492.426391077375
ethereum,2025-05-14,2676.639163127913,322977150438.36176,32279895881.637806,4946.05,0.432979,2676.639163127913,2676.639163127913,2676.639163127913,2676.639163127913
ethereum,2025-05-15,2603.7180887199615,314022060127.0501,28150234190.931705,4946.05,0.432979,2603.7180887199615,2603.7180887199615,2603.7180887199615,2603.7180887199615
ethereum,2025-05-16,2542.296692466797,306933361055.9317,26211434557.7159,4946.05,0.432979,2542.296692466797,2542.296692466797,2542.296692466797,2542.296692466797
ethereum,2025-05-17,2544.3870377235667,307619694635.7725,21130441534.96637,4946.05,0.432979,2544.3870377235667,2544.3870377235667,2544.3870377235667,2544.3870377235667
ethereum,2025-05-18,2475.0543933696913,298789831687.0011,17185510890.702347,4946.05,0.432979,2475.0543933696913,2475.0543933696913,2475.0543933696913,2475.0543933696913
ethereum,2025-05-19,2465.3409856139087,296863390804.2497,24797434472.364086,4946.05,0.432979,2465.3409856139087,2465.3409856139087,2465.3409856139087,2465.3409856139087
ethereum,2025-05-20,2526.989643891319,305077067863.0779,25363871274.82505,4946.05,0.432979,2526.989643891319,2526.989643891319,2526.989643891319,2526.989643891319
ethereum,2025-05-21,2524.2743433146065,304737250158.37354,22871462735.416794,4946.05,0.432979,2524.2743433146065,2524.2743433146065,2524.2743433146065,2524.2743433146065
ethereum,2025-05-22,2558.9502343769486,308934701949.7151,32697477527.54695,4946.05,0.432979,2558.9502343769486,2558.9502343769486,2558.9502343769486,2558.9502343769486
ethereum,2025-05-23,2657.1674447566115,320733890913.39886,29592612076.505535,4946.05,0.432979,2657.1674447566115,2657.1674447566115,2657.1674447566115,2657.1674447566115
ethereum,2025-05-24,2519.813809045145,304038733414.03973,30047329191.503662,4946.05,0.432979,2519.813809045145,2519.813809045145,2519.813809045145,2519.813809045145
ethereum,2025-05-25,2529.4429842284353,305369227833.4215,10744994421.192684,4946.05,0.432979,2529.4429842284353,2529.4429842284353,2529.4429842284353,2529.4429842284353
ethereum,2025-05-26,2546.6201163370915,307423642894.0653,13814697849.726278,4946.05,0.432979,2546.6201163370915,2546.6201163370915,2546.6201163370915,2546.6201163370915
ethereum,2025-05-27,2562.1729286392238,309319360637.78375,13350148034.293623,4946.05,0.432979,2562.1729286392238,2562.1729286392238,2562.1729286392238,2562.1729286392238
ethereum,2025-05-28,2662.0940568241435,321357595434.52185,26434151855.253853,4946.05,0.432979,2662.0940568241435,2662.0940568241435,2662.0940568241435,2662.0940568241435
ethereum,2025-05-29,2676.2674124507,323119009777.13904,18008588586.284103,4946.05,0.432979,2676.2674124507,2676.2674124507,2676.2674124507,2676.2674124507
ethereum,2025-05-30,2633.1392065286695,317891224562.8813,27021441335.5195,4946.05,0.432979,2633.1392065286695,2633.1392065286695,2633.1392065286695,2633.1392065286695
ethereum,2025-05-31,2524.4762348050726,304659964725.2192,22927149330.30469,4946.05,0.432979,2524.4762348050726,2524.4762348050726,2524.4762348050726,2524.4762348050726
ethereum,2025-06-01,2532.3627853090866,305718505778.76434,13006751258.18768,4946.05,0.432979,2532.3627853090866,2532.3627853090866,2532.3627853090866,2532.3627853090866
ethereum,2025-06-02,2538.3300584367485,306561765778.2403,11338340571.11249,4946.05,0.432979,2538.3300584367485,2538.3300584367485,2538.3300584367485,2538.3300584367485
ethereum,2025-06-03,2609.737253959435,314999579353.95825,15623967732.418657,4946.05,0.432979,2609.737253959435,2609.737253959435,2609.737253959435,2609.737253959435
ethereum,2025-06-04,2595.4689570062997,313315832347.0171,15955008730.338179,4946.05,0.432979,2595.4689570062997,2595.4689570062997,2595.4689570062997,2595.4689570062997
ethereum,2025-06-05,2610.343189828259,315159803382.89014,16809606446.176416,4946.05,0.432979,2610.343189828259,2610.343189828259,2610.343189828259,2610.343189828259
ethereum,2025-06-06,2421.601103763502,292341916400.9464,25849573159.64817,4946.05,0.432979,2421.601103763502,2421.601103763502,2421.601103763502,2421.601103763502
ethereum,2025-06-07,2481.4039836690267,299560106673.7574,18395107930.47655,4946.05,0.432979,2481.4039836690267,2481.4039836690267,2481.4039836690267,2481.4039836690267
ethereum,2025-06-08,2526.291995889778,304953508465.0457,9535426814.691927,4946.05,0.432979,2526.291995889778,2526.291995889778,2526.291995889778,2526.291995889778
ethereum,2025-06-09,2508.784123584585,302870081038.261,10206893115.537256,4946.05,0.432979,2508.784123584585,2508.784123584585,2508.784123584585,2508.784123584585
ethereum,2025-06-10,2685.0001850413178,324315565109.11993,19485734665.28548,4946.05,0.432979,2685.0001850413178,2685.0001850413178,2685.0001850413178,2685.0001850413178
ethereum,2025-06-11,2808.503208314919,339012253954.4242,38281210143.95115,4946.05,0.432979,2808.503208314919,2808.503208314919,2808.503208314919,2808.503208314919
ethereum,2025-06-12,2776.1371915822333,334990282503.402,27369030837.548595,4946.05,0.432979,2776.1371915822333,2776.1371915822333,2776.1371915822333,2776.1371915822333
ethereum,2025-06-13,2653.158968452672,320595535562.5316,26068993569.969894,4946.05,0.432979,2653.158968452672,2653.158968452672,2653.158968452672,2653.158968452672
ethereum,2025-06-14,2577.04861752583,311111352117.7261,38576471746.00814,4946.05,0.432979,2577.04861752583,2577.04861752583,2577.04861752583,2577.04861752583
ethereum,2025-06-15,2534.0702195359518,306048481935.1591,12077031034.291521,4946.05,0.432979,2534.0702195359518,2534.0702195359518,2534.0702195359518,2534.0702195359518
ethereum,2025-06-16,2547.8456040920437,307537228689.2678,11678912429.510712,4946.05,0.432979,2547.8456040920437,2547.8456040920437,2547.8456040920437,2547.8456040920437
ethereum,2025-06-17,2561.329843569428,309982828015.90594,24222149649.172424,4946.05,0.432979,2561.329843569428,2561.329843569428,2561.329843569428,2561.329843569428
ethereum,2025-06-18,2514.986700576147,303697873489.69434,25926506708.040215,4946.05,0.432979,2514.986700576147,2514.986700576147,2514.986700576147,2514.986700576147
ethereum,2025-06-19,2521.3334233964915,304290652058.44,17800721253.243202,4946.05,0.432979,2521.3334233964915,2521.3334233964915,2521.3334233964915,2521.3334233964915
ethereum,2025-06-20,2522.1791903642184,304481216643.1207,10392473841.155851,4946.05,0.432979,2522.1791903642184,2522.1791903642184,2522.1791903642184,2522.1791903642184
ethereum,2025-06-21,2405.695434213183,290401843920.2328,20482816663.29469,4946.05,0.432979,2405.695434213183,2405.695434213183,2405.695434213183,2405.695434213183
ethereum,2025-06-22,2270.581996055585,273839538572.25955,16155611764.84833,4946.05,0.432979,2270.581996055585,2270.581996055585,2270.581996055585,2270.581996055585
ethereum,2025-06-23,2227.4287266371684,268777741291.43988,28181442532.315876,4946.05,0.432979,2227.4287266371684,2227.4287266371684,2227.4287266371684,2227.4287266371684
ethereum,2025-06-24,2423.899644268608,292612668627.3885,25494295400.420887,4946.05,0.432979,2423.899644268608,2423.899644268608,2423.899644268608,2423.899644268608
ethereum,2025-06-25,2446.539301545049,295402538889.65454,19669025068.963604,4946.05,0.432979,2446.539301545049,2446.539301545049,2446.539301545049,2446.539301545049
ethereum,2025-06-26,2417.2267855277296,291827501114.87933,15513055665.262428,4946.05,0.432979,2417.2267855277296,2417.2267855277296,2417.2267855277296,2417.2267855277296
ethereum,2025-06-27,2415.031864876594,291547094716.2168,16271811388.723804,4946.05,0.432979,2415.031864876594,2415.031864876594,2415.031864876594,2415.031864876594
ethereum,2025-06-28,2423.0302896731746,292419308271.8665,13100825617.816572,4946.05,0.432979,2423.0302896731746,2423.0302896731746,2423.0302896731746,2423.0302896731746
ethereum,2025-06-29,2437.133001780241,294208600645.2538,5787313890.541637,4946.05,0.432979,2437.133001780241,2437.133001780241,2437.133001780241,2437.133001780241
ethereum,2025-06-30,2502.6672721177083,302158279316.21674,10236257918.833096,4946.05,0.432979,2502.6672721177083,2502.6672721177083,2502.6672721177083,2502.6672721177083
ethereum,2025-07-01,2488.190781689803,300388851494.49866,16306915984.938057,4946.05,0.432979,2488.190781689803,2488.190781689803,2488.190781689803,2488.190781689803
ethereum,2025-07-02,2405.1045592800183,290294455719.4809,12933967031.524443,4946.05,0.432979,2405.1045592800183,2405.1045592800183,2405.1045592800183,2405.1045592800183
ethereum,2025-07-03,2574.067718495133,310930535640.4307,21862573614.17975,4946.05,0.432979,2574.067718495133,2574.067718495133,2574.067718495133,2574.067718495133
ethereum,2025-07-04,2590.132231590221,312621047413.045,19823369642.62606,4946.05,0.432979,2590.132231590221,2590.132231590221,2590.132231590221,2590.132231590221
ethereum,2025-07-05,2509.236345783362,302827514359.61035,16377116416.187033,4946.05,0.432979,2509.236345783362,2509.236345783362,2509.236345783362,2509.236345783362
ethereum,2025-07-06,2517.37917835065,304028836772.5733,6801276942.284494,4946.05,0.432979,2517.37917835065,2517.37917835065,2517.37917835065,2517.37917835065
ethereum,2025-07-07,2571.358192115984,310345645222.7514,9051659015.949968,4946.05,0.432979,2571.358192115984,2571.358192115984,2571.358192115984,2571.358192115984
ethereum,2025-07-08,2543.6317028067488,307013209348.5054,15947822897.049152,4946.05,0.432979,2543.6317028067488,2543.6317028067488,2543.6317028067488,2543.6317028067488
ethereum,2025-07-09,2615.7759888945047,315738597830.34283,14750377128.581295,4946.05,0.432979,2615.7759888945047,2615.7759888945047,2615.7759888945047,2615.7759888945047
ethereum,2025-07-10,2772.5795626609174,335050165487.70404,26626246774.244656,4946.05,0.432979,2772.5795626609174,2772.5795626609174,2772.5795626609174,2772.5795626609174
ethereum,2025-07-11,2948.4462027029053,355346738000.49475,39308824585.23128,4946.05,0.432979,2948.4462027029053,2948.4462027029053,2948.4462027029053,2948.4462027029053
ethereum,2025-07-12,2958.8514450990992,357144054434.9151,42455550664.554665,4946.05,0.432979,2958.8514450990992,2958.8514450990992,2958.8514450990992,2958.8514450990992
ethereum,2025-07-13,2942.9616055388096,355216449018.5163,17472135946.60354,4946.05,0.432979,2942.9616055388096,2942.9616055388096,2942.9616055388096,2942.9616055388096
ethereum,2025-07-14,2974.2654952333387,359110100026.3572,18605172049.087772,4946.05,0.432979,2974.2654952333387,2974.2654952333387,2974.2654952333387,2974.2654952333387
ethereum,2025-07-15,3012.1797069059276,363606274489.50854,41336421998.04408,4946.05,0.432979,3012.1797069059276,3012.1797069059276,3012.1797069059276,3012.1797069059276
ethereum,2025-07-16,3133.069857747011,378233206915.81635,43416230283.76601,4946.05,0.432979,3133.069857747011,3133.069857747011,3133.069857747011,3133.069857747011
ethereum,2025-07-17,3368.126521526108,406599729410.5382,54882159731.0286,4946.05,0.432979,3368.126521526108,3368.126521526108,3368.126521526108,3368.126521526108
ethereum,2025-07-18,3481.8828152374017,420347293649.25085,45678965280.66659,4946.05,0.432979,3481.8828152374017,3481.8828152374017,3481.8828152374017,3481.8828152374017
ethereum,2025-07-19,3547.317079001209,427841866746.5711,72535524453.98022,4946.05,0.432979,3547.317079001209,3547.317079001209,3547.317079001209,3547.317079001209
ethereum,2025-07-20,3594.3185010809702,433877664505.94135,27017909119.384834,4946.05,0.432979,3594.3185010809702,3594.3185010809702,3594.3185010809702,3594.3185010809702
ethereum,2025-07-21,3758.605581813957,453825859015.21515,55175056732.09093,4946.05,0.432979,3758.605581813957,3758.605581813957,3758.605581813957,3758.605581813957
ethereum,2025-07-22,3765.453624023574,454513156113.6638,47245582310.60992,4946.05,0.432979,3765.453624023574,3765.453624023574,3765.453624023574,3765.453624023574
ethereum,2025-07-23,3746.9406687316323,452355960897.77356,52357062545.19388,4946.05,0.432979,3746.9406687316323,3746.9406687316323,3746.9406687316323,3746.9406687316323
ethereum,2025-07-24,3630.053531480921,438111570682.8548,47655045407.89862,4946.05,0.432979,3630.053531480921,3630.053531480921,3630.053531480921,3630.053531480921
ethereum,2025-07-25,3708.4299352383423,447620332487.87305,47332291813.01175,4946.05,0.432979,3708.4299352383423,3708.4299352383423,3708.4299352383423,3708.4299352383423
ethereum,2025-07-26,3723.0529092785596,449379722345.43585,48622472830.12327,4946.05,0.432979,3723.0529092785596,3723.0529092785596,3723.0529092785596,3723.0529092785596
ethereum,2025-07-27,3742.4314258659915,451746443518.379,25352434514.72998,4946.05,0.432979,3742.4314258659915,3742.4314258659915,3742.4314258659915,3742.4314258659915
ethereum,2025-07-28,3864.1248374654765,466077664312.2753,26045280361.31318,4946.05,0.432979,3864.1248374654765,3864.1248374654765,3864.1248374654765,3864.1248374654765
ethereum,2025-07-29,3786.303845995956,457680388920.6686,38743589826.42135,4946.05,0.432979,3786.303845995956,3786.303845995956,3786.303845995956,3786.303845995956
ethereum,2025-07-30,3788.5983716058226,457213828532.1186,34923369443.87463,4946.05,0.432979,3788.5983716058226,3788.5983716058226,3788.5983716058226,3788.5983716058226
ethereum,2025-07-31,3807.4166010824188,459449027043.4022,28710848449.745983,4946.05,0.432979,3807.4166010824188,3807.4166010824188,3807.4166010824188,3807.4166010824188
ethereum,2025-08-01,3696.6628530851194,446264222707.4442,31312115686.896267,4946.05,0.432979,3696.6628530851194,3696.6628530851194,3696.6628530851194,3696.6628530851194
ethereum,2025-08-02,3483.1789551579504,420327732498.14484,42431734230.15089,4946.05,0.432979,3483.1789551579504,3483.1789551579504,3483.1789551579504,3483.1789551579504
ethereum,2025-08-03,3397.4855484143177,410229849339.571,28164675444.895985,4946.05,0.432979,3397.4855484143177,3397.4855484143177,3397.4855484143177,3397.4855484143177
ethereum,2025-08-04,3497.573127822404,422223994717.4719,18338718249.174084,4946.05,0.432979,3497.573127822404,3497.573127822404,3497.573127822404,3497.573127822404
ethereum,2025-08-05,3715.7090148550706,448517239894.4303,28536476594.95387,4946.05,0.432979,3715.7090148550706,3715.7090148550706,3715.7090148550706,3715.7090148550706
ethereum,2025-08-06,3612.442432236669,436373875222.1905,29411744198.367584,4946.05,0.432979,3612.442432236669,3612.442432236669,3612.442432236669,3612.442432236669
ethereum,2025-08-07,3684.0459195726726,444737780081.9074,23256150904.877857,4946.05,0.432979,3684.0459195726726,3684.0459195726726,3684.0459195726726,3684.0459195726726
ethereum,2025-08-08,3911.2609462690816,471838906504.6792,31981627910.70641,4946.05,0.432979,3911.2609462690816,3911.2609462690816,3911.2609462690816,3911.2609462690816
ethereum,2025-08-09,4012.97697001236,484483868122.1773,37861934037.3479,4946.05,0.432979,4012.97697001236,4012.97697001236,4012.97697001236,4012.97697001236
ethereum,2025-08-10,4265.563258333516,514414914903.2612,37686735734.66866,4946.05,0.432979,4265.563258333516,4265.563258333516,4265.563258333516,4265.563258333516
ethereum,2025-08-11,4253.591618951185,513073639261.6181,26481154882.304214,4946.05,0.432979,4253.591618951185,4253.591618951185,4253.591618951185,4253.591618951185
ethereum,2025-08-12,4228.824213261163,510225780028.6237,43010572110.88258,4946.05,0.432979,4228.824213261163,4228.824213261163,4228.824213261163,4228.824213261163
ethereum,2025-08-13,4606.809427709522,556502855391.5187,52840297700.59488,4946.05,0.432979,4606.809427709522,4606.809427709522,4606.809427709522,4606.809427709522
ethereum,2025-08-14,4763.652535322159,575091067506.1215,58870844448.59354,4946.05,0.432979,4763.652535322159,4763.652535322159,4763.652535322159,4763.652535322159
ethereum,2025-08-15,4554.291501538621,551514703070.4648,66924319529.18441,4946.05,0.432979,4554.291501538621,4554.291501538621,4554.291501538621,4554.291501538621
ethereum,2025-08-16,4430.532465017841,534578587192.13434,50038927770.639565,4946.05,0.432979,4430.532465017841,4430.532465017841,4430.532465017841,4430.532465017841
ethereum,2025-08-17,4426.826913311333,534150282399.6513,21104759591.061535,4946.05,0.432979,4426.826913311333,4426.826913311333,4426.826913311333,4426.826913311333
ethereum,2025-08-18,4487.118013759226,541923097741.9142,28100356151.382523,4946.05,0.432979,4487.118013759226,4487.118013759226,4487.118013759226,4487.118013759226
ethereum,2025-08-19,4317.2757573282315,520793172158.0575,43935703176.22011,4946.05,0.432979,4317.2757573282315,4317.2757573282315,4317.2757573282315,4317.2757573282315
ethereum,2025-08-20,4074.495786100515,491872355111.46844,41626342123.38552,4946.05,0.432979,4074.495786100515,4074.495786100515,4074.495786100515,4074.495786100515
ethereum,2025-08-21,4330.491598768078,523004794309.38104,39857177022.84433,4946.05,0.432979,4330.491598768078,4330.491598768078,4330.491598768078,4330.491598768078
ethereum,2025-08-22,4224.438592580698,509951239220.54224,21703206731.83165,4946.05,0.432979,4224.438592580698,4224.438592580698,4224.438592580698,4224.438592580698
ethereum,2025-08-23,4829.225541798332,582817007170.4178,61856673933.04883,4946.05,0.432979,4829.225541798332,4829.225541798332,4829.225541798332,4829.225541798332
ethereum,2025-08-24,4773.884088598777,576242312916.0488,27814037595.094646,4946.05,0.432979,4773.884088598777,4773.884088598777,4773.884088598777,4773.884088598777
ethereum,2025-08-25,4778.10916071381,577227233251.8729,41157770217.98017,4946.05,0.432979,4778.10916071381,4778.10916071381,4778.10916071381,4778.10916071381
ethereum,2025-08-26,4381.626176071471,529509245849.7141,48217069690.885376,4946.05,0.432979,4381.626176071471,4381.626176071471,4381.626176071471,4381.626176071471
ethereum,2025-08-27,4602.369685333965,555061696726.733,35263906282.176544,4946.05,0.432979,4602.369685333965,4602.369685333965,4602.369685333965,4602.369685333965
ethereum,2025-08-28,4500.1451479982325,543608856125.4653,35898825608.295586,4946.05,0.432979,4500.1451479982325,4500.1451479982325,4500.1451479982325,4500.1451479982325
ethereum,2025-08-29,4507.560431032719,543249516158.12427,29189873860.227936,4946.05,0.432979,4507.560431032719,4507.560431032719,4507.560431032719,4507.560431032719
ethereum,2025-08-30,4364.358521430426,526830870964.3115,38006835596.328514,4946.05,0.432979,4364.358521430426,4364.358521430426,4364.358521430426,4364.358521430426
ethereum,2025-08-31,4373.360357620914,527539496668.2519,19199178188.100254,4946.05,0.432979,4373.360357620914,4373.360357620914,4373.360357620914,4373.360357620914
ethereum,2025-09-01,4388.931464519364,529740073153.04834,22269795530.723904,4946.05,0.432979,4388.931464519364,4388.931464519364,4388.931464519364,4388.931464519364
ethereum,2025-09-02,4303.202222745541,519534784996.7176,31725195638.84437,4946.05,0.432979,4303.202222745541,4303.202222745541,4303.202222745541,4303.202222745541
ethereum,2025-09-03,4325.856306225941,521450862214.85895,32990260980.341236,4946.05,0.432979,4325.856306225941,4325.856306225941,4325.856306225941,4325.856306225941
ethereum,2025-09-04,4449.8670977283255,537549763927.1384,30818352470.84173,4946.05,0.432979,4449.8670977283255,4449.8670977283255,4449.8670977283255,4449.8670977283255
ethereum,2025-09-05,4298.094660544595,519319443328.1493,29893273380.076374,4946.05,0.432979,4298.094660544595,4298.094660544595,4298.094660544595,4298.094660544595
ethereum,2025-09-06,4306.613513100346,519830732357.0378,37950930494.82325,4946.05,0.432979,4306.613513100346,4306.613513100346,4306.613513100346,4306.613513100346
ethereum,2025-09-07,4273.110024157841,515852185188.91895,14497961323.191992,4946.05,0.432979,4273.110024157841,4273.110024157841,4273.110024157841,4273.110024157841
ethereum,2025-09-08,4304.032421076036,519663340480.02106,14920604279.616674,4946.05,0.432979,4304.032421076036,4304.032421076036,4304.032421076036,4304.032421076036
ethereum,2025-09-09,4309.685702772004,519912892077.1541,26393884729.75394,4946.05,0.432979,4309.685702772004,4309.685702772004,4309.685702772004,4309.685702772004
ethereum,2025-09-10,4309.342746120013,520461727067.3641,28408982228.170376,4946.05,0.432979,4309.342746120013,4309.342746120013,4309.342746120013,4309.342746120013
ethereum,2025-09-11,4347.476803670656,524803924739.0028,34848418445.62599,4946.05,0.432979,4347.476803670656,4347.476803670656,4347.476803670656,4347.476803670656
ethereum,2025-09-12,4459.31901599882,538261336997.6129,33593064568.960487,4946.05,0.432979,4459.31901599882,4459.31901599882,4459.31901599882,4459.31901599882
ethereum,2025-09-13,4708.841744149995,567724477218.3574,39138140052.58744,4946.05,0.432979,4708.841744149995,4708.841744149995,4708.841744149995,4708.841744149995
ethereum,2025-09-14,4667.699652630318,563397805739.7904,30452117451.68358,4946.05,0.432979,4667.699652630318,4667.699652630318,4667.699652630318,4667.699652630318
ethereum,2025-09-15,4609.786110950785,556354045428.2224,23827529566.903904,4946.05,0.432979,4609.786110950785,4609.786110950785,4609.786110950785,4609.786110950785
ethereum,2025-09-16,4524.244939102515,545926863107.31946,33863743706.690956,4946.05,0.432979,4524.244939102515,4524.244939102515,4524.244939102515,4524.244939102515
ethereum,2025-09-17,4504.266635522813,543407922913.00836,28053763147.05997,4946.05,0.432979,4504.266635522813,4504.266635522813,4504.266635522813,4504.266635522813
ethereum,2025-09-18,4591.768794331328,554600592896.1794,41727122821.76891,4946.05,0.432979,4591.768794331328,4591.768794331328,4591.768794331328,4591.768794331328
ethereum,2025-09-19,4590.6367372135155,554210013387.6136,29381752919.13096,4946.05,0.432979,4590.6367372135155,4590.6367372135155,4590.6367372135155,4590.6367372135155
ethereum,2025-09-20,4470.479474009387,539242810184.06946,28156319659.26727,4946.05,0.432979,4470.479474009387,4470.479474009387,4470.479474009387,4470.479474009387
ethereum,2025-09-21,4481.799472368209,540941822331.27405,14314030981.454111,4946.05,0.432979,4481.799472368209,4481.799472368209,4481.799472368209,4481.799472368209
ethereum,2025-09-22,4452.87113037789,537406899904.3973,15910684640.581882,4946.05,0.432979,4452.87113037789,4452.87113037789,4452.87113037789,4452.87113037789
ethereum,2025-09-23,4199.951774017639,507148578276.2705,52988093949.58233,4946.05,0.432979,4199.951774017639,4199.951774017639,4199.951774017639,4199.951774017639
ethereum,2025-09-24,4166.1905498775295,503209949445.43353,29902684711.810097,4946.05,0.432979,4166.1905498775295,4166.1905498775295,4166.1905498775295,4166.1905498775295
ethereum,2025-09-25,4148.65682762035,500734284408.361,29988924904.58222,4946.05,0.432979,4148.65682762035,4148.65682762035,4148.65682762035,4148.65682762035
ethereum,2025-09-26,3863.0632875907245,466825639887.3833,63461265827.195854,4946.05,0.432979,3863.0632875907245,3863.0632875907245,3863.0632875907245,3863.0632875907245
ethereum,2025-09-27,4037.0979210260916,486889364203.26996,43443403793.85234,4946.05,0.432979,4037.0979210260916,4037.0979210260916,4037.0979210260916,4037.0979210260916
ethereum,2025-09-28,4018.167453105732,485207355886.1105,17011629273.367075,4946.05,0.432979,4018.167453105732,4018.167453105732,4018.167453105732,4018.167453105732
ethereum,2025-09-29,4141.839664086501,499628731251.1227,21656522951.624653,4946.05,0.432979,4141.839664086501,4141.839664086501,4141.839664086501,4141.839664086501
ethereum,2025-09-30,4215.61278947927,508909498092.11896,34604598514.675,4946.05,0.432979,4215.61278947927,4215.61278947927,4215.61278947927,4215.61278947927
ethereum,2025-10-01,4144.230463371581,500218841768.296,34013325290.49775,4946.05,0.432979,4144.230463371581,4144.230463371581,4144.230463371581,4144.230463371581
ethereum,2025-10-02,4343.951983440489,524308225825.147,42741046618.56157,4946.05,0.432979,4343.951983440489,4343.951983440489,4343.951983440489,4343.951983440489
ethereum,2025-10-03,4484.006245909478,540553843152.3364,41104321433.11955,4946.05,0.432979,4484.006245909478,4484.006245909478,4484.006245909478,4484.006245909478
ethereum,2025-10-04,4515.759068159723,545075315730.44794,45970576945.09693,4946.05,0.432979,4515.759068159723,4515.759068159723,4515.759068159723,4515.759068159723
ethereum,2025-10-05,4487.706651673285,541611848322.7991,20597928707.86516,4946.05,0.432979,4487.706651673285,4487.706651673285,4487.706651673285,4487.706651673285
ethereum,2025-10-06,4515.321391965295,545075062109.96124,40355486904.311195,4946.05,0.432979,4515.321391965295,4515.321391965295,4515.321391965295,4515.321391965295
ethereum,2025-10-07,4689.131734746596,566339901682.9528,41164885082.65789,4946.05,0.432979,4689.131734746596,4689.131734746596,4689.131734746596,4689.131734746596
ethereum,2025-10-08,4454.32846286666,537522914209.85065,49804861778.9329,4946.05,0.432979,4454.32846286666,4454.32846286666,4454.32846286666,4454.32846286666
ethereum,2025-10-09,4527.578004547945,546454608029.64813,36623453162.8216,4946.05,0.432979,4527.578004547945,4527.578004547945,4527.578004547945,4527.578004547945
ethereum,2025-10-10,4368.649439385323,527213250874.5829,42731695438.879875,4946.05,0.432979,4368.649439385323,4368.649439385323,4368.649439385323,4368.649439385323
ethereum,2025-10-11,3835.632842050135,463578765352.86365,90784076986.425,4946.05,0.432979,3835.632842050135,3835.632842050135,3835.632842050135,3835.632842050135
ethereum,2025-10-12,3749.218185954949,453043143808.8669,54140013164.198265,4946.05,0.432979,3749.218185954949,3749.218185954949,3749.218185954949,3749.218185954949
ethereum,2025-10-13,4159.729307791921,501175375996.802,57642806541.61372,4946.05,0.432979,4159.729307791921,4159.729307791921,4159.729307791921,4159.729307791921
ethereum,2025-10-14,4246.217461554773,512317800004.74445,46426992105.166855,4946.05,0.432979,4246.217461554773,4246.217461554773,4246.217461554773,4246.217461554773
ethereum,2025-10-15,4128.888447033946,498801738230.5064,62876294833.97642,4946.05,0.432979,4128.888447033946,4128.888447033946,4128.888447033946,4128.888447033946
ethereum,2025-10-16,3983.1544356894233,480502921991.1765,44806571765.16941,4946.05,0.432979,3983.1544356894233,3983.1544356894233,3983.1544356894233,3983.1544356894233
ethereum,2025-10-17,3890.1993012479857,469582926617.41595,44673230678.7307,4946.05,0.432979,3890.1993012479857,3890.1993012479857,3890.1993012479857,3890.1993012479857
ethereum,2025-10-18,3831.244175835675,462727285553.6246,52519500424.67195,4946.05,0.432979,3831.244175835675,3831.244175835675,3831.244175835675,3831.244175835675
ethereum,2025-10-19,3889.4990302043157,469204461222.8663,19845543405.385517,4946.05,0.432979,3889.4990302043157,3889.4990302043157,3889.4990302043157,3889.4990302043157
ethereum,2025-10-20,3985.0765644046796,480734836101.83966,29233928200.2202,4946.05,0.432979,3985.0765644046796,3985.0765644046796,3985.0765644046796,3985.0765644046796
ethereum,2025-10-21,3978.7901551344357,480395580826.9953,35767064768.00727,4946.05,0.432979,3978.7901551344357,3978.7901551344357,3978.7901551344357,3978.7901551344357
ethereum,2025-10-22,3877.4871979550117,467810730089.432,46069514674.15889,4946.05,0.432979,3877.4871979550117,3877.4871979550117,3877.4871979550117,3877.4871979550117
ethereum,2025-10-23,3801.7907952382916,458856134706.02246,41712359613.706055,4946.05,0.432979,3801.7907952382916,3801.7907952382916,3801.7907952382916,3801.7907952382916
ethereum,2025-10-24,3855.8421162401205,465361564940.0126,32116755772.61905,4946.05,0.432979,3855.8421162401205,3855.8421162401205,3855.8421162401205,3855.8421162401205
ethereum,2025-10-25,3933.232269901015,474759372126.45776,30026152396.570248,4946.05,0.432979,3933.232269901015,3933.232269901015,3933.232269901015,3933.232269901015
ethereum,2025-10-26,3952.213557935584,477319399731.4925,12389144280.82482,4946.05,0.432979,3952.213557935584,3952.213557935584,3952.213557935584,3952.213557935584
ethereum,2025-10-27,4161.590896249249,502918445052.51886,25813518444.008472,4946.05,0.432979,4161.590896249249,4161.590896249249,4161.590896249249,4161.590896249249
ethereum,2025-10-28,4123.206220671679,497221249584.5864,36948961061.03095,4946.05,0.432979,4123.206220671679,4123.206220671679,4123.206220671679,4123.206220671679
ethereum,2025-10-29,3982.3127893175442,481161348044.65594,35659878225.70066,4946.05,0.432979,3982.3127893175442,3982.3127893175442,3982.3127893175442,3982.3127893175442
ethereum,2025-10-30,3897.359267616961,470349941761.83514,33522381291.769722,4946.05,0.432979,3897.359267616961,3897.359267616961,3897.359267616961,3897.359267616961
ethereum,2025-10-31,3802.2953645331804,458793317252.3975,36685058456.47925,4946.05,0.432979,3802.2953645331804,3802.2953645331804,3802.2953645331804,3802.2953645331804
ethereum,2025-11-01,3847.298177365196,464417354244.41925,32814597904.07948,4946.05,0.432979,3847.298177365196,3847.298177365196,3847.298177365196,3847.298177365196
ethereum,2025-11-02,3872.2118961957594,467387016348.6048,12518543682.642963,4946.05,0.432979,3872.2118961957594,3872.2118961957594,3872.2118961957594,3872.2118961957594
ethereum,2025-11-03,3910.0947691627284,471549372393.21094,15511617607.50217,4946.05,0.432979,3910.0947691627284,3910.0947691627284,3910.0947691627284,3910.0947691627284
ethereum,2025-11-04,3600.71550248779,434149656995.1001,47914058739.68866,4946.05,0.432979,3600.71550248779,3600.71550248779,3600.71550248779,3600.71550248779
ethereum,2025-11-05,3296.7437604313104,397489340792.3503,68784285690.87129,4946.05,0.432979,3296.7437604313104,3296.7437604313104,3296.7437604313104,3296.7437604313104
ethereum,2025-11-06,3427.6905913706814,413918683595.6081,44374527842.85683,4946.05,0.432979,3427.6905913706814,3427.6905913706814,3427.6905913706814,3427.6905913706814
ethereum,2025-11-07,3308.918164921951,399007356776.52936,33880974985.82207,4946.05,0.432979,3308.918164921951,3308.918164921951,3308.918164921951,3308.918164921951
ethereum,2025-11-08,3434.3512285299594,414691375367.5941,38972602140.84989,4946.05,0.432979,3434.3512285299594,3434.3512285299594,3434.3512285299594,3434.3512285299594
ethereum,2025-11-09,3401.4594003397083,410599145957.86835,20876971421.901554,4946.05,0.432979,3401.4594003397083,3401.4594003397083,3401.4594003397083,3401.4594003397083
ethereum,2025-11-10,3576.2547046627064,431294295578.2351,25994213654.36895,4946.05,0.432979,3576.2547046627064,3576.2547046627064,3576.2547046627064,3576.2547046627064
ethereum,2025-11-11,3564.6105957999334,430271977432.51276,31866555691.672695,4946.05,0.432979,3564.6105957999334,3564.6105957999334,3564.6105957999334,3564.6105957999334
ethereum,2025-11-12,3416.781328259322,411969837331.5966,36501187500.23736,4946.05,0.432979,3416.781328259322,3416.781328259322,3416.781328259322,3416.781328259322
ethereum,2025-11-13,3409.6144555411624,411695018306.39923,31722707429.919136,4946.05,0.432979,3409.6144555411624,3409.6144555411624,3409.6144555411624,3409.6144555411624
ethereum,2025-11-14,3235.7276362968546,392354946592.3496,47957135381.43061,4946.05,0.432979,3235.7276362968546,3235.7276362968546,3235.7276362968546,3235.7276362968546
ethereum,2025-11-15,3106.601287865052,376914348602.9677,45035057857.22528,4946.05,0.432979,3106.601287865052,3106.601287865052,3106.601287865052,3106.601287865052
ethereum,2025-11-16,3170.1129807404664,382460593691.1359,19159039393.797318,4946.05,0.432979,3170.1129807404664,3170.1129807404664,3170.1129807404664,3170.1129807404664
ethereum,2025-11-17,3101.686799467,374435480317.1664,30332766567.569996,4946.05,0.432979,3101.686799467,3101.686799467,3101.686799467,3101.686799467
ethereum,2025-11-18,3021.3021576301335,364584346775.1596,39723178401.3899,4946.05,0.432979,3021.3021576301335,3021.3021576301335,3021.3021576301335,3021.3021576301335
ethereum,2025-11-19,3117.2225871583155,375944681644.45795,40531057646.65946,4946.05,0.432979,3117.2225871583155,3117.2225871583155,3117.2225871583155,3117.2225871583155
ethereum,2025-11-20,3017.7483614097955,363582387251.9456,39173261740.03148,4946.05,0.432979,3017.7483614097955,3017.7483614097955,3017.7483614097955,3017.7483614097955
ethereum,2025-11-21,2832.068358334293,342850824587.94714,41625324784.96392,4946.05,0.432979,2832.068358334293,2832.068358334293,2832.068358334293,2832.068358334293
ethereum,2025-11-22,2764.735218675169,333838550169.9107,49920072209.17851,4946.05,0.432979,2764.735218675169,2764.735218675169,2764.735218675169,2764.735218675169
ethereum,2025-11-23,2768.6178294996353,334406681065.5302,15277324087.122278,4946.05,0.432979,2768.6178294996353,2768.6178294996353,2768.6178294996353,2768.6178294996353
ethereum,2025-11-24,2799.8149340924633,338053142179.2997,20170660685.078762,4946.05,0.432979,2799.8149340924633,2799.8149340924633,2799.8149340924633,2799.8149340924633
ethereum,2025-11-25,2953.327645752226,357075035362.9083,32699089921.17828,4946.05,0.432979,2953.327645752226,2953.327645752226,2953.327645752226,2953.327645752226
ethereum,2025-11-26,2955.046469321271,356667974212.06213,23359001752.780495,4946.05,0.432979,2955.046469321271,2955.046469321271,2955.046469321271,2955.046469321271
ethereum,2025-11-27,3027.477249132549,365169111971.85614,21096541004.26908,4946.05,0.432979,3027.477249132549,3027.477249132549,3027.477249132549,3027.477249132549
ethereum,2025-11-28,3015.6118196920934,364039549664.8285,16563145331.437607,4946.05,0.432979,3015.6118196920934,3015.6118196920934,3015.6118196920934,3015.6118196920934
ethereum,2025-11-29,3033.135645414151,366085841851.63794,20184482703.163284,4946.05,0.432979,3033.135645414151,3033.135645414151,3033.135645414151,3033.135645414151
ethereum,2025-11-30,2991.2330117032593,361028197396.32526,12634811464.603792,4946.05,0.432979,2991.2330117032593,2991.2330117032593,2991.2330117032593,2991.2330117032593
ethereum,2025-12-01,2992.8341859495977,361717332403.24976,11969903297.072994,4946.05,0.432979,2992.8341859495977,2992.8341859495977,2992.8341859495977,2992.8341859495977
ethereum,2025-12-02,2799.0367919901605,338070271128.47876,37491168510.09445,4946.05,0.432979,2799.0367919901605,2799.0367919901605,2799.0367919901605,2799.0367919901605
ethereum,2025-12-03,2995.751149322771,362328288750.46765,27518473791.0893,4946.05,0.432979,2995.751149322771,2995.751149322771,2995.751149322771,2995.751149322771
ethereum,2025-12-04,3195.4089919085554,385765592436.29456,30631265956.32816,4946.05,0.432979,3195.4089919085554,3195.4089919085554,3195.4089919085554,3195.4089919085554
ethereum,2025-12-05,3133.698235618616,378383036980.8902,27914236368.18745,4946.05,0.432979,3133.698235618616,3133.698235618616,3133.698235618616,3133.698235618616
ethereum,2025-12-06,3022.6564205232035,365052689720.72375,27606937714.571938,4946.05,0.432979,3022.6564205232035,3022.6564205232035,3022.6564205232035,3022.6564205232035
ethereum,2025-12-07,3039.358573133242,366786121380.61804,11344831475.877346,4946.05,0.432979,3039.358573133242,3039.358573133242,3039.358573133242,3039.358573133242
ethereum,2025-12-08,3052.976330436545,368370755428.0437,19363787894.936527,4946.05,0.432979,3052.976330436545,3052.976330436545,3052.976330436545,3052.976330436545
ethereum,2025-12-09,3125.321462183988,377375140776.36505,25795397174.943024,4946.05,0.432979,3125.321462183988,3125.321462183988,3125.321462183988,3125.321462183988
ethereum,2025-12-10,3322.469217836626,401258190140.9822,34333058805.569298,4946.05,0.432979,3322.469217836626,3322.469217836626,3322.469217836626,3322.469217836626
ethereum,2025-12-11,3326.260211637518,401626272710.5994,31463676851.579826,4946.05,0.432979,3326.260211637518,3326.260211637518,3326.260211637518,3326.260211637518
ethereum,2025-12-12,3236.0986208578574,390987823733.6906,29805046870.5563,4946.05,0.432979,3236.0986208578574,3236.0986208578574,3236.0986208578574,3236.0986208578574
ethereum,2025-12-13,3085.316694358101,372579486045.7623,25083388430.41613,4946.05,0.432979,3085.316694358101,3085.316694358101,3085.316694358101,3085.316694358101
ethereum,2025-12-14,3115.225428835284,375945831930.448,10086309656.917572,4946.05,0.432979,3115.225428835284,3115.225428835284,3115.225428835284,3115.225428835284
ethereum,2025-12-15,3065.4912355563642,369527922358.0662,17335964454.11176,4946.05,0.432979,3065.4912355563642,3065.4912355563642,3065.4912355563642,3065.4912355563642
ethereum,2025-12-16,2964.488557692104,357786162656.10895,30596317990.005627,4946.05,0.432979,2964.488557692104,2964.488557692104,2964.488557692104,2964.488557692104
ethereum,2025-12-17,2964.2627915054686,357203725063.4325,25164041190.99286,4946.05,0.432979,2964.2627915054686,2964.2627915054686,2964.2627915054686,2964.2627915054686
ethereum,2025-12-18,2827.8041755024283,341276921875.79224,26836168118.615532,4946.05,0.432979,2827.8041755024283,2827.8041755024283,2827.8041755024283,2827.8041755024283
ethereum,2025-12-19,2826.5948465107654,340860880536.8325,30216518962.55933,4946.05,0.432979,2826.5948465107654,2826.5948465107654,2826.5948465107654,2826.5948465107654
ethereum,2025-12-20,2976.796869557769,359446094628.4511,28622463845.69733,4946.05,0.432979,2976.796869557769,2976.796869557769,2976.796869557769,2976.796869557769
ethereum,2025-12-21,2977.162263207443,359186900440.0731,9046978663.974163,4946.05,0.432979,2977.162263207443,2977.162263207443,2977.162263207443,2977.162263207443
ethereum,2025-12-22,3001.6008377810244,362519624877.1173,11543764853.447407,4946.05,0.432979,3001.6008377810244,3001.6008377810244,3001.6008377810244,3001.6008377810244
ethereum,2025-12-23,3005.786780691547,362935746891.54517,21151887764.71905,4946.05,0.432979,3005.786780691547,3005.786780691547,3005.786780691547,3005.786780691547
ethereum,2025-12-24,2965.193660040505,357776430595.61365,23108092257.350555,4946.05,0.432979,2965.193660040505,2965.193660040505,2965.193660040505,2965.193660040505
ethereum,2025-12-25,2945.9878145019857,355561429533.282,14559942619.27862,4946.05,0.432979,2945.9878145019857,2945.9878145019857,2945.9878145019857,2945.9878145019857
ethereum,2025-12-26,2904.252344599994,350482502400.1858,11886240841.229004,4946.05,0.432979,2904.252344599994,2904.252344599994,2904.252344599994,2904.252344599994
ethereum,2025-12-27,2926.695639112761,353065144652.60986,19054108852.23608,4946.05,0.432979,2926.695639112761,2926.695639112761,2926.695639112761,2926.695639112761
ethereum,2025-12-28,2948.8621262576116,355905880030.65027,7543851649.166359,4946.05,0.432979,2948.8621262576116,2948.8621262576116,2948.8621262576116,2948.8621262576116
ethereum,2025-12-29,2947.8597605720547,355840750170.65576,9618433974.572294,4946.05,0.432979,2947.8597605720547,2947.8597605720547,2947.8597605720547,2947.8597605720547
ethereum,2025-12-30,2934.215601758931,354107974761.1568,28073445244.481457,4946.05,0.432979,2934.215601758931,2934.215601758931,2934.215601758931,2934.215601758931
ethereum,2025-12-31,2970.055474481003,358439004174.8074,18029693561.070618,4946.05,0.432979,2970.055474481003,2970.055474481003,2970.055474481003,2970.055474481003
ethereum,2026-01-01,2966.7741798134107,358047402285.7328,16641494487.095573,4946.05,0.432979,2966.7741798134107,2966.7741798134107,2966.7741798134107,2966.7741798134107
ethereum,2026-01-02,3000.4191168879165,362099985541.6034,10247591868.396807,4946.05,0.432979,3000.4191168879165,3000.4191168879165,3000.4191168879165,3000.4191168879165
ethereum,2026-01-03,3121.9006724537576,376770956000.15674,25946903012.673847,4946.05,0.432979,3121.9006724537576,3121.9006724537576,3121.9006724537576,3121.9006724537576
ethereum,2026-01-04,3126.041091396286,377099111945.0166,12643882377.41065,4946.05,0.432979,3126.041091396286,3126.041091396286,3126.041091396286,3126.041091396286
ethereum,2026-01-05,3139.057041912684,378922486584.18475,14200482273.251047,4946.05,0.432979,3139.057041912684,3139.057041912684,3139.057041912684,3139.057041912684
ethereum,2026-01-06,3228.2962247842056,389933475562.2665,29465114559.519062,4946.05,0.432979,3228.2962247842056,3228.2962247842056,3228.2962247842056,3228.2962247842056
ethereum,2026-01-07,3295.101927879638,397608381234.7261,28511408890.511658,4946.05,0.432979,3295.101927879638,3295.101927879638,3295.101927879638,3295.101927879638
ethereum,2026-01-08,3164.794750249208,381974224305.5651,22954348981.589577,4946.05,0.432979,3164.794750249208,3164.794750249208,3164.794750249208,3164.794750249208
ethereum,2026-01-09,3104.220322474917,374637574706.1186,21609631690.502533,4946.05,0.432979,3104.220322474917,3104.220322474917,3104.220322474917,3104.220322474917
ethereum,2026-01-10,3083.1361173724354,372149000810.8756,19574607996.93425,4946.05,0.432979,3083.1361173724354,3083.1361173724354,3083.1361173724354,3083.1361173724354
ethereum,2026-01-11,3082.9653288303607,372186920089.48895,5878919562.197727,4946.05,0.432979,3082.9653288303607,3082.9653288303607,3082.9653288303607,3082.9653288303607
ethereum,2026-01-12,3119.3619360372772,376488796661.5709,10976584243.860346,4946.05,0.432979,3119.3619360372772,3119.3619360372772,3119.3619360372772,3119.3619360372772
ethereum,2026-01-13,3090.2827206647894,373050228025.3664,21435545247.17046,4946.05,0.432979,3090.2827206647894,3090.2827206647894,3090.2827206647894,3090.2827206647894
ethereum,2026-01-14,3319.9354070565078,400762250132.68756,35290013880.99956,4946.05,0.432979,3319.9354070565078,3319.9354070565078,3319.9354070565078,3319.9354070565078
ethereum,2026-01-15,3356.4964063628336,405103415124.21326,34009585603.430943,4946.05,0.432979,3356.4964063628336,3356.4964063628336,3356.4964063628336,3356.4964063628336
ethereum,2026-01-16,3318.2037023491666,400452010716.34735,29777568895.58042,4946.05,0.432979,3318.2037023491666,3318.2037023491666,3318.2037023491666,3318.2037023491666
ethereum,2026-01-17,3296.062650076136,397812097503.19434,24378384071.00059,4946.05,0.432979,3296.062650076136,3296.062650076136,3296.062650076136,3296.062650076136
ethereum,2026-01-18,3306.8712226908783,399282930965.6771,11391111157.284075,4946.05,0.432979,3306.8712226908783,3306.8712226908783,3306.8712226908783,3306.8712226908783
ethereum,2026-01-19,3284.3194316465483,396399594662.77765,14974443677.834782,4946.05,0.432979,3284.3194316465483,3284.3194316465483,3284.3194316465483,3284.3194316465483
ethereum,2026-01-20,3185.6644636922747,384410444146.86456,29820379988.891647,4946.05,0.432979,3185.6644636922747,3185.6644636922747,3185.6644636922747,3185.6644636922747
ethereum,2026-01-21,2935.6234193160412,354099948267.15643,34750583222.71903,4946.05,0.432979,2935.6234193160412,2935.6234193160412,2935.6234193160412,2935.6234193160412
ethereum,2026-01-22,2976.0491465641335,359040539115.96747,37121407320.265114,4946.05,0.432979,2976.0491465641335,2976.0491465641335,2976.0491465641335,2976.0491465641335
ethereum,2026-01-23,2948.277889615024,355853612997.0337,22312421297.363728,4946.05,0.432979,2948.277889615024,2948.277889615024,2948.277889615024,2948.277889615024
ethereum,2026-01-24,2950.9128485703054,356101993294.33496,22825744038.274715,4946.05,0.432979,2950.9128485703054,2950.9128485703054,2950.9128485703054,2950.9128485703054
ethereum,2026-01-25,2949.197384616335,356007725632.75543,9410994743.450907,4946.05,0.432979,2949.197384616335,2949.197384616335,2949.197384616335,2949.197384616335
ethereum,2026-01-26,2814.1853835458546,339890716407.5777,23388699485.203304,4946.05,0.432979,2814.1853835458546,2814.1853835458546,2814.1853835458546,2814.1853835458546
ethereum,2026-01-27,2927.836546921288,353726198245.0733,31319240379.377583,4946.05,0.432979,2927.836546921288,2927.836546921288,2927.836546921288,2927.836546921288
ethereum,2026-01-28,3021.091516998928,364796970141.98334,28728856609.94036,4946.05,0.432979,3021.091516998928,3021.091516998928,3021.091516998928,3021.091516998928
ethereum,2026-01-29,3006.8071129555346,362995505292.5032,23451982502.82752,4946.05,0.432979,3006.8071129555346,3006.8071129555346,3006.8071129555346,3006.8071129555346
ethereum,2026-01-30,2818.817890220326,340223818598.2187,37820864892.228645,4946.05,0.432979,2818.817890220326,2818.817890220326,2818.817890220326,2818.817890220326
ethereum,2026-01-31,2702.40799526457,326260413678.2401,41803190280.20533,4946.05,0.432979,2702.40799526457,2702.40799526457,2702.40799526457,2702.40799526457
ethereum,2026-02-01,2443.9290245632774,294721167713.188,48591221287.94092,4946.05,0.432979,2443.9290245632774,2443.9290245632774,2443.9290245632774,2443.9290245632774
ethereum,2026-02-02,2269.3288518651166,273917533154.59314,41592993667.771126,4946.05,0.432979,2269.3288518651166,2269.3288518651166,2269.3288518651166,2269.3288518651166
ethereum,2026-02-03,2344.512261445349,282937489226.0722,51461557534.321014,4946.05,0.432979,2344.512261445349,2344.512261445349,2344.512261445349,2344.512261445349
ethereum,2026-02-04,2226.985635575225,268883359333.4935,47572474187.92975,4946.05,0.432979,2226.985635575225,2226.985635575225,2226.985635575225,2226.985635575225
tether,2025-02-06,1.0000490560981923,141393478723.375,75496129236.42085,1.32,0.572521,1.0000490560981923,1.0000490560981923,1.0000490560981923,1.0000490560981923
tether,2025-02-07,1.0000773661564972,141177790732.949,43782565748.39305,1.32,0.572521,1.0000773661564972,1.0000773661564972,1.0000773661564972,1.0000773661564972
tether,2025-02-08,1.0002013848683518,141383107623.1629,67649158385.76056,1.32,0.572521,1.0002013848683518,1.0002013848683518,1.0002013848683518,1.0002013848683518
tether,2025-02-09,1.0000525933192037,141672006081.73532,37460704248.55097,1.32,0.572521,1.0000525933192037,1.0000525933192037,1.0000525933192037,1.0000525933192037
tether,2025-02-10,1.0001707328493536,141758176744.5722,25293629177.694324,1.32,0.572521,1.0001707328493536,1.0001707328493536,1.0001707328493536,1.0001707328493536
tether,2025-02-11,1.0001766843203037,141642107463.36398,70618968971.15869,1.32,0.572521,1.0001766843203037,1.0001766843203037,1.0001766843203037,1.0001766843203037
tether,2025-02-12,0.9998416429553479,141857240927.29068,62048982342.1835,1.32,0.572521,0.9998416429553479,0.9998416429553479,0.9998416429553479,0.9998416429553479
tether,2025-02-13,1.0000267749335803,141956769708.80518,80979579418.19025,1.32,0.572521,1.0000267749335803,1.0000267749335803,1.0000267749335803,1.0000267749335803
tether,2025-02-14,1.0000784910750329,141936184424.38916,68757439395.3189,1.32,0.572521,1.0000784910750329,1.0000784910750329,1.0000784910750329,1.0000784910750329
tether,2025-02-15,1.0000596582720735,141813941006.74393,65601941691.82887,1.32,0.572521,1.0000596582720735,1.0000596582720735,1.0000596582720735,1.0000596582720735
tether,2025-02-16,1.000153614407417,142018214890.93796,18352736042.648277,1.32,0.572521,1.000153614407417,1.000153614407417,1.000153614407417,1.000153614407417
tether,2025-02-17,1.0000518966375653,142003722086.2393,20518003415.69357,1.32,0.572521,1.0000518966375653,1.0000518966375653,1.0000518966375653,1.0000518966375653
tether,2025-02-18,0.9999438244956202,141988528416.98083,40450155446.50405,1.32,0.572521,0.9999438244956202,0.9999438244956202,0.9999438244956202,0.9999438244956202
tether,2025-02-19,0.9993962090058426,141678398891.6635,42466437306.622925,1.32,0.572521,0.9993962090058426,0.9993962090058426,0.9993962090058426,0.9993962090058426
tether,2025-02-20,0.9999000749968987,141765245323.6581,33886007083.636486,1.32,0.572521,0.9999000749968987,0.9999000749968987,0.9999000749968987,0.9999000749968987
tether,2025-02-21,1.0001586048382205,141802180650.47913,40959700762.54369,1.32,0.572521,1.0001586048382205,1.0001586048382205,1.0001586048382205,1.0001586048382205
tether,2025-02-22,0.9993985641805645,142128586355.1962,74752636506.46257,1.32,0.572521,0.9993985641805645,0.9993985641805645,0.9993985641805645,0.9993985641805645
tether,2025-02-23,1.0000639024468476,142498638055.93616,21285903563.399937,1.32,0.572521,1.0000639024468476,1.0000639024468476,1.0000639024468476,1.0000639024468476
tether,2025-02-24,0.9999829434393588,142488385786.8108,44740551336.25092,1.32,0.572521,0.9999829434393588,0.9999829434393588,0.9999829434393588,0.9999829434393588
tether,2025-02-25,0.9997259292030104,142374840343.81754,41005250631.104836,1.32,0.572521,0.9997259292030104,0.9997259292030104,0.9997259292030104,0.9997259292030104
tether,2025-02-26,0.9989297727310723,142189635187.1762,154655515375.20398,1.32,0.572521,0.9989297727310723,0.9989297727310723,0.9989297727310723,0.9989297727310723
tether,2025-02-27,0.9985319980806387,141898152624.9529,66525186547.39537,1.32,0.572521,0.9985319980806387,0.9985319980806387,0.9985319980806387,0.9985319980806387
tether,2025-02-28,0.9990511222032294,142167939695.37976,84453426203.45132,1.32,0.572521,0.9990511222032294,0.9990511222032294,0.9990511222032294,0.9990511222032294
tether,2025-03-01,0.9994450907291423,142108250750.88724,134454258882.4521,1.32,0.572521,0.9994450907291423,0.9994450907291423,0.9994450907291423,0.9994450907291423
tether,2025-03-02,0.9996008408280193,142135831908.092,30391020535.83353,1.32,0.572521,0.9996008408280193,0.9996008408280193,0.9996008408280193,0.9996008408280193
tether,2025-03-03,1.0000712083606202,142426333596.40833,118844696450.28859,1.32,0.572521,1.0000712083606202,1.0000712083606202,1.0000712083606202,1.0000712083606202
tether,2025-03-04,0.9992530350286802,142328281738.8466,115530850087.84906,1.32,0.572521,0.9992530350286802,0.9992530350286802,0.9992530350286802,0.9992530350286802
tether,2025-03-05,0.9997747181371494,142475945352.80405,57707010774.51805,1.32,0.572521,0.9997747181371494,0.9997747181371494,0.9997747181371494,0.9997747181371494
tether,2025-03-06,0.9999746197251654,142492309523.23022,75472088771.69351,1.32,0.572521,0.9999746197251654,0.9999746197251654,0.9999746197251654,0.9999746197251654
tether,2025-03-07,1.000018773779285,142721064979.14023,70145131218.1265,1.32,0.572521,1.000018773779285,1.000018773779285,1.000018773779285,1.000018773779285
tether,2025-03-08,0.9995706677016682,142738486120.2912,84498960610.02846,1.32,0.572521,0.9995706677016682,0.9995706677016682,0.9995706677016682,0.9995706677016682
tether,2025-03-09,0.9996766806828237,142753630869.77725,30624007283.472572,1.32,0.572521,0.9996766806828237,0.9996766806828237,0.9996766806828237,0.9996766806828237
tether,2025-03-10,0.9996936236619807,142755060054.8938,24874890883.47252,1.32,0.572521,0.9996936236619807,0.9996936236619807,0.9996936236619807,0.9996936236619807
tether,2025-03-11,0.9993765282172375,142841784938.59088,90500347848.33102,1.32,0.572521,0.9993765282172375,0.9993765282172375,0.9993765282172375,0.9993765282172375
tether,2025-03-12,0.9997313886240716,142958096810.7093,58533426832.39929,1.32,0.572521,0.9997313886240716,0.9997313886240716,0.9997313886240716,0.9997313886240716
tether,2025-03-13,0.9997426862936465,143145003460.77124,68004292098.965645,1.32,0.572521,0.9997426862936465,0.9997426862936465,0.9997426862936465,0.9997426862936465
tether,2025-03-14,0.999535469471366,143278843107.76877,26489697447.41281,1.32,0.572521,0.999535469471366,0.999535469471366,0.999535469471366,0.999535469471366
tether,2025-03-15,1.00000939408902,143347227007.29355,49116318433.27842,1.32,0.572521,1.00000939408902,1.00000939408902,1.00000939408902,1.00000939408902
tether,2025-03-16,1.0000189048893415,143467739230.26804,15396148231.752401,1.32,0.572521,1.0000189048893415,1.0000189048893415,1.0000189048893415,1.0000189048893415
tether,2025-03-17,0.9999001217350174,143450696223.53488,22108346326.59556,1.32,0.572521,0.9999001217350174,0.9999001217350174,0.9999001217350174,0.9999001217350174
tether,2025-03-18,0.9999317742810434,143455184183.74826,43666125921.68364,1.32,0.572521,0.9999317742810434,0.9999317742810434,0.9999317742810434,0.9999317742810434
tether,2025-03-19,0.9997951704482085,143397059107.19373,43755364134.53674,1.32,0.572521,0.9997951704482085,0.9997951704482085,0.9997951704482085,0.9997951704482085
tether,2025-03-20,1.0002512445330827,143469384429.60666,43614558733.97067,1.32,0.572521,1.0002512445330827,1.0002512445330827,1.0002512445330827,1.0002512445330827
tether,2025-03-21,0.9994043292054364,143567858626.63156,25495053763.275093,1.32,0.572521,0.9994043292054364,0.9994043292054364,0.9994043292054364,0.9994043292054364
tether,2025-03-22,0.9996326144792497,143474442014.9646,35162222977.72541,1.32,0.572521,0.9996326144792497,0.9996326144792497,0.9996326144792497,0.9996326144792497
tether,2025-03-23,0.9998312897865619,143463333939.09814,21507227933.187458,1.32,0.572521,0.9998312897865619,0.9998312897865619,0.9998312897865619,0.9998312897865619
tether,2025-03-24,0.9999640741708669,143482457552.841,17685268960.545044,1.32,0.572521,0.9999640741708669,0.9999640741708669,0.9999640741708669,0.9999640741708669
tether,2025-03-25,1.0001710876347953,143511834088.14075,40546340110.56253,1.32,0.572521,1.0001710876347953,1.0001710876347953,1.0001710876347953,1.0001710876347953
tether,2025-03-26,1.0001682617664287,143802306843.42358,23331566177.12668,1.32,0.572521,1.0001682617664287,1.0001682617664287,1.0001682617664287,1.0001682617664287
tether,2025-03-27,1.0000800620713957,144028219833.2976,42332574819.81426,1.32,0.572521,1.0000800620713957,1.0000800620713957,1.0000800620713957,1.0000800620713957
tether,2025-03-28,0.9997458571858368,144133880049.62244,24917132264.736237,1.32,0.572521,0.9997458571858368,0.9997458571858368,0.9997458571858368,0.9997458571858368
tether,2025-03-29,0.9995155167001366,144112246172.76373,56191378011.63005,1.32,0.572521,0.9995155167001366,0.9995155167001366,0.9995155167001366,0.9995155167001366
tether,2025-03-30,0.9996714495604069,144134977946.60168,23298202196.67186,1.32,0.572521,0.9996714495604069,0.9996714495604069,0.9996714495604069,0.9996714495604069
tether,2025-03-31,0.9997883719976657,144151836208.78763,20608548805.25768,1.32,0.572521,0.9997883719976657,0.9997883719976657,0.9997883719976657,0.9997883719976657
tether,2025-04-01,0.9997998177062254,143908732518.58286,30026396043.344063,1.32,0.572521,0.9997998177062254,0.9997998177062254,0.9997998177062254,0.9997998177062254
tether,2025-04-02,0.9999825753524252,143990231518.7388,47375836829.24458,1.32,0.572521,0.9999825753524252,0.9999825753524252,0.9999825753524252,0.9999825753524252
tether,2025-04-03,0.9997656585778126,143988054419.68607,50119090969.41591,1.32,0.572521,0.9997656585778126,0.9997656585778126,0.9997656585778126,0.9997656585778126
tether,2025-04-04,0.9995717120873867,144182937322.16763,36500878636.04613,1.32,0.572521,0.9995717120873867,0.9995717120873867,0.9995717120873867,0.9995717120873867
tether,2025-04-05,0.9996464752028551,144035750400.1829,68834681814.8792,1.32,0.572521,0.9996464752028551,0.9996464752028551,0.9996464752028551,0.9996464752028551
tether,2025-04-06,0.9996046941096939,144029490829.95786,17753319640.18579,1.32,0.572521,0.9996046941096939,0.9996046941096939,0.9996046941096939,0.9996046941096939
tether,2025-04-07,0.9991203233591898,143958926471.4519,58290560157.967,1.32,0.572521,0.9991203233591898,0.9991203233591898,0.9991203233591898,0.9991203233591898
tether,2025-04-08,0.9995898515694867,144205567669.1466,145887704177.8526,1.32,0.572521,0.9995898515694867,0.9995898515694867,0.9995898515694867,0.9995898515694867
tether,2025-04-09,0.9990462655067889,144054569797.2035,31569687106.7447,1.32,0.572521,0.9990462655067889,0.9990462655067889,0.9990462655067889,0.9990462655067889
tether,2025-04-10,0.9997621498962729,143979365781.68594,121230661706.812,1.32,0.572521,0.9997621498962729,0.9997621498962729,0.9997621498962729,0.9997621498962729
tether,2025-04-11,0.9994140897807697,144286395278.9551,53618794005.41216,1.32,0.572521,0.9994140897807697,0.9994140897807697,0.9994140897807697,0.9994140897807697
tether,2025-04-12,0.9995302194711758,144275039627.88824,34672295491.92867,1.32,0.572521,0.9995302194711758,0.9995302194711758,0.9995302194711758,0.9995302194711758
tether,2025-04-13,0.9998949278588121,144374132862.5354,43129361015.40482,1.32,0.572521,0.9998949278588121,0.9998949278588121,0.9998949278588121,0.9998949278588121
tether,2025-04-14,0.9997121178272996,144347938969.45416,26940208112.929867,1.32,0.572521,0.9997121178272996,0.9997121178272996,0.9997121178272996,0.9997121178272996
tether,2025-04-15,0.999933424815005,144334107980.62497,44235286832.7874,1.32,0.572521,0.999933424815005,0.999933424815005,0.999933424815005,0.999933424815005
tether,2025-04-16,0.9999497641798489,144568505877.0596,43056065828.53141,1.32,0.572521,0.9999497641798489,0.9999497641798489,0.9999497641798489,0.9999497641798489
tether,2025-04-17,1.000002611700067,144632716534.40927,21762446975.495525,1.32,0.572521,1.000002611700067,1.000002611700067,1.000002611700067,1.000002611700067
tether,2025-04-18,1.00000586634771,144806058274.99985,18391235173.388428,1.32,0.572521,1.00000586634771,1.00000586634771,1.00000586634771,1.00000586634771
tether,2025-04-19,0.9998455446122065,144773493164.272,22583974343.5137,1.32,0.572521,0.9998455446122065,0.9998455446122065,0.9998455446122065,0.9998455446122065
tether,2025-04-20,0.9999083639300109,144626535181.3877,13854465473.744902,1.32,0.572521,0.9999083639300109,0.9999083639300109,0.9999083639300109,0.9999083639300109
tether,2025-04-21,0.9999760948031948,144636655192.65256,25351370137.20375,1.32,0.572521,0.9999760948031948,0.9999760948031948,0.9999760948031948,0.9999760948031948
tether,2025-04-22,1.0000096563092031,144628467100.05707,29848480762.599045,1.32,0.572521,1.0000096563092031,1.0000096563092031,1.0000096563092031,1.0000096563092031
tether,2025-04-23,1.0004298063652504,144787216371.0264,80881735485.4284,1.32,0.572521,1.0004298063652504,1.0004298063652504,1.0004298063652504,1.0004298063652504
tether,2025-04-24,1.0003852686057302,145334994442.8229,51666373449.626884,1.32,0.572521,1.0003852686057302,1.0003852686057302,1.0003852686057302,1.0003852686057302
tether,2025-04-25,1.0003890021201753,145704892662.22678,53538050332.736626,1.32,0.572521,1.0003890021201753,1.0003890021201753,1.0003890021201753,1.0003890021201753
tether,2025-04-26,1.0006110387102658,146102824559.95065,56995739809.00175,1.32,0.572521,1.0006110387102658,1.0006110387102658,1.0006110387102658,1.0006110387102658
tether,2025-04-27,1.0003249262539928,147176227949.38904,21970758968.047268,1.32,0.572521,1.0003249262539928,1.0003249262539928,1.0003249262539928,1.0003249262539928
tether,2025-04-28,1.00033375492636,147177522305.55164,15972314678.09902,1.32,0.572521,1.00033375492636,1.00033375492636,1.00033375492636,1.00033375492636
tether,2025-04-29,1.0002202294721647,147276031291.01443,34530636473.70461,1.32,0.572521,1.0002202294721647,1.0002202294721647,1.0002202294721647,1.0002202294721647
tether,2025-04-30,1.0002713897319473,148006012381.16373,38860301915.247795,1.32,0.572521,1.0002713897319473,1.0002713897319473,1.0002713897319473,1.0002713897319473
tether,2025-05-01,1.000085396458574,148428458921.78488,20876789759.136845,1.32,0.572521,1.000085396458574,1.000085396458574,1.000085396458574,1.000085396458574
tether,2025-05-02,1.0002902932609476,148729502512.55002,47471860504.16957,1.32,0.572521,1.0002902932609476,1.0002902932609476,1.0002902932609476,1.0002902932609476
tether,2025-05-03,1.0003720380689882,148960089669.36575,38099562235.06589,1.32,0.572521,1.0003720380689882,1.0003720380689882,1.0003720380689882,1.0003720380689882
tether,2025-05-04,1.0002291163925612,149216918792.02405,11548401867.993353,1.32,0.572521,1.0002291163925612,1.0002291163925612,1.0002291163925612,1.0002291163925612
tether,2025-05-05,1.0000388198237913,149359909126.67517,15292715843.383814,1.32,0.572521,1.0000388198237913,1.0000388198237913,1.0000388198237913,1.0000388198237913
tether,2025-05-06,0.9999183177679312,149346610972.1294,18243951518.9161,1.32,0.572521,0.9999183177679312,0.9999183177679312,0.9999183177679312,0.9999183177679312
tether,2025-05-07,0.9999414709946485,149419951385.11246,36880618253.22139,1.32,0.572521,0.9999414709946485,0.9999414709946485,0.9999414709946485,0.9999414709946485
tether,2025-05-08,1.0001813000419701,149457054005.27136,21362240966.768036,1.32,0.572521,1.0001813000419701,1.0001813000419701,1.0001813000419701,1.0001813000419701
tether,2025-05-09,0.9999326461630238,149493872634.72855,47757615632.17068,1.32,0.572521,0.9999326461630238,0.9999326461630238,0.9999326461630238,0.9999326461630238
tether,2025-05-10,1.0000674187168492,149743084522.3816,77348989322.6802,1.32,0.572521,1.0000674187168492,1.0000674187168492,1.0000674187168492,1.0000674187168492
tether,2025-05-11,1.000084338434013,149889745922.2353,42662958720.93326,1.32,0.572521,1.000084338434013,1.000084338434013,1.000084338434013,1.000084338434013
tether,2025-05-12,1.0001889600333305,149905101863.97977,67722115427.44655,1.32,0.572521,1.0001889600333305,1.0001889600333305,1.0001889600333305,1.0001889600333305
tether,2025-05-13,1.0000362715451414,150062819973.57834,67380623655.12605,1.32,0.572521,1.0000362715451414,1.0000362715451414,1.0000362715451414,1.0000362715451414
tether,2025-05-14,1.0001320179941608,150076010701.81958,84560072234.8274,1.32,0.572521,1.0001320179941608,1.0001320179941608,1.0001320179941608,1.0001320179941608
tether,2025-05-15,1.0001635958929476,150363832522.01163,68975302358.08977,1.32,0.572521,1.0001635958929476,1.0001635958929476,1.0001635958929476,1.0001635958929476
tether,2025-05-16,1.000133593656696,150686295171.93018,71589627196.964,1.32,0.572521,1.000133593656696,1.000133593656696,1.000133593656696,1.000133593656696
tether,2025-05-17,1.0002154837976236,151086450912.1188,55613506367.74495,1.32,0.572521,1.0002154837976236,1.0002154837976236,1.0002154837976236,1.0002154837976236
tether,2025-05-18,1.0003034339013903,151256967601.13028,45710751023.8628,1.32,0.572521,1.0003034339013903,1.0003034339013903,1.0003034339013903,1.0003034339013903
tether,2025-05-19,1.0003100276018133,151335913569.9966,60816959758.51789,1.32,0.572521,1.0003100276018133,1.0003100276018133,1.0003100276018133,1.0003100276018133
tether,2025-05-20,1.0002580445896923,151397243586.7935,76624511173.92236,1.32,0.572521,1.0002580445896923,1.0002580445896923,1.0002580445896923,1.0002580445896923
tether,2025-05-21,1.0002557843757724,151623683545.6729,68055988276.71813,1.32,0.572521,1.0002557843757724,1.0002557843757724,1.0002557843757724,1.0002557843757724
tether,2025-05-22,1.0003630194083748,151965145889.9434,103794013661.46913,1.32,0.572521,1.0003630194083748,1.0003630194083748,1.0003630194083748,1.0003630194083748
tether,2025-05-23,1.0001861220516468,152429358067.93,89700415063.98604,1.32,0.572521,1.0001861220516468,1.0001861220516468,1.0001861220516468,1.0001861220516468
tether,2025-05-24,1.000092076028757,152504474726.0133,96504410502.0485,1.32,0.572521,1.000092076028757,1.000092076028757,1.000092076028757,1.000092076028757
tether,2025-05-25,1.0002022766014327,152731781250.04868,44154714943.24946,1.32,0.572521,1.0002022766014327,1.0002022766014327,1.0002022766014327,1.0002022766014327
tether,2025-05-26,1.0003417873168594,152785634650.1942,48205519513.85755,1.32,0.572521,1.0003417873168594,1.0003417873168594,1.0003417873168594,1.0003417873168594
tether,2025-05-27,1.0002640914987955,152773329685.2376,44371372237.32768,1.32,0.572521,1.0002640914987955,1.0002640914987955,1.0002640914987955,1.0002640914987955
tether,2025-05-28,1.0004200223221857,152821712873.4083,69083910035.02612,1.32,0.572521,1.0004200223221857,1.0004200223221857,1.0004200223221857,1.0004200223221857
tether,2025-05-29,1.0001814586820421,152939615248.6882,32911197324.746918,1.32,0.572521,1.0001814586820421,1.0001814586820421,1.0001814586820421,1.0001814586820421
tether,2025-05-30,0.9999495541528401,153012882316.87454,65359860830.86699,1.32,0.572521,0.9999495541528401,0.9999495541528401,0.9999495541528401,0.9999495541528401
tether,2025-05-31,1.000247715130016,153119221148.4424,55689110064.553535,1.32,0.572521,1.000247715130016,1.000247715130016,1.000247715130016,1.000247715130016
tether,2025-06-01,1.0003264594318246,153082120332.94412,19803244766.874424,1.32,0.572521,1.0003264594318246,1.0003264594318246,1.0003264594318246,1.0003264594318246
tether,2025-06-02,1.0003716820883177,153153034403.6833,18654464330.93524,1.32,0.572521,1.0003716820883177,1.0003716820883177,1.0003716820883177,1.0003716820883177
tether,2025-06-03,1.0003849075983908,153206457899.89407,40950127832.045975,1.32,0.572521,1.0003849075983908,1.0003849075983908,1.0003849075983908,1.0003849075983908
tether,2025-06-04,1.0005530007046008,153397794279.6906,46697457912.08813,1.32,0.572521,1.0005530007046008,1.0005530007046008,1.0005530007046008,1.0005530007046008
tether,2025-06-05,1.0004200584852525,153785541890.78516,42678501600.063866,1.32,0.572521,1.0004200584852525,1.0004200584852525,1.0004200584852525,1.0004200584852525
tether,2025-06-06,1.000360290202957,153888799244.76022,47858006699.30989,1.32,0.572521,1.000360290202957,1.000360290202957,1.000360290202957,1.000360290202957
tether,2025-06-07,1.0006511503587576,154223964621.06296,44530412667.081924,1.32,0.572521,1.0006511503587576,1.0006511503587576,1.0006511503587576,1.0006511503587576
tether,2025-06-08,1.000430700769271,154535435745.18573,27615466105.301853,1.32,0.572521,1.000430700769271,1.000430700769271,1.000430700769271,1.000430700769271
tether,2025-06-09,1.0003473899852149,154813893920.00262,29124132960.38632,1.32,0.572521,1.0003473899852149,1.0003473899852149,1.0003473899852149,1.0003473899852149
tether,2025-06-10,1.000286795454842,154815100257.24564,59942852126.42106,1.32,0.572521,1.000286795454842,1.000286795454842,1.000286795454842,1.000286795454842
tether,2025-06-11,1.00006453655806,155191377114.92856,69294901543.96965,1.32,0.572521,1.00006453655806,1.00006453655806,1.00006453655806,1.00006453655806
tether,2025-06-12,1.0001404992361649,155060034616.54254,35693012060.83018,1.32,0.572521,1.0001404992361649,1.0001404992361649,1.0001404992361649,1.0001404992361649
tether,2025-06-13,1.0002698057743862,155229279159.86356,61203635635.13986,1.32,0.572521,1.0002698057743862,1.0002698057743862,1.0002698057743862,1.0002698057743862
tether,2025-06-14,1.00031779192818,155241505784.7768,37671146467.24339,1.32,0.572521,1.00031779192818,1.00031779192818,1.00031779192818,1.00031779192818
tether,2025-06-15,1.0003010126168363,155516573446.70776,17730025829.348217,1.32,0.572521,1.0003010126168363,1.0003010126168363,1.0003010126168363,1.0003010126168363
tether,2025-06-16,1.0000315872512937,155452141769.05713,13147022175.773252,1.32,0.572521,1.0000315872512937,1.0000315872512937,1.0000315872512937,1.0000315872512937
tether,2025-06-17,1.000366762933256,155544907963.97885,50519696777.54969,1.32,0.572521,1.000366762933256,1.000366762933256,1.000366762933256,1.000366762933256
tether,2025-06-18,1.0000213122909019,155479539457.37143,63181401441.16144,1.32,0.572521,1.0000213122909019,1.0000213122909019,1.0000213122909019,1.0000213122909019
tether,2025-06-19,1.0001544327405687,155588301934.80716,27553471151.039486,1.32,0.572521,1.0001544327405687,1.0001544327405687,1.0001544327405687,1.0001544327405687
tether,2025-06-20,1.0000575884313008,155728724343.18478,15953738885.907185,1.32,0.572521,1.0000575884313008,1.0000575884313008,1.0000575884313008,1.0000575884313008
tether,2025-06-21,1.000016779381578,155943659515.59326,27727183521.48383,1.32,0.572521,1.000016779381578,1.000016779381578,1.000016779381578,1.000016779381578
tether,2025-06-22,1.0001771868169653,155914735505.37784,40362095973.28882,1.32,0.572521,1.0001771868169653,1.0001771868169653,1.0001771868169653,1.0001771868169653
tether,2025-06-23,1.0001760035164122,155823535902.08963,37617312021.492065,1.32,0.572521,1.0001760035164122,1.0001760035164122,1.0001760035164122,1.0001760035164122
tether,2025-06-24,1.0005680858193842,156064607850.97464,30627659753.04954,1.32,0.572521,1.0005680858193842,1.0005680858193842,1.0005680858193842,1.0005680858193842
tether,2025-06-25,1.0004180868065167,156407434582.08188,33868815091.5619,1.32,0.572521,1.0004180868065167,1.0004180868065167,1.0004180868065167,1.0004180868065167
tether,2025-06-26,1.0004815192680219,156766999298.43674,47290560827.3395,1.32,0.572521,1.0004815192680219,1.0004815192680219,1.0004815192680219,1.0004815192680219
tether,2025-06-27,1.000347010938295,157271724601.06177,33669740952.855576,1.32,0.572521,1.000347010938295,1.000347010938295,1.000347010938295,1.000347010938295
tether,2025-06-28,1.0003368979263507,157533488924.85007,23287527002.824574,1.32,0.572521,1.0003368979263507,1.0003368979263507,1.0003368979263507,1.0003368979263507
tether,2025-06-29,1.0002750130398774,157534240466.23904,20696834496.64779,1.32,0.572521,1.0002750130398774,1.0002750130398774,1.0002750130398774,1.0002750130398774
tether,2025-06-30,1.000122333337896,157596199393.19992,19863440738.397785,1.32,0.572521,1.000122333337896,1.000122333337896,1.000122333337896,1.000122333337896
tether,2025-07-01,1.000208290221961,157725452770.4913,20353383599.230373,1.32,0.572521,1.000208290221961,1.000208290221961,1.000208290221961,1.000208290221961
tether,2025-07-02,1.0000827770589626,157728281420.36035,22462425575.86348,1.32,0.572521,1.0000827770589626,1.0000827770589626,1.0000827770589626,1.0000827770589626
tether,2025-07-03,1.0003296838512101,157879549490.15512,32822093682.630093,1.32,0.572521,1.0003296838512101,1.0003296838512101,1.0003296838512101,1.0003296838512101
tether,2025-07-04,1.0002529231468722,158312598178.93857,55037293095.63335,1.32,0.572521,1.0002529231468722,1.0002529231468722,1.0002529231468722,1.0002529231468722
tether,2025-07-05,1.0002100728429393,158456545511.90213,45905467447.91458,1.32,0.572521,1.0002100728429393,1.0002100728429393,1.0002100728429393,1.0002100728429393
tether,2025-07-06,1.000160308294955,158621120525.43677,21363798497.26789,1.32,0.572521,1.000160308294955,1.000160308294955,1.000160308294955,1.000160308294955
tether,2025-07-07,1.000049609924067,158634407829.99646,33459920612.822254,1.32,0.572521,1.000049609924067,1.000049609924067,1.000049609924067,1.000049609924067
tether,2025-07-08,1.0000093156866026,158583008856.6118,43334208233.4862,1.32,0.572521,1.0000093156866026,1.0000093156866026,1.0000093156866026,1.0000093156866026
tether,2025-07-09,1.0001143731514475,158677174828.34338,42451541482.49418,1.32,0.572521,1.0001143731514475,1.0001143731514475,1.0001143731514475,1.0001143731514475
tether,2025-07-10,1.0002437201767664,158706387150.6509,68355446017.87931,1.32,0.572521,1.0002437201767664,1.0002437201767664,1.0002437201767664,1.0002437201767664
tether,2025-07-11,1.000020355197814,158789684206.1827,114846099986.63416,1.32,0.572521,1.000020355197814,1.000020355197814,1.000020355197814,1.000020355197814
tether,2025-07-12,1.0002379276948352,159124450417.99405,153584146074.8535,1.32,0.572521,1.0002379276948352,1.0002379276948352,1.0002379276948352,1.0002379276948352
tether,2025-07-13,1.0002185609712217,159432153628.75653,69384835675.40242,1.32,0.572521,1.0002185609712217,1.0002185609712217,1.0002185609712217,1.0002185609712217
tether,2025-07-14,1.0002981074921349,159532935861.2492,69263802471.60252,1.32,0.572521,1.0002981074921349,1.0002981074921349,1.0002981074921349,1.0002981074921349
tether,2025-07-15,1.0001190394259274,159549816472.643,141978688323.2895,1.32,0.572521,1.0001190394259274,1.0001190394259274,1.0001190394259274,1.0001190394259274
tether,2025-07-16,1.0000324475220275,159888845413.1027,149463090112.59375,1.32,0.572521,1.0000324475220275,1.0000324475220275,1.0000324475220275,1.0000324475220275
tether,2025-07-17,1.000413034018476,160046475251.48993,143833462682.69345,1.32,0.572521,1.000413034018476,1.000413034018476,1.000413034018476,1.000413034018476
tether,2025-07-18,1.0005948487774843,160355259560.11707,148567430193.41876,1.32,0.572521,1.0005948487774843,1.0005948487774843,1.0005948487774843,1.0005948487774843
tether,2025-07-19,1.0005121935682277,160901686887.3535,191607486449.62137,1.32,0.572521,1.0005121935682277,1.0005121935682277,1.0005121935682277,1.0005121935682277
tether,2025-07-20,1.000442922095366,161623516431.03748,83058286264.84108,1.32,0.572521,1.000442922095366,1.000442922095366,1.000442922095366,1.000442922095366
tether,2025-07-21,1.0003982951451216,161657924155.92453,132247224256.08635,1.32,0.572521,1.0003982951451216,1.0003982951451216,1.0003982951451216,1.0003982951451216
tether,2025-07-22,1.0003253410311788,161714313907.55716,157654552439.70813,1.32,0.572521,1.0003253410311788,1.0003253410311788,1.0003253410311788,1.0003253410311788
tether,2025-07-23,1.0003683807421098,161998859726.48193,169171585822.89502,1.32,0.572521,1.0003683807421098,1.0003683807421098,1.0003683807421098,1.0003683807421098
tether,2025-07-24,1.0003665884315096,162001064184.97644,148083396501.16238,1.32,0.572521,1.0003665884315096,1.0003665884315096,1.0003665884315096,1.0003665884315096
tether,2025-07-25,1.000405404581935,162581045547.76492,144988143184.0504,1.32,0.572521,1.000405404581935,1.000405404581935,1.000405404581935,1.000405404581935
tether,2025-07-26,1.00001857339078,163050890399.23785,173452728613.7006,1.32,0.572521,1.00001857339078,1.00001857339078,1.00001857339078,1.00001857339078
tether,2025-07-27,1.0002304819882168,163335949202.88684,68417639774.29207,1.32,0.572521,1.0002304819882168,1.0002304819882168,1.0002304819882168,1.0002304819882168
tether,2025-07-28,1.0002490520064742,163611552679.87692,78004032163.90776,1.32,0.572521,1.0002490520064742,1.0002490520064742,1.0002490520064742,1.0002490520064742
tether,2025-07-29,0.9999392300020177,163590746762.937,107685318862.10614,1.32,0.572521,0.9999392300020177,0.9999392300020177,0.9999392300020177,0.9999392300020177
tether,2025-07-30,0.9997850775942497,163622824216.23938,91479930019.17,1.32,0.572521,0.9997850775942497,0.9997850775942497,0.9997850775942497,0.9997850775942497
tether,2025-07-31,0.9999018266880995,163743255734.61145,88603882374.11038,1.32,0.572521,0.9999018266880995,0.9999018266880995,0.9999018266880995,0.9999018266880995
tether,2025-08-01,0.9998539683378429,163726923788.97968,87296445569.92133,1.32,0.572521,0.9998539683378429,0.9998539683378429,0.9998539683378429,0.9998539683378429
tether,2025-08-02,0.9995568348474042,163828186245.7113,118591430910.2776,1.32,0.572521,0.9995568348474042,0.9995568348474042,0.9995568348474042,0.9995568348474042
tether,2025-08-03,0.9997523208388738,163859964337.55692,68663182357.183716,1.32,0.572521,0.9997523208388738,0.9997523208388738,0.9997523208388738,0.9997523208388738
tether,2025-08-04,1.0000266512366076,163898336148.0803,53740436415.015396,1.32,0.572521,1.0000266512366076,1.0000266512366076,1.0000266512366076,1.0000266512366076
tether,2025-08-05,0.9999181073304267,163892973829.06534,70469500029.58426,1.32,0.572521,0.9999181073304267,0.9999181073304267,0.9999181073304267,0.9999181073304267
tether,2025-08-06,0.9999170725091329,163881457760.11612,72886493030.21014,1.32,0.572521,0.9999170725091329,0.9999170725091329,0.9999170725091329,0.9999170725091329
tether,2025-08-07,1.0001797713784089,163849751258.64297,61739486448.437065,1.32,0.572521,1.0001797713784089,1.0001797713784089,1.0001797713784089,1.0001797713784089
tether,2025-08-08,1.0001389419384314,164062882581.09888,81280526670.10367,1.32,0.572521,1.0001389419384314,1.0001389419384314,1.0001389419384314,1.0001389419384314
tether,2025-08-09,1.000030992245778,164348036577.36246,85135943524.34077,1.32,0.572521,1.000030992245778,1.000030992245778,1.000030992245778,1.000030992245778
tether,2025-08-10,1.000168794164386,164510960910.42734,75896934724.78142,1.32,0.572521,1.000168794164386,1.000168794164386,1.000168794164386,1.000168794164386
tether,2025-08-11,1.0000602590857817,164514579394.95172,77280856718.19548,1.32,0.572521,1.0000602590857817,1.0000602590857817,1.0000602590857817,1.0000602590857817
tether,2025-08-12,0.9999829869476258,164531428220.9301,114150601504.14378,1.32,0.572521,0.9999829869476258,0.9999829869476258,0.9999829869476258,0.9999829869476258
tether,2025-08-13,0.9997296050669174,164582366980.36435,109742961906.89711,1.32,0.572521,0.9997296050669174,0.9997296050669174,0.9997296050669174,0.9997296050669174
tether,2025-08-14,1.0002440820198915,165067250309.70636,138224640229.69952,1.32,0.572521,1.0002440820198915,1.0002440820198915,1.0002440820198915,1.0002440820198915
tether,2025-08-15,1.0006696117747134,165136555130.99542,159491341399.24634,1.32,0.572521,1.0006696117747134,1.0006696117747134,1.0006696117747134,1.0006696117747134
tether,2025-08-16,1.0006533939618045,165965167893.58472,114652990786.05931,1.32,0.572521,1.0006533939618045,1.0006533939618045,1.0006533939618045,1.0006533939618045
tether,2025-08-17,1.0005920553104726,166492984191.68777,62503156014.74853,1.32,0.572521,1.0005920553104726,1.0005920553104726,1.0005920553104726,1.0005920553104726
tether,2025-08-18,1.0006410132241819,166762498064.89728,61957697486.42189,1.32,0.572521,1.0006410132241819,1.0006410132241819,1.0006410132241819,1.0006410132241819
tether,2025-08-19,1.000442851117242,166805473910.4239,101225227953.01988,1.32,0.572521,1.000442851117242,1.000442851117242,1.000442851117242,1.000442851117242
tether,2025-08-20,0.9998945359369547,167025249464.9712,98286596936.19408,1.32,0.572521,0.9998945359369547,0.9998945359369547,0.9998945359369547,0.9998945359369547
tether,2025-08-21,1.0000788444692659,167022764187.69885,96954023787.20813,1.32,0.572521,1.0000788444692659,1.0000788444692659,1.0000788444692659,1.0000788444692659
tether,2025-08-22,0.9997761693543452,167022463443.8843,78272330217.08852,1.32,0.572521,0.9997761693543452,0.9997761693543452,0.9997761693543452,0.9997761693543452
tether,2025-08-23,0.9996892446667663,167015858355.2277,126157629801.86548,1.32,0.572521,0.9996892446667663,0.9996892446667663,0.9996892446667663,0.9996892446667663
tether,2025-08-24,0.9996401483071974,167091079556.32883,69928172793.50339,1.32,0.572521,0.9996401483071974,0.9996401483071974,0.9996401483071974,0.9996401483071974
tether,2025-08-25,0.9999390681762844,167139162109.3019,99806094843.98724,1.32,0.572521,0.9999390681762844,0.9999390681762844,0.9999390681762844,0.9999390681762844
tether,2025-08-26,1.00018714745014,167189640747.67313,119833587772.86423,1.32,0.572521,1.00018714745014,1.00018714745014,1.00018714745014,1.00018714745014
tether,2025-08-27,1.0001891801825256,167227656284.75525,98368948461.83917,1.32,0.572521,1.0001891801825256,1.0001891801825256,1.0001891801825256,1.0001891801825256
tether,2025-08-28,1.000105476419362,167227040389.9868,83538531090.9803,1.32,0.572521,1.000105476419362,1.000105476419362,1.000105476419362,1.000105476419362
tether,2025-08-29,1.00011769867452,167350893321.808,77369522108.30402,1.32,0.572521,1.00011769867452,1.00011769867452,1.00011769867452,1.00011769867452
tether,2025-08-30,1.0002180919460786,167393291686.28262,104920903319.70706,1.32,0.572521,1.0002180919460786,1.0002180919460786,1.0002180919460786,1.0002180919460786
tether,2025-08-31,1.0002107070247845,167623030177.18237,56781278758.8427,1.32,0.572521,1.0002107070247845,1.0002107070247845,1.0002107070247845,1.0002107070247845
tether,2025-09-01,1.0001597516639043,168033937030.53226,57126568879.48764,1.32,0.572521,1.0001597516639043,1.0001597516639043,1.0001597516639043,1.0001597516639043
tether,2025-09-02,1.0000806360780041,168042730226.59213,88805771399.66347,1.32,0.572521,1.0000806360780041,1.0000806360780041,1.0000806360780041,1.0000806360780041
tether,2025-09-03,1.00001687329654,168030536519.75308,94104589755.07726,1.32,0.572521,1.00001687329654,1.00001687329654,1.00001687329654,1.00001687329654
tether,2025-09-04,1.0003823316647011,168208879799.11713,76381886130.61108,1.32,0.572521,1.0003823316647011,1.0003823316647011,1.0003823316647011,1.0003823316647011
tether,2025-09-05,1.0001348551398812,168341103332.74863,75766253739.92482,1.32,0.572521,1.0001348551398812,1.0001348551398812,1.0001348551398812,1.0001348551398812
tether,2025-09-06,1.0001833753079745,168571448655.179,103695540884.86519,1.32,0.572521,1.0001833753079745,1.0001833753079745,1.0001833753079745,1.0001833753079745
tether,2025-09-07,1.0003779524697336,168935354719.06802,43329859427.7727,1.32,0.572521,1.0003779524697336,1.0003779524697336,1.0003779524697336,1.0003779524697336
tether,2025-09-08,1.0000219843383196,168873494952.15576,48320733179.754005,1.32,0.572521,1.0000219843383196,1.0000219843383196,1.0000219843383196,1.0000219843383196
tether,2025-09-09,1.0000579293134815,168888299256.7979,84283713111.35646,1.32,0.572521,1.0000579293134815,1.0000579293134815,1.0000579293134815,1.0000579293134815
tether,2025-09-10,1.000053656224186,168935638241.06598,95250777611.70592,1.32,0.572521,1.000053656224186,1.000053656224186,1.000053656224186,1.000053656224186
tether,2025-09-11,1.0002971138909202,169143657795.09875,101759458620.28375,1.32,0.572521,1.0002971138909202,1.0002971138909202,1.0002971138909202,1.0002971138909202
tether,2025-09-12,1.000373133913673,169443595938.2991,91500378009.79524,1.32,0.572521,1.000373133913673,1.000373133913673,1.000373133913673,1.000373133913673
tether,2025-09-13,1.0006552383716873,169647322430.77823,111497269289.56252,1.32,0.572521,1.0006552383716873,1.0006552383716873,1.0006552383716873,1.0006552383716873
tether,2025-09-14,1.0005703979160467,170091547144.3486,86880299474.69229,1.32,0.572521,1.0005703979160467,1.0005703979160467,1.0005703979160467,1.0005703979160467
tether,2025-09-15,1.0006522223972127,170336524837.73416,76054169961.9356,1.32,0.572521,1.0006522223972127,1.0006522223972127,1.0006522223972127,1.0006522223972127
tether,2025-09-16,1.000306655432184,170303334835.32635,103670423181.58035,1.32,0.572521,1.000306655432184,1.000306655432184,1.000306655432184,1.000306655432184
tether,2025-09-17,1.00030329934126,170858172815.05698,84436394460.38292,1.32,0.572521,1.00030329934126,1.00030329934126,1.00030329934126,1.00030329934126
tether,2025-09-18,1.0003279335572053,171006848211.07492,119529070116.79543,1.32,0.572521,1.0003279335572053,1.0003279335572053,1.0003279335572053,1.0003279335572053
tether,2025-09-19,1.000345821394593,171181401557.2812,106457828470.55296,1.32,0.572521,1.000345821394593,1.000345821394593,1.000345821394593,1.000345821394593
tether,2025-09-20,1.0004389455936578,171519427516.86133,79141715035.97394,1.32,0.572521,1.0004389455936578,1.0004389455936578,1.0004389455936578,1.0004389455936578
tether,2025-09-21,1.0004519233234754,171511067457.4239,49251555128.32031,1.32,0.572521,1.0004519233234754,1.0004519233234754,1.0004519233234754,1.0004519233234754
tether,2025-09-22,1.0003996998579925,172005777812.51822,54129364583.56237,1.32,0.572521,1.0003996998579925,1.0003996998579925,1.0003996998579925,1.0003996998579925
tether,2025-09-23,1.0008149369072938,172157397166.50168,148634323158.67914,1.32,0.572521,1.0008149369072938,1.0008149369072938,1.0008149369072938,1.0008149369072938
tether,2025-09-24,1.00020622908386,172785885820.29865,95869166817.73633,1.32,0.572521,1.00020622908386,1.00020622908386,1.00020622908386,1.00020622908386
tether,2025-09-25,1.0003361332268497,173101417753.8346,95762394503.51546,1.32,0.572521,1.0003361332268497,1.0003361332268497,1.0003361332268497,1.0003361332268497
tether,2025-09-26,1.000460775694293,173523720973.87344,163110106015.57825,1.32,0.572521,1.000460775694293,1.000460775694293,1.000460775694293,1.000460775694293
tether,2025-09-27,1.0005543213798342,173535663991.02292,120743260575.62448,1.32,0.572521,1.0005543213798342,1.0005543213798342,1.0005543213798342,1.0005543213798342
tether,2025-09-28,1.0004491881555393,174270349818.45258,55504679755.477196,1.32,0.572521,1.0004491881555393,1.0004491881555393,1.0004491881555393,1.0004491881555393
tether,2025-09-29,1.0003198218515963,174425533712.1196,64362648294.292076,1.32,0.572521,1.0003198218515963,1.0003198218515963,1.0003198218515963,1.0003198218515963
tether,2025-09-30,1.0005010520102045,174459824720.40707,110848281968.85864,1.32,0.572521,1.0005010520102045,1.0005010520102045,1.0005010520102045,1.0005010520102045
tether,2025-10-01,1.000018673481624,174690086251.1323,107974277211.29546,1.32,0.572521,1.000018673481624,1.000018673481624,1.000018673481624,1.000018673481624
tether,2025-10-02,1.000462448524064,174999290965.29602,126649444428.33652,1.32,0.572521,1.000462448524064,1.000462448524064,1.000462448524064,1.000462448524064
tether,2025-10-03,1.000503503415681,175816608503.01376,132814083206.65411,1.32,0.572521,1.000503503415681,1.000503503415681,1.000503503415681,1.000503503415681
tether,2025-10-04,1.000544000815825,176335566592.27377,144021464366.8455,1.32,0.572521,1.000544000815825,1.000544000815825,1.000544000815825,1.000544000815825
tether,2025-10-05,1.0003463641728818,176304224855.29468,69602186345.0929,1.32,0.572521,1.0003463641728818,1.0003463641728818,1.0003463641728818,1.0003463641728818
tether,2025-10-06,1.0002063425022278,177067514950.84668,124763565289.9581,1.32,0.572521,1.0002063425022278,1.0002063425022278,1.0002063425022278,1.0002063425022278
tether,2025-10-07,1.0003194654260557,177079964922.25107,128594901776.85402,1.32,0.572521,1.0003194654260557,1.0003194654260557,1.0003194654260557,1.0003194654260557
tether,2025-10-08,1.0003888166736086,177494668064.36362,150850717465.07776,1.32,0.572521,1.0003888166736086,1.0003888166736086,1.0003888166736086,1.0003888166736086
tether,2025-10-09,1.000223743804291,177950841608.52524,121359317225.57214,1.32,0.572521,1.000223743804291,1.000223743804291,1.000223743804291,1.000223743804291
tether,2025-10-10,1.0005326353908706,178429389762.36295,133400288766.12158,1.32,0.572521,1.0005326353908706,1.0005326353908706,1.0005326353908706,1.0005326353908706
tether,2025-10-11,1.0016980114477425,178990649162.2722,279475066021.1879,1.32,0.572521,1.0016980114477425,1.0016980114477425,1.0016980114477425,1.0016980114477425
tether,2025-10-12,1.0015910950619138,179446718177.73962,205134164704.39996,1.32,0.572521,1.0015910950619138,1.0015910950619138,1.0015910950619138,1.0015910950619138
tether,2025-10-13,1.0012064340426674,180012440570.36078,177587154697.41925,1.32,0.572521,1.0012064340426674,1.0012064340426674,1.0012064340426674,1.0012064340426674
tether,2025-10-14,1.0010448156599423,179968076038.43332,149634545636.9953,1.32,0.572521,1.0010448156599423,1.0010448156599423,1.0010448156599423,1.0010448156599423
tether,2025-10-15,1.0006630390150077,180724457715.88098,176816134209.65115,1.32,0.572521,1.0006630390150077,1.0006630390150077,1.0006630390150077,1.0006630390150077
tether,2025-10-16,1.000749398195703,180746576093.0095,131003332173.70793,1.32,0.572521,1.000749398195703,1.000749398195703,1.000749398195703,1.000749398195703
tether,2025-10-17,1.0004468221463727,181409776329.57938,143390171600.74045,1.32,0.572521,1.0004468221463727,1.0004468221463727,1.0004468221463727,1.0004468221463727
tether,2025-10-18,1.0007447500452409,181690604096.15802,162438382521.76486,1.32,0.572521,1.0007447500452409,1.0007447500452409,1.0007447500452409,1.0007447500452409
tether,2025-10-19,1.0006155367215122,181974341826.86774,62934797558.515686,1.32,0.572521,1.0006155367215122,1.0006155367215122,1.0006155367215122,1.0006155367215122
tether,2025-10-20,1.0005786726425696,181983632002.44144,83425916868.07271,1.32,0.572521,1.0005786726425696,1.0005786726425696,1.0005786726425696,1.0005786726425696
tether,2025-10-21,1.0005209542728335,181966466928.96762,107350200563.21481,1.32,0.572521,1.0005209542728335,1.0005209542728335,1.0005209542728335,1.0005209542728335
tether,2025-10-22,1.0005377258321992,182056845390.38022,160898991239.56604,1.32,0.572521,1.0005377258321992,1.0005377258321992,1.0005377258321992,1.0005377258321992
tether,2025-10-23,1.0003537541872067,182479294245.7441,137107207457.52118,1.32,0.572521,1.0003537541872067,1.0003537541872067,1.0003537541872067,1.0003537541872067
tether,2025-10-24,1.0004373425122302,182583812791.9298,103527875181.33763,1.32,0.572521,1.0004373425122302,1.0004373425122302,1.0004373425122302,1.0004373425122302
tether,2025-10-25,1.0003988225109746,182964141441.5654,94038648940.65529,1.32,0.572521,1.0003988225109746,1.0003988225109746,1.0003988225109746,1.0003988225109746
tether,2025-10-26,1.0003768991286075,182955826348.95685,46161263064.822464,1.32,0.572521,1.0003768991286075,1.0003768991286075,1.0003768991286075,1.0003768991286075
tether,2025-10-27,1.000176020519839,183191897789.51465,77962639210.60797,1.32,0.572521,1.000176020519839,1.000176020519839,1.000176020519839,1.000176020519839
tether,2025-10-28,1.000152551518408,183199468540.68066,113410919524.75192,1.32,0.572521,1.000152551518408,1.000152551518408,1.000152551518408,1.000152551518408
tether,2025-10-29,1.0003256637366387,183287874389.86386,100531335121.82585,1.32,0.572521,1.0003256637366387,1.0003256637366387,1.0003256637366387,1.0003256637366387
tether,2025-10-30,1.0002963762458494,183390521235.13968,110663863414.66809,1.32,0.572521,1.0002963762458494,1.0002963762458494,1.0002963762458494,1.0002963762458494
tether,2025-10-31,1.0001451170906006,183366211111.34683,123921884666.86476,1.32,0.572521,1.0001451170906006,1.0001451170906006,1.0001451170906006,1.0001451170906006
tether,2025-11-01,0.9997613396310829,183355571992.56003,105575423962.98329,1.32,0.572521,0.9997613396310829,0.9997613396310829,0.9997613396310829,0.9997613396310829
tether,2025-11-02,0.9998818639567623,183434428104.09067,49432328261.811104,1.32,0.572521,0.9998818639567623,0.9998818639567623,0.9998818639567623,0.9998818639567623
tether,2025-11-03,1.000051051961886,183457006523.76016,62971225634.8545,1.32,0.572521,1.000051051961886,1.000051051961886,1.000051051961886,1.000051051961886
tether,2025-11-04,0.999930831555092,183437646536.87018,142633878975.20038,1.32,0.572521,0.999930831555092,0.999930831555092,0.999930831555092,0.999930831555092
tether,2025-11-05,1.0000184561644159,183420827853.5468,205448238546.24353,1.32,0.572521,1.0000184561644159,1.0000184561644159,1.0000184561644159,1.0000184561644159
tether,2025-11-06,1.0000622627090339,183473350319.9698,138051404931.50647,1.32,0.572521,1.0000622627090339,1.0000622627090339,1.0000622627090339,1.0000622627090339
tether,2025-11-07,0.9996022127140984,183373529053.05545,107895342681.54776,1.32,0.572521,0.9996022127140984,0.9996022127140984,0.9996022127140984,0.9996022127140984
tether,2025-11-08,0.9997038898335675,183390255204.8163,135551252531.91801,1.32,0.572521,0.9997038898335675,0.9997038898335675,0.9997038898335675,0.9997038898335675
tether,2025-11-09,0.9998054172250922,183418028030.36932,72384206478.84206,1.32,0.572521,0.9998054172250922,0.9998054172250922,0.9998054172250922,0.9998054172250922
tether,2025-11-10,0.9997484395404648,183426322660.04382,79213818683.01474,1.32,0.572521,0.9997484395404648,0.9997484395404648,0.9997484395404648,0.9997484395404648
tether,2025-11-11,0.9996030715147917,183465216167.62888,119081414296.63548,1.32,0.572521,0.9996030715147917,0.9996030715147917,0.9996030715147917,0.9996030715147917
tether,2025-11-12,0.999349317395904,183429112491.61316,110949210288.90015,1.32,0.572521,0.999349317395904,0.999349317395904,0.999349317395904,0.999349317395904
tether,2025-11-13,0.9998130307164758,184005021987.05792,99091452974.56438,1.32,0.572521,0.9998130307164758,0.9998130307164758,0.9998130307164758,0.9998130307164758
tether,2025-11-14,0.9993618044307863,183904959047.3268,139574503757.3405,1.32,0.572521,0.9993618044307863,0.9993618044307863,0.9993618044307863,0.9993618044307863
tether,2025-11-15,0.999680959130411,183909651707.65637,152509213595.10242,1.32,0.572521,0.999680959130411,0.999680959130411,0.999680959130411,0.999680959130411
tether,2025-11-16,0.9996246101770074,183963683697.83734,67821753541.56786,1.32,0.572521,0.9996246101770074,0.9996246101770074,0.9996246101770074,0.9996246101770074
tether,2025-11-17,0.9993190329462049,183926036215.10297,100303317657.71997,1.32,0.572521,0.9993190329462049,0.9993190329462049,0.9993190329462049,0.9993190329462049
tether,2025-11-18,0.9989341251832764,183853937016.8522,135917954775.0746,1.32,0.572521,0.9989341251832764,0.9989341251832764,0.9989341251832764,0.9989341251832764
tether,2025-11-19,0.99953538731093,183762763572.12384,136521665982.94324,1.32,0.572521,0.99953538731093,0.99953538731093,0.99953538731093,0.99953538731093
tether,2025-11-20,0.9991356314216548,183700071934.62238,121350416161.70515,1.32,0.572521,0.9991356314216548,0.9991356314216548,0.9991356314216548,0.9991356314216548
tether,2025-11-21,0.9989084510154201,184591758908.99014,138465674221.43167,1.32,0.572521,0.9989084510154201,0.9989084510154201,0.9989084510154201,0.9989084510154201
tether,2025-11-22,0.9995667612223625,184703894075.64175,189549861517.7301,1.32,0.572521,0.9995667612223625,0.9995667612223625,0.9995667612223625,0.9995667612223625
tether,2025-11-23,0.9996011360900307,184513624922.39407,63276982532.545456,1.32,0.572521,0.9996011360900307,0.9996011360900307,0.9996011360900307,0.9996011360900307
tether,2025-11-24,0.9997980455482303,184450064025.40848,77662847110.05278,1.32,0.572521,0.9997980455482303,0.9997980455482303,0.9997980455482303,0.9997980455482303
tether,2025-11-25,0.9998949863637528,184364174120.28717,103262171537.31999,1.32,0.572521,0.9998949863637528,0.9998949863637528,0.9998949863637528,0.9998949863637528
tether,2025-11-26,0.999717867932697,184483146090.68137,85680707122.5856,1.32,0.572521,0.999717867932697,0.999717867932697,0.999717867932697,0.999717867932697
tether,2025-11-27,0.9999518408386144,184558481141.5772,86435973006.76012,1.32,0.572521,0.9999518408386144,0.9999518408386144,0.9999518408386144,0.9999518408386144
tether,2025-11-28,0.9999991140026167,184564207381.05972,69981151341.5508,1.32,0.572521,0.9999991140026167,0.9999991140026167,0.9999991140026167,0.9999991140026167
tether,2025-11-29,1.0002318385773636,184659967249.50595,77165794087.94505,1.32,0.572521,1.0002318385773636,1.0002318385773636,1.0002318385773636,1.0002318385773636
tether,2025-11-30,1.000340907895428,184678012913.09058,42510835725.815926,1.32,0.572521,1.000340907895428,1.000340907895428,1.000340907895428,1.000340907895428
tether,2025-12-01,1.000181306641648,184642693214.2226,45160456914.51956,1.32,0.572521,1.000181306641648,1.000181306641648,1.000181306641648,1.000181306641648
tether,2025-12-02,1.0000558497195582,184606686821.1453,122182851898.5309,1.32,0.572521,1.0000558497195582,1.0000558497195582,1.0000558497195582,1.0000558497195582
tether,2025-12-03,1.000344051827248,184651818638.35516,101913638310.9986,1.32,0.572521,1.000344051827248,1.000344051827248,1.000344051827248,1.000344051827248
tether,2025-12-04,1.0002864445960538,185357034454.79858,103033371455.1763,1.32,0.572521,1.0002864445960538,1.0002864445960538,1.0002864445960538,1.0002864445960538
tether,2025-12-05,1.0001821287427555,185551970438.9393,85519158858.88292,1.32,0.572521,1.0001821287427555,1.0001821287427555,1.0001821287427555,1.0001821287427555
tether,2025-12-06,1.0002399211259376,185563081663.07333,84015422667.15088,1.32,0.572521,1.0002399211259376,1.0002399211259376,1.0002399211259376,1.0002399211259376
tether,2025-12-07,1.000291790862194,185686266932.78265,42476879922.86799,1.32,0.572521,1.000291790862194,1.000291790862194,1.000291790862194,1.000291790862194
tether,2025-12-08,1.0002475315778305,185692880290.29166,60832294215.65805,1.32,0.572521,1.0002475315778305,1.0002475315778305,1.0002475315778305,1.0002475315778305
tether,2025-12-09,1.0001107474548456,185671906870.26855,75983504514.19458,1.32,0.572521,1.0001107474548456,1.0001107474548456,1.0001107474548456,1.0001107474548456
tether,2025-12-10,1.0000848799868705,185738221203.8327,95702532297.38177,1.32,0.572521,1.0000848799868705,1.0000848799868705,1.0000848799868705,1.0000848799868705
tether,2025-12-11,1.0002070681900972,186094769376.64676,91106330675.57954,1.32,0.572521,1.0002070681900972,1.0002070681900972,1.0002070681900972,1.0002070681900972
tether,2025-12-12,1.0001945938187802,186188230590.29712,89364012069.9975,1.32,0.572521,1.0001945938187802,1.0001945938187802,1.0001945938187802,1.0001945938187802
tether,2025-12-13,1.0001854863063484,186249151423.14764,73918349484.2336,1.32,0.572521,1.0001854863063484,1.0001854863063484,1.0001854863063484,1.0001854863063484
tether,2025-12-14,1.0001605788660395,186242557114.83234,35732096405.86298,1.32,0.572521,1.0001605788660395,1.0001605788660395,1.0001605788660395,1.0001605788660395
tether,2025-12-15,1.0001851020212924,186286668583.92514,47712400261.303276,1.32,0.572521,1.0001851020212924,1.0001851020212924,1.0001851020212924,1.0001851020212924
tether,2025-12-16,1.0000863047726964,186264086469.99362,85059458354.67023,1.32,0.572521,1.0000863047726964,1.0000863047726964,1.0000863047726964,1.0000863047726964
tether,2025-12-17,0.9998948723968891,186312032469.20587,75049961527.40997,1.32,0.572521,0.9998948723968891,0.9998948723968891,0.9998948723968891,0.9998948723968891
tether,2025-12-18,0.9997999195444268,186282760329.77426,80611458052.1778,1.32,0.572521,0.9997999195444268,0.9997999195444268,0.9997999195444268,0.9997999195444268
tether,2025-12-19,0.9996105362032618,186202092308.7985,95134314336.35738,1.32,0.572521,0.9996105362032618,0.9996105362032618,0.9996105362032618,0.9996105362032618
tether,2025-12-20,0.999472033793072,186226677116.68268,91150829881.20825,1.32,0.572521,0.999472033793072,0.999472033793072,0.999472033793072,0.999472033793072
tether,2025-12-21,0.9997314653663346,186773632481.95554,34590081396.89725,1.32,0.572521,0.9997314653663346,0.9997314653663346,0.9997314653663346,0.9997314653663346
tether,2025-12-22,0.9997879164137358,186787106692.936,45641455300.06808,1.32,0.572521,0.9997879164137358,0.9997879164137358,0.9997879164137358,0.9997879164137358
tether,2025-12-23,0.9995442858829462,186810914380.77274,71784659231.81429,1.32,0.572521,0.9995442858829462,0.9995442858829462,0.9995442858829462,0.9995442858829462
tether,2025-12-24,0.9994863410961572,186827189365.3243,66051422413.00261,1.32,0.572521,0.9994863410961572,0.9994863410961572,0.9994863410961572,0.9994863410961572
tether,2025-12-25,0.9995187050751727,186793465675.51428,50761157299.53775,1.32,0.572521,0.9995187050751727,0.9995187050751727,0.9995187050751727,0.9995187050751727
tether,2025-12-26,0.9995192930170843,186791970834.21866,40940993604.97576,1.32,0.572521,0.9995192930170843,0.9995192930170843,0.9995192930170843,0.9995192930170843
tether,2025-12-27,0.9993672322965341,186755060290.9574,72507830611.07948,1.32,0.572521,0.9993672322965341,0.9993672322965341,0.9993672322965341,0.9993672322965341
tether,2025-12-28,0.9994697292631358,186731617227.19147,30522091661.66237,1.32,0.572521,0.9994697292631358,0.9994697292631358,0.9994697292631358,0.9994697292631358
tether,2025-12-29,0.999388470477294,186710944191.7638,33317609992.60835,1.32,0.572521,0.999388470477294,0.999388470477294,0.999388470477294,0.999388470477294
tether,2025-12-30,0.9989163153615535,186622402821.9425,88703335227.37904,1.32,0.572521,0.9989163153615535,0.9989163153615535,0.9989163153615535,0.9989163153615535
tether,2025-12-31,0.9990185260447324,187154085276.56702,64303596361.28416,1.32,0.572521,0.9990185260447324,0.9990185260447324,0.9990185260447324,0.9990185260447324
tether,2026-01-01,0.9986627246946019,187087814456.25006,58195534932.68826,1.32,0.572521,0.9986627246946019,0.9986627246946019,0.9986627246946019,0.9986627246946019
tether,2026-01-02,0.9988679818488146,186881197640.76086,38796750130.60788,1.32,0.572521,0.9988679818488146,0.9988679818488146,0.9988679818488146,0.9988679818488146
tether,2026-01-03,0.9995983333094133,187028151245.34985,84896094861.56871,1.32,0.572521,0.9995983333094133,0.9995983333094133,0.9995983333094133,0.9995983333094133
tether,2026-01-04,0.9996521246231304,187040826581.55585,43570444760.81319,1.32,0.572521,0.9996521246231304,0.9996521246231304,0.9996521246231304,0.9996521246231304
tether,2026-01-05,0.9996105685061611,187033604127.80338,55665679286.62911,1.32,0.572521,0.9996105685061611,0.9996105685061611,0.9996105685061611,0.9996105685061611
tether,2026-01-06,0.9999633560368231,187103572836.6614,97503170556.34671,1.32,0.572521,0.9999633560368231,0.9999633560368231,0.9999633560368231,0.9999633560368231
tether,2026-01-07,0.9996615466659723,187031955233.17282,97348627248.51791,1.32,0.572521,0.9996615466659723,0.9996615466659723,0.9996615466659723,0.9996615466659723
tether,2026-01-08,0.9991211966174102,186930057326.40845,76599025681.85664,1.32,0.572521,0.9991211966174102,0.9991211966174102,0.9991211966174102,0.9991211966174102
tether,2026-01-09,0.9991569593828226,186936759077.0123,81418055589.22401,1.32,0.572521,0.9991569593828226,0.9991569593828226,0.9991569593828226,0.9991569593828226
tether,2026-01-10,0.9987276753488908,186820832482.81674,69870018031.91983,1.32,0.572521,0.9987276753488908,0.9987276753488908,0.9987276753488908,0.9987276753488908
tether,2026-01-11,0.9987499416269449,186725420234.34818,27310550606.11372,1.32,0.572521,0.9987499416269449,0.9987499416269449,0.9987499416269449,0.9987499416269449
tether,2026-01-12,0.9986722833366012,186718468708.03577,37516035910.16294,1.32,0.572521,0.9986722833366012,0.9986722833366012,0.9986722833366012,0.9986722833366012
tether,2026-01-13,0.9989061546969549,186728266708.03033,77633032582.94763,1.32,0.572521,0.9989061546969549,0.9989061546969549,0.9989061546969549,0.9989061546969549
tether,2026-01-14,0.999590698812193,186771850333.70477,112822936860.87506,1.32,0.572521,0.999590698812193,0.999590698812193,0.999590698812193,0.999590698812193
tether,2026-01-15,0.9999649191311663,186839106905.32626,114986874859.14427,1.32,0.572521,0.9999649191311663,0.9999649191311663,0.9999649191311663,0.9999649191311663
tether,2026-01-16,0.999724541665556,186815349657.5701,95314831838.92538,1.32,0.572521,0.999724541665556,0.999724541665556,0.999724541665556,0.999724541665556
tether,2026-01-17,0.9996022336202626,186794505781.4522,63178465505.46336,1.32,0.572521,0.9996022336202626,0.9996022336202626,0.9996022336202626,0.9996022336202626
tether,2026-01-18,0.9996410363945221,186801806868.7753,34834442229.398125,1.32,0.572521,0.9996410363945221,0.9996410363945221,0.9996410363945221,0.9996410363945221
tether,2026-01-19,0.9996290977580051,186927369421.50107,43599302760.16334,1.32,0.572521,0.9996290977580051,0.9996290977580051,0.9996290977580051,0.9996290977580051
tether,2026-01-20,0.9993594339116765,186887286830.97342,83849478556.23157,1.32,0.572521,0.9993594339116765,0.9993594339116765,0.9993594339116765,0.9993594339116765
tether,2026-01-21,0.9988487030723944,186799503247.3594,102038312956.73915,1.32,0.572521,0.9988487030723944,0.9988487030723944,0.9988487030723944,0.9988487030723944
tether,2026-01-22,0.9991305081309328,186851423145.38486,104100686930.54706,1.32,0.572521,0.9991305081309328,0.9991305081309328,0.9991305081309328,0.9991305081309328
tether,2026-01-23,0.9990496724620155,186739115367.89322,69173932354.83276,1.32,0.572521,0.9990496724620155,0.9990496724620155,0.9990496724620155,0.9990496724620155
tether,2026-01-24,0.998778892989168,186674668629.3653,79841823919.22955,1.32,0.572521,0.998778892989168,0.998778892989168,0.998778892989168,0.998778892989168
tether,2026-01-25,0.9985569101355587,186632218279.99,33890724944.09197,1.32,0.572521,0.9985569101355587,0.9985569101355587,0.9985569101355587,0.9985569101355587
tether,2026-01-26,0.9989948541177421,186711872137.79523,70494476531.28986,1.32,0.572521,0.9989948541177421,0.9989948541177421,0.9989948541177421,0.9989948541177421
tether,2026-01-27,0.9989547535101524,186340326833.81772,87520840598.42317,1.32,0.572521,0.9989547535101524,0.9989547535101524,0.9989547535101524,0.9989547535101524
tether,2026-01-28,0.9986909091346773,186293602721.5445,79385703990.4636,1.32,0.572521,0.9986909091346773,0.9986909091346773,0.9986909091346773,0.9986909091346773
tether,2026-01-29,0.9985417486852866,186055690577.93094,76045210813.41638,1.32,0.572521,0.9985417486852866,0.9985417486852866,0.9985417486852866,0.9985417486852866
tether,2026-01-30,0.9984872795552621,185567893600.27087,113819694748.00395,1.32,0.572521,0.9984872795552621,0.9984872795552621,0.9984872795552621,0.9984872795552621
tether,2026-01-31,0.9985230477227056,185572421338.23502,130418475376.86609,1.32,0.572521,0.9985230477227056,0.9985230477227056,0.9985230477227056,0.9985230477227056
tether,2026-02-01,0.9989497615329074,185172123360.56732,138806979003.95142,1.32,0.572521,0.9989497615329074,0.9989497615329074,0.9989497615329074,0.9989497615329074
tether,2026-02-02,0.9989392888486452,185167207996.4271,104926752392.82854,1.32,0.572521,0.9989392888486452,0.9989392888486452,0.9989392888486452,0.9989392888486452
tether,2026-02-03,0.9992001010087601,185204055264.10693,144943793846.22897,1.32,0.572521,0.9992001010087601,0.9992001010087601,0.9992001010087601,0.9992001010087601
tether,2026-02-04,0.9987167613016705,185108966305.29825,129977544965.83496,1.32,0.572521,0.9987167613016705,0.9987167613016705,0.9987167613016705,0.9987167613016705
binancecoin,2025-02-06,569.5181048818762,83082022023.37912,556111377.5272002,,,569.5181048818762,569.5181048818762,569.5181048818762,569.5181048818762
binancecoin,2025-02-07,572.2112608064776,83497390989.30359,1003761062.9034272,,,572.2112608064776,572.2112608064776,572.2112608064776,572.2112608064776
binancecoin,2025-02-08,578.4992668082035,84302974182.76198,751278489.7213545,,,578.4992668082035,578.4992668082035,578.4992668082035,578.4992668082035
binancecoin,2025-02-09,614.7094865407944,89820272510.32805,1358173748.3343918,,,614.7094865407944,614.7094865407944,614.7094865407944,614.7094865407944
binancecoin,2025-02-10,617.2838550746773,90013323288.5319,2076025506.140306,,,617.2838550746773,617.2838550746773,617.2838550746773,617.2838550746773
binancecoin,2025-02-11,617.6277634766806,90114142311.63878,1096743740.0190518,,,617.6277634766806,617.6277634766806,617.6277634766806,617.6277634766806
binancecoin,2025-02-12,643.374116169739,93939983216.01009,1475014557.293302,,,643.374116169739,643.374116169739,643.374116169739,643.374116169739
binancecoin,2025-02-13,698.0715219546765,101731781963.3888,2445455388.7791457,,,698.0715219546765,698.0715219546765,698.0715219546765,698.0715219546765
binancecoin,2025-02-14,669.9136528267184,97747388932.23825,5053346125.769553,,,669.9136528267184,669.9136528267184,669.9136528267184,669.9136528267184
binancecoin,2025-02-15,657.410706012491,95866947744.54869,1867614110.4038906,,,657.410706012491,657.410706012491,657.410706012491,657.410706012491
binancecoin,2025-02-16,661.9679162628277,96571702672.32254,881770346.0843449,,,661.9679162628277,661.9679162628277,661.9679162628277,661.9679162628277
binancecoin,2025-02-17,674.7322746333247,98458814653.06976,1123867609.0805159,,,674.7322746333247,674.7322746333247,674.7322746333247,674.7322746333247
binancecoin,2025-02-18,667.1818129347955,97344824704.82521,1031577914.4441284,,,667.1818129347955,667.1818129347955,667.1818129347955,667.1818129347955
binancecoin,2025-02-19,647.7337603591404,94430513841.10081,1157962160.3139865,,,647.7337603591404,647.7337603591404,647.7337603591404,647.7337603591404
binancecoin,2025-02-20,651.2699602601128,94979391300.60149,1067124436.0837575,,,651.2699602601128,651.2699602601128,651.2699602601128,651.2699602601128
binancecoin,2025-02-21,657.2357183731672,95917140961.6615,772069784.8547369,,,657.2357183731672,657.2357183731672,657.2357183731672,657.2357183731672
binancecoin,2025-02-22,646.8031724730836,94395544760.06454,1040952078.1494442,,,646.8031724730836,646.8031724730836,646.8031724730836,646.8031724730836
binancecoin,2025-02-23,668.785472644957,97566157422.2611,988420626.34554,,,668.785472644957,668.785472644957,668.785472644957,668.785472644957
binancecoin,2025-02-24,658.3040708334223,96034671976.4126,587694368.3681146,,,658.3040708334223,658.3040708334223,658.3040708334223,658.3040708334223
binancecoin,2025-02-25,611.6538008061765,89277366666.72943,1152541876.7735782,,,611.6538008061765,611.6538008061765,611.6538008061765,611.6538008061765
binancecoin,2025-02-26,623.430675278815,90971486245.88162,1861620239.3557467,,,623.430675278815,623.430675278815,623.430675278815,623.430675278815
binancecoin,2025-02-27,610.3578616799338,89068804316.15977,1423760323.6156917,,,610.3578616799338,610.3578616799338,610.3578616799338,610.3578616799338
binancecoin,2025-02-28,605.3106534011248,88306095591.59663,1086874190.5112782,,,605.3106534011248,605.3106534011248,605.3106534011248,605.3106534011248
binancecoin,2025-03-01,587.5469266891337,85736602497.7621,1527513660.3334212,,,587.5469266891337,587.5469266891337,587.5469266891337,587.5469266891337
binancecoin,2025-03-02,608.2885669828928,88705889575.59413,887615511.0007088,,,608.2885669828928,608.2885669828928,608.2885669828928,608.2885669828928
binancecoin,2025-03-03,623.6422270366194,90933571455.36255,1393848651.9408092,,,623.6422270366194,623.6422270366194,623.6422270366194,623.6422270366194
binancecoin,2025-03-04,574.3332822956445,84131864548.38559,1502671244.0216174,,,574.3332822956445,574.3332822956445,574.3332822956445,574.3332822956445
binancecoin,2025-03-05,583.1532087181396,85076550479.04813,1296685222.7007513,,,583.1532087181396,583.1532087181396,583.1532087181396,583.1532087181396
binancecoin,2025-03-06,597.848549405523,87308885656.99092,565172537.3879949,,,597.848549405523,597.848549405523,597.848549405523,597.848549405523
binancecoin,2025-03-07,595.9383138170398,86832048702.56416,840033139.4891893,,,595.9383138170398,595.9383138170398,595.9383138170398,595.9383138170398
binancecoin,2025-03-08,594.5528006856207,86659310630.1766,1083021829.4095507,,,594.5528006856207,594.5528006856207,594.5528006856207,594.5528006856207
binancecoin,2025-03-09,593.0806975943264,86509066986.42744,508781353.37374705,,,593.0806975943264,593.0806975943264,593.0806975943264,593.0806975943264
binancecoin,2025-03-10,554.7300039388367,80974945856.31647,794891836.6676661,,,554.7300039388367,554.7300039388367,554.7300039388367,554.7300039388367
binancecoin,2025-03-11,532.5658810549988,77810899001.84778,1255231824.3279812,,,532.5658810549988,532.5658810549988,532.5658810549988,532.5658810549988
binancecoin,2025-03-12,552.6254279577566,80603285400.19487,1939270866.6758046,,,552.6254279577566,552.6254279577566,552.6254279577566,552.6254279577566
binancecoin,2025-03-13,570.7207702766447,83256051196.22205,1114489699.9605951,,,570.7207702766447,570.7207702766447,570.7207702766447,570.7207702766447
binancecoin,2025-03-14,578.7156213732173,84399190443.91924,1833466480.3402658,,,578.7156213732173,578.7156213732173,578.7156213732173,578.7156213732173
binancecoin,2025-03-15,586.9702499764328,85730468316.92902,845308240.2144562,,,586.9702499764328,586.9702499764328,586.9702499764328,586.9702499764328
binancecoin,2025-03-16,618.7666348359702,90268773244.99307,1045507701.2295176,,,618.7666348359702,618.7666348359702,618.7666348359702,618.7666348359702
binancecoin,2025-03-17,602.0153495286127,87819548553.47964,880757968.1631225,,,602.0153495286127,602.0153495286127,602.0153495286127,602.0153495286127
binancecoin,2025-03-18,630.4469540119447,91954116491.6022,1734384510.2764878,,,630.4469540119447,630.4469540119447,630.4469540119447,630.4469540119447
binancecoin,2025-03-19,628.6214098323479,91696541649.83894,1414095284.5413725,,,628.6214098323479,628.6214098323479,628.6214098323479,628.6214098323479
binancecoin,2025-03-20,619.5659214134856,90364999173.09402,1246749969.9429092,,,619.5659214134856,619.5659214134856,619.5659214134856,619.5659214134856
binancecoin,2025-03-21,630.2183910262637,91957238403.44215,1638896624.4903812,,,630.2183910262637,630.2183910262637,630.2183910262637,630.2183910262637
binancecoin,2025-03-22,634.6156759206938,92640272190.49388,871273243.0492871,,,634.6156759206938,634.6156759206938,634.6156759206938,634.6156759206938
binancecoin,2025-03-23,626.1359464582463,91351828211.81653,510080185.6961636,,,626.1359464582463,626.1359464582463,626.1359464582463,626.1359464582463
binancecoin,2025-03-24,622.808568853935,90921593695.69312,565395555.6061037,,,622.808568853935,622.808568853935,622.808568853935,622.808568853935
binancecoin,2025-03-25,635.8154787603806,92702831421.47064,1016201346.675068,,,635.8154787603806,635.8154787603806,635.8154787603806,635.8154787603806
binancecoin,2025-03-26,630.3112214019164,91918340830.73216,1571079283.2041454,,,630.3112214019164,630.3112214019164,630.3112214019164,630.3112214019164
binancecoin,2025-03-27,617.8855000907927,90121720551.83417,753910960.6847237,,,617.8855000907927,617.8855000907927,617.8855000907927,617.8855000907927
binancecoin,2025-03-28,637.6132125269871,92990457407.1628,2057147067.1925929,,,637.6132125269871,637.6132125269871,637.6132125269871,637.6132125269871
binancecoin,2025-03-29,619.5224559274657,90341522666.95381,1035501259.6012462,,,619.5224559274657,619.5224559274657,619.5224559274657,619.5224559274657
binancecoin,2025-03-30,604.0434442333641,88123077876.96681,842143967.4297414,,,604.0434442333641,604.0434442333641,604.0434442333641,604.0434442333641
binancecoin,2025-03-31,601.4706478405623,87655671715.34909,627788963.5666428,,,601.4706478405623,601.4706478405623,601.4706478405623,601.4706478405623
binancecoin,2025-04-01,605.503011770793,88218822647.64365,971533504.8477681,,,605.503011770793,605.503011770793,605.503011770793,605.503011770793
binancecoin,2025-04-02,611.0283776490112,89132994185.99815,1657684601.5836525,,,611.0283776490112,611.0283776490112,611.0283776490112,611.0283776490112
binancecoin,2025-04-03,589.8692678191657,86046492690.24649,1345311302.234874,,,589.8692678191657,589.8692678191657,589.8692678191657,589.8692678191657
binancecoin,2025-04-04,592.4642522121785,86580201225.941,1425802222.9961252,,,592.4642522121785,592.4642522121785,592.4642522121785,592.4642522121785
binancecoin,2025-04-05,597.7592047746326,87234618486.61526,757406570.5501016,,,597.7592047746326,597.7592047746326,597.7592047746326,597.7592047746326
binancecoin,2025-04-06,594.0888077893536,86605127909.8959,352847322.8179597,,,594.0888077893536,594.0888077893536,594.0888077893536,594.0888077893536
binancecoin,2025-04-07,554.4379559214581,81006289896.18011,768924462.5165749,,,554.4379559214581,554.4379559214581,554.4379559214581,554.4379559214581
binancecoin,2025-04-08,554.1601019762941,81084351069.20807,2333452106.558698,,,554.1601019762941,554.1601019762941,554.1601019762941,554.1601019762941
binancecoin,2025-04-09,553.3962669418149,80712379865.58907,932386850.4083754,,,553.3962669418149,553.3962669418149,553.3962669418149,553.3962669418149
binancecoin,2025-04-10,582.2597810033054,84960740244.96309,1253107793.6282017,,,582.2597810033054,582.2597810033054,582.2597810033054,582.2597810033054
binancecoin,2025-04-11,577.2921769307156,84164602180.58417,1043288449.4822325,,,577.2921769307156,577.2921769307156,577.2921769307156,577.2921769307156
binancecoin,2025-04-12,586.1297244063287,85506066263.66911,590735620.7426767,,,586.1297244063287,586.1297244063287,586.1297244063287,586.1297244063287
binancecoin,2025-04-13,596.9496743252538,87089917417.03128,481290566.3951808,,,596.9496743252538,596.9496743252538,596.9496743252538,596.9496743252538
binancecoin,2025-04-14,583.6441112439634,85134836117.92719,492926645.23925036,,,583.6441112439634,583.6441112439634,583.6441112439634,583.6441112439634
binancecoin,2025-04-15,584.5130373558429,85271616957.73573,530197263.3245282,,,584.5130373558429,584.5130373558429,584.5130373558429,584.5130373558429
binancecoin,2025-04-16,579.7117342988385,84605501761.13997,431419209.1282797,,,579.7117342988385,579.7117342988385,579.7117342988385,579.7117342988385
binancecoin,2025-04-17,582.9884895445316,85049370657.6528,590793445.4085172,,,582.9884895445316,582.9884895445316,582.9884895445316,582.9884895445316
binancecoin,2025-04-18,590.1449424870344,86081949800.71457,523349165.51611936,,,590.1449424870344,590.1449424870344,590.1449424870344,590.1449424870344
binancecoin,2025-04-19,591.7558249048697,86330575658.80789,560183796.0745611,,,591.7558249048697,591.7558249048697,591.7558249048697,591.7558249048697
binancecoin,2025-04-20,592.1191922418601,86381923216.81198,359734262.96070373,,,592.1191922418601,592.1191922418601,592.1191922418601,592.1191922418601
binancecoin,2025-04-21,592.9015532596577,86496970287.17703,427574407.8731377,,,592.9015532596577,592.9015532596577,592.9015532596577,592.9015532596577
binancecoin,2025-04-22,596.742721454172,87021203902.98009,608725679.9225554,,,596.742721454172,596.742721454172,596.742721454172,596.742721454172
binancecoin,2025-04-23,617.6497009116878,90107417553.42468,924934985.74546,,,617.6497009116878,617.6497009116878,617.6497009116878,617.6497009116878
binancecoin,2025-04-24,606.1742820090113,88439293572.85298,1089223877.3345106,,,606.1742820090113,606.1742820090113,606.1742820090113,606.1742820090113
binancecoin,2025-04-25,602.1970676660677,87859769311.30173,775858994.180891,,,602.1970676660677,602.1970676660677,602.1970676660677,602.1970676660677
binancecoin,2025-04-26,600.1913883958081,87558071175.70674,941984394.0665632,,,600.1913883958081,600.1913883958081,600.1913883958081,600.1913883958081
binancecoin,2025-04-27,607.8085377229048,88667686776.55707,632964213.2153282,,,607.8085377229048,607.8085377229048,607.8085377229048,607.8085377229048
binancecoin,2025-04-28,603.5371460135477,88050307610.3246,548378967.0336518,,,603.5371460135477,603.5371460135477,603.5371460135477,603.5371460135477
binancecoin,2025-04-29,606.1285517158251,88463722939.12578,532276423.2081352,,,606.1285517158251,606.1285517158251,606.1285517158251,606.1285517158251
binancecoin,2025-04-30,600.5889575399475,87546780933.0503,779335060.0841132,,,600.5889575399475,600.5889575399475,600.5889575399475,600.5889575399475
binancecoin,2025-05-01,599.6302002732988,87499897859.30899,717769059.8961756,,,599.6302002732988,599.6302002732988,599.6302002732988,599.6302002732988
binancecoin,2025-05-02,599.5796914410877,87470023825.68498,586779850.2435153,,,599.5796914410877,599.5796914410877,599.5796914410877,599.5796914410877
binancecoin,2025-05-03,601.3244678537958,87726526469.18716,609320858.6024743,,,601.3244678537958,601.3244678537958,601.3244678537958,601.3244678537958
binancecoin,2025-05-04,599.2468842902798,87420518611.57309,383958586.52879804,,,599.2468842902798,599.2468842902798,599.2468842902798,599.2468842902798
binancecoin,2025-05-05,585.8899216562841,85450932663.94621,541509182.9932485,,,585.8899216562841,585.8899216562841,585.8899216562841,585.8899216562841
binancecoin,2025-05-06,597.9661578698278,87237859436.31647,712215748.698297,,,597.9661578698278,597.9661578698278,597.9661578698278,597.9661578698278
binancecoin,2025-05-07,603.0175211984405,87972764326.53542,821085162.8042526,,,603.0175211984405,603.0175211984405,603.0175211984405,603.0175211984405
binancecoin,2025-05-08,603.144369158166,87977963458.44826,717897444.1413444,,,603.144369158166,603.144369158166,603.144369158166,603.144369158166
binancecoin,2025-05-09,628.2798237375861,91592064513.423,1315286906.535402,,,628.2798237375861,628.2798237375861,628.2798237375861,628.2798237375861
binancecoin,2025-05-10,666.6606824091106,97261112461.87195,1717143713.0552378,,,666.6606824091106,666.6606824091106,666.6606824091106,666.6606824091106
binancecoin,2025-05-11,662.3379085253329,96607586360.37282,1549618220.9985394,,,662.3379085253329,662.3379085253329,662.3379085253329,662.3379085253329
binancecoin,2025-05-12,650.8664613901699,94954778272.58717,1186159482.5022006,,,650.8664613901699,650.8664613901699,650.8664613901699,650.8664613901699
binancecoin,2025-05-13,660.9533536861077,96431520974.64899,1968342045.487355,,,660.9533536861077,660.9533536861077,660.9533536861077,660.9533536861077
binancecoin,2025-05-14,666.2402578411695,97186035699.10747,1513422041.332075,,,666.2402578411695,666.2402578411695,666.2402578411695,666.2402578411695
binancecoin,2025-05-15,651.6490150180347,95059799661.72646,1223304236.5479276,,,651.6490150180347,651.6490150180347,651.6490150180347,651.6490150180347
binancecoin,2025-05-16,651.1362648113163,94940045438.48773,1206761924.2527664,,,651.1362648113163,651.1362648113163,651.1362648113163,651.1362648113163
binancecoin,2025-05-17,647.3412018782846,94455033828.49246,900231018.9448881,,,647.3412018782846,647.3412018782846,647.3412018782846,647.3412018782846
binancecoin,2025-05-18,639.5979769763185,93330577215.08232,679492837.9963502,,,639.5979769763185,639.5979769763185,639.5979769763185,639.5979769763185
binancecoin,2025-05-19,649.3806686821907,94612727897.71045,835970956.2085127,,,649.3806686821907,649.3806686821907,649.3806686821907,649.3806686821907
binancecoin,2025-05-20,651.0389804540937,94981431402.74107,825481514.59589,,,651.0389804540937,651.0389804540937,651.0389804540937,651.0389804540937
binancecoin,2025-05-21,650.951301036078,94965618935.81247,763647929.5303316,,,650.951301036078,650.951301036078,650.951301036078,650.951301036078
binancecoin,2025-05-22,674.7138326551593,98432365398.04092,1565136776.7436197,,,674.7138326551593,674.7138326551593,674.7138326551593,674.7138326551593
binancecoin,2025-05-23,686.0302393255067,100085321215.1117,1382711893.5086522,,,686.0302393255067,686.0302393255067,686.0302393255067,686.0302393255067
binancecoin,2025-05-24,655.3681110510369,95613306965.6267,1217926335.781693,,,655.3681110510369,655.3681110510369,655.3681110510369,655.3681110510369
binancecoin,2025-05-25,667.9647953294073,97476274852.89873,693430871.7905037,,,667.9647953294073,667.9647953294073,667.9647953294073,667.9647953294073
binancecoin,2025-05-26,670.0121393931087,97751564279.60323,768619050.9190482,,,670.0121393931087,670.0121393931087,670.0121393931087,670.0121393931087
binancecoin,2025-05-27,673.7837605333261,98296679430.87682,666132639.4545316,,,673.7837605333261,673.7837605333261,673.7837605333261,673.7837605333261
binancecoin,2025-05-28,687.4363026293119,100298731784.84161,1078653384.123821,,,687.4363026293119,687.4363026293119,687.4363026293119,687.4363026293119
binancecoin,2025-05-29,687.631059296252,100335504950.89148,824780509.8660014,,,687.631059296252,687.631059296252,687.631059296252,687.631059296252
binancecoin,2025-05-30,675.4110812815895,98510865071.53929,995474417.0429969,,,675.4110812815895,675.4110812815895,675.4110812815895,675.4110812815895
binancecoin,2025-05-31,656.2031380761879,95726822897.51685,923659967.2299035,,,656.2031380761879,656.2031380761879,656.2031380761879,656.2031380761879
binancecoin,2025-06-01,658.5726942750157,96080182534.47751,589938636.7962121,,,658.5726942750157,658.5726942750157,658.5726942750157,658.5726942750157
binancecoin,2025-06-02,661.3452261434389,96509769841.11876,513744446.15491945,,,661.3452261434389,661.3452261434389,661.3452261434389,661.3452261434389
binancecoin,2025-06-03,666.0561104906627,97164288190.66109,550346321.1131796,,,666.0561104906627,666.0561104906627,666.0561104906627,666.0561104906627
binancecoin,2025-06-04,661.17332497159,96448470573.61153,717080413.430261,,,661.17332497159,661.17332497159,661.17332497159,661.17332497159
binancecoin,2025-06-05,663.70338541173,96818655325.17992,585654885.1918986,,,663.70338541173,663.70338541173,663.70338541173,663.70338541173
binancecoin,2025-06-06,634.1479715861758,92528733228.30528,1050942219.4544812,,,634.1479715861758,634.1479715861758,634.1479715861758,634.1479715861758
binancecoin,2025-06-07,643.7566841456504,93918845142.08775,828491539.5454317,,,643.7566841456504,643.7566841456504,643.7566841456504,643.7566841456504
binancecoin,2025-06-08,650.7937997932994,94946550697.756,464282809.21614456,,,650.7937997932994,650.7937997932994,650.7937997932994,650.7937997932994
binancecoin,2025-06-09,652.274428548494,95162483374.16092,277471527.06296444,,,652.274428548494,652.274428548494,652.274428548494,652.274428548494
binancecoin,2025-06-10,666.3374143222443,97228659760.41823,720838499.864964,,,666.3374143222443,666.3374143222443,666.3374143222443,666.3374143222443
binancecoin,2025-06-11,673.4760595844963,98246414096.53857,915030301.0453427,,,673.4760595844963,673.4760595844963,673.4760595844963,673.4760595844963
binancecoin,2025-06-12,667.7388930109494,97396778654.55505,926482996.0464325,,,667.7388930109494,667.7388930109494,667.7388930109494,667.7388930109494
binancecoin,2025-06-13,656.4804964003403,95779026195.60716,833602957.1016513,,,656.4804964003403,656.4804964003403,656.4804964003403,656.4804964003403
binancecoin,2025-06-14,654.9095462616511,95536361449.31184,1091022440.7624466,,,654.9095462616511,654.9095462616511,654.9095462616511,654.9095462616511
binancecoin,2025-06-15,645.8086677048335,94233719227.42334,465113546.69991523,,,645.8086677048335,645.8086677048335,645.8086677048335,645.8086677048335
binancecoin,2025-06-16,648.2042600997396,94569766054.11093,342983199.2537816,,,648.2042600997396,648.2042600997396,648.2042600997396,648.2042600997396
binancecoin,2025-06-17,651.4813571171453,95211381338.87088,677081516.7980691,,,651.4813571171453,651.4813571171453,651.4813571171453,651.4813571171453
binancecoin,2025-06-18,648.799470473488,94651882459.78012,919084069.2175109,,,648.799470473488,648.799470473488,648.799470473488,648.799470473488
binancecoin,2025-06-19,643.7728727892951,93914603189.19572,805534251.3963257,,,643.7728727892951,643.7728727892951,643.7728727892951,643.7728727892951
binancecoin,2025-06-20,644.3626647131019,94038287566.09367,530108876.6028053,,,644.3626647131019,644.3626647131019,644.3626647131019,644.3626647131019
binancecoin,2025-06-21,641.4660754156638,93579216011.8553,566416175.4191926,,,641.4660754156638,641.4660754156638,641.4660754156638,641.4660754156638
binancecoin,2025-06-22,626.5687672231079,91275068281.2763,506048055.8076519,,,626.5687672231079,626.5687672231079,626.5687672231079,626.5687672231079
binancecoin,2025-06-23,615.9200839908369,89858565946.78096,1152325722.5588028,,,615.9200839908369,615.9200839908369,615.9200839908369,615.9200839908369
binancecoin,2025-06-24,640.2543180324582,93384461253.8329,1018106255.6202904,,,640.2543180324582,640.2543180324582,640.2543180324582,640.2543180324582
binancecoin,2025-06-25,643.4133640920619,93854693466.93323,541068316.461594,,,643.4133640920619,643.4133640920619,643.4133640920619,643.4133640920619
binancecoin,2025-06-26,645.8665732235779,94213865677.2479,827204901.7289867,,,645.8665732235779,645.8665732235779,645.8665732235779,645.8665732235779
binancecoin,2025-06-27,642.4572030728536,93722988687.98412,624553271.4953628,,,642.4572030728536,642.4572030728536,642.4572030728536,642.4572030728536
binancecoin,2025-06-28,645.9995550778237,94241465985.32014,506712411.6691133,,,645.9995550778237,645.9995550778237,645.9995550778237,645.9995550778237
binancecoin,2025-06-29,648.766805209224,94647807214.77576,346225669.1301844,,,648.766805209224,648.766805209224,648.766805209224,648.766805209224
binancecoin,2025-06-30,655.0764136195659,95568417529.12051,422629715.33849674,,,655.0764136195659,655.0764136195659,655.0764136195659,655.0764136195659
binancecoin,2025-07-01,657.0109566115938,95851253503.23659,695153815.9147367,,,657.0109566115938,657.0109566115938,657.0109566115938,657.0109566115938
binancecoin,2025-07-02,646.1777891600059,94270479419.54607,581547247.9770566,,,646.1777891600059,646.1777891600059,646.1777891600059,646.1777891600059
binancecoin,2025-07-03,660.0254823640146,96288135477.05896,758146950.3828626,,,660.0254823640146,660.0254823640146,660.0254823640146,660.0254823640146
binancecoin,2025-07-04,663.0154690088326,96722558238.7678,713062571.7212918,,,663.0154690088326,663.0154690088326,663.0154690088326,663.0154690088326
binancecoin,2025-07-05,653.1616270479346,95281695660.61313,635866546.3146216,,,653.1616270479346,653.1616270479346,653.1616270479346,653.1616270479346
binancecoin,2025-07-06,655.9253698398683,95693799964.02425,367646275.07166517,,,655.9253698398683,655.9253698398683,655.9253698398683,655.9253698398683
binancecoin,2025-07-07,663.0185149322261,96725240650.71089,562060051.2427313,,,663.0185149322261,663.0185149322261,663.0185149322261,663.0185149322261
binancecoin,2025-07-08,661.2876967099644,96456273360.42487,646920102.0613401,,,661.2876967099644,661.2876967099644,661.2876967099644,661.2876967099644
binancecoin,2025-07-09,660.7042150664093,96371665854.3558,659569899.7140087,,,660.7042150664093,660.7042150664093,660.7042150664093,660.7042150664093
binancecoin,2025-07-10,669.2613994307441,97575907951.41354,641678068.1682327,,,669.2613994307441,669.2613994307441,669.2613994307441,669.2613994307441
binancecoin,2025-07-11,685.1054482111715,99945907459.49225,1137433259.720816,,,685.1054482111715,685.1054482111715,685.1054482111715,685.1054482111715
binancecoin,2025-07-12,689.8418420972016,100618288747.50497,1909585413.5492668,,,689.8418420972016,689.8418420972016,689.8418420972016,689.8418420972016
binancecoin,2025-07-13,685.4703165458919,100001602756.8841,1045215775.1037439,,,685.4703165458919,685.4703165458919,685.4703165458919,685.4703165458919
binancecoin,2025-07-14,692.0429275667424,100931809897.69768,827022284.8266991,,,692.0429275667424,692.0429275667424,692.0429275667424,692.0429275667424
binancecoin,2025-07-15,689.3152771073793,100564286673.74365,1871816396.541036,,,689.3152771073793,689.3152771073793,689.3152771073793,689.3152771073793
binancecoin,2025-07-16,689.863427315096,100743249710.19092,1508842031.6879208,,,689.863427315096,689.863427315096,689.863427315096,689.863427315096
binancecoin,2025-07-17,708.5580809732663,103380492819.6281,1723439341.1205275,,,708.5580809732663,708.5580809732663,708.5580809732663,708.5580809732663
binancecoin,2025-07-18,722.3981283678474,105397429062.45035,2159930031.483713,,,722.3981283678474,722.3981283678474,722.3981283678474,722.3981283678474
binancecoin,2025-07-19,729.5149107763856,106427658192.56117,3421946485.4001713,,,729.5149107763856,729.5149107763856,729.5149107763856,729.5149107763856
binancecoin,2025-07-20,732.9272514055848,106924979937.98863,1435654835.547203,,,732.9272514055848,732.9272514055848,732.9272514055848,732.9272514055848
binancecoin,2025-07-21,758.1392224608369,110586719333.9134,1798602738.0495224,,,758.1392224608369,758.1392224608369,758.1392224608369,758.1392224608369
binancecoin,2025-07-22,766.3958790528078,111807161492.59859,2452658270.4492984,,,766.3958790528078,766.3958790528078,766.3958790528078,766.3958790528078
binancecoin,2025-07-23,786.4807204757146,109558550761.51875,2644910595.3765583,,,786.4807204757146,786.4807204757146,786.4807204757146,786.4807204757146
binancecoin,2025-07-24,776.2226902262614,108115424622.89601,4430495787.544528,,,776.2226902262614,776.2226902262614,776.2226902262614,776.2226902262614
binancecoin,2025-07-25,771.2312622168195,107448286648.29321,2578577950.386883,,,771.2312622168195,771.2312622168195,771.2312622168195,771.2312622168195
binancecoin,2025-07-26,784.7856013546323,109286453608.45149,2074059703.484386,,,784.7856013546323,784.7856013546323,784.7856013546323,784.7856013546323
binancecoin,2025-07-27,794.2867236239222,110707645996.55731,892831867.5658532,,,794.2867236239222,794.2867236239222,794.2867236239222,794.2867236239222
binancecoin,2025-07-28,843.449638843771,117523608100.6293,2256704380.679607,,,843.449638843771,843.449638843771,843.449638843771,843.449638843771
binancecoin,2025-07-29,822.2765976915088,114557221095.58499,3011452631.6826835,,,822.2765976915088,822.2765976915088,822.2765976915088,822.2765976915088
binancecoin,2025-07-30,805.1438193193468,112111480479.16483,2130673065.5019739,,,805.1438193193468,805.1438193193468,805.1438193193468,805.1438193193468
binancecoin,2025-07-31,793.8734614175534,110456100095.04463,1929266771.61827,,,793.8734614175534,793.8734614175534,793.8734614175534,793.8734614175534
binancecoin,2025-08-01,783.0023910772859,109113907270.47136,1662327372.5984204,,,783.0023910772859,783.0023910772859,783.0023910772859,783.0023910772859
binancecoin,2025-08-02,756.4574114847068,105351071036.10793,2187208851.563726,,,756.4574114847068,756.4574114847068,756.4574114847068,756.4574114847068
binancecoin,2025-08-03,736.6587769385911,102623944857.20425,937931586.0430179,,,736.6587769385911,736.6587769385911,736.6587769385911,736.6587769385911
binancecoin,2025-08-04,751.4001548118117,104656102854.34668,843114690.7269527,,,751.4001548118117,751.4001548118117,751.4001548118117,751.4001548118117
binancecoin,2025-08-05,768.5544340737234,107042144700.86378,1043307913.1061739,,,768.5544340737234,768.5544340737234,768.5544340737234,768.5544340737234
binancecoin,2025-08-06,754.7878000846929,105138094773.98764,1003756388.5618858,,,754.7878000846929,754.7878000846929,754.7878000846929,754.7878000846929
binancecoin,2025-08-07,769.8555506826906,107234057462.7665,990264468.5504694,,,769.8555506826906,769.8555506826906,769.8555506826906,769.8555506826906
binancecoin,2025-08-08,787.1948285374559,109527291627.29677,1091813946.3690848,,,787.1948285374559,787.1948285374559,787.1948285374559,787.1948285374559
binancecoin,2025-08-09,793.1777287850201,110484679476.19675,1187794735.3928044,,,793.1777287850201,793.1777287850201,793.1777287850201,793.1777287850201
binancecoin,2025-08-10,799.1991047067497,111320129039.5831,1105210829.293122,,,799.1991047067497,799.1991047067497,799.1991047067497,799.1991047067497
binancecoin,2025-08-11,804.8956334719561,112048240703.83403,1056685905.2138219,,,804.8956334719561,804.8956334719561,804.8956334719561,804.8956334719561
binancecoin,2025-08-12,806.8312185132748,112362421491.65253,1821705477.5453286,,,806.8312185132748,806.8312185132748,806.8312185132748,806.8312185132748
binancecoin,2025-08-13,834.446637547768,116319266615.13809,1904274487.3355463,,,834.446637547768,834.446637547768,834.446637547768,834.446637547768
binancecoin,2025-08-14,849.5528663342336,118308158987.36308,2344964710.7509003,,,849.5528663342336,849.5528663342336,849.5528663342336,849.5528663342336
binancecoin,2025-08-15,842.2643191559952,117299381415.7054,3658447977.417383,,,842.2643191559952,842.2643191559952,842.2643191559952,842.2643191559952
binancecoin,2025-08-16,827.2916811192079,115243392455.31807,3425180338.790325,,,827.2916811192079,827.2916811192079,827.2916811192079,827.2916811192079
binancecoin,2025-08-17,839.0566611983465,116636178954.74178,1194989933.08169,,,839.0566611983465,839.0566611983465,839.0566611983465,839.0566611983465
binancecoin,2025-08-18,856.9424560582937,119370446719.06827,1237130937.218746,,,856.9424560582937,856.9424560582937,856.9424560582937,856.9424560582937
binancecoin,2025-08-19,848.2298792758197,118191079529.68217,1704077250.468268,,,848.2298792758197,848.2298792758197,848.2298792758197,848.2298792758197
binancecoin,2025-08-20,823.4566682430556,114695398769.23634,1577237801.835062,,,823.4566682430556,823.4566682430556,823.4566682430556,823.4566682430556
binancecoin,2025-08-21,870.0388548973078,121327396964.83464,2208912960.725439,,,870.0388548973078,870.0388548973078,870.0388548973078,870.0388548973078
binancecoin,2025-08-22,838.3671602294102,116703457347.89297,1808794551.8255882,,,838.3671602294102,838.3671602294102,838.3671602294102,838.3671602294102
binancecoin,2025-08-23,899.0447590707095,125228722775.30713,2403982643.652437,,,899.0447590707095,899.0447590707095,899.0447590707095,899.0447590707095
binancecoin,2025-08-24,880.2145462822662,122601551471.5355,1414960204.0565426,,,880.2145462822662,880.2145462822662,880.2145462822662,880.2145462822662
binancecoin,2025-08-25,876.0729413672346,122045654251.52823,1862920203.9639418,,,876.0729413672346,876.0729413672346,876.0729413672346,876.0729413672346
binancecoin,2025-08-26,840.2868104582814,117052413550.03337,1739476008.2601202,,,840.2868104582814,840.2868104582814,840.2868104582814,840.2868104582814
binancecoin,2025-08-27,864.1213024474413,120359854645.80617,1565511904.048617,,,864.1213024474413,864.1213024474413,864.1213024474413,864.1213024474413
binancecoin,2025-08-28,856.0552312979237,119223186511.82414,1274918054.4266574,,,856.0552312979237,856.0552312979237,856.0552312979237,856.0552312979237
binancecoin,2025-08-29,874.7487534677291,121754972275.09772,1665085112.0571768,,,874.7487534677291,874.7487534677291,874.7487534677291,874.7487534677291
binancecoin,2025-08-30,863.6575485254209,120215499930.77438,1531055975.6867678,,,863.6575485254209,863.6575485254209,863.6575485254209,863.6575485254209
binancecoin,2025-08-31,861.923469050824,119967599893.59285,732100562.508858,,,861.923469050824,861.923469050824,861.923469050824,861.923469050824
binancecoin,2025-09-01,857.819601972643,119395441256.787,721993472.2873288,,,857.819601972643,857.819601972643,857.819601972643,857.819601972643
binancecoin,2025-09-02,845.916487927506,117730905063.68185,1648305723.808358,,,845.916487927506,845.916487927506,845.916487927506,845.916487927506
binancecoin,2025-09-03,851.6937445280856,118533105628.61053,1322521810.3871567,,,851.6937445280856,851.6937445280856,851.6937445280856,851.6937445280856
binancecoin,2025-09-04,855.1110256828161,119019289721.41235,859226298.816796,,,855.1110256828161,855.1110256828161,855.1110256828161,855.1110256828161
binancecoin,2025-09-05,843.6735934362805,117468538515.54077,916745033.758285,,,843.6735934362805,843.6735934362805,843.6735934362805,843.6735934362805
binancecoin,2025-09-06,849.7184902459278,118277372904.95659,987362929.2356554,,,849.7184902459278,849.7184902459278,849.7184902459278,849.7184902459278
binancecoin,2025-09-07,861.6639369838142,120001345335.90672,841058634.1628499,,,861.6639369838142,861.6639369838142,861.6639369838142,861.6639369838142
binancecoin,2025-09-08,881.3845363246559,122834289041.01732,923155920.7210786,,,881.3845363246559,881.3845363246559,881.3845363246559,881.3845363246559
binancecoin,2025-09-09,878.2339242329539,122234712958.68347,1204256444.2143743,,,878.2339242329539,878.2339242329539,878.2339242329539,878.2339242329539
binancecoin,2025-09-10,879.833817211316,122413962295.55894,1062899360.6770087,,,879.833817211316,879.833817211316,879.833817211316,879.833817211316
binancecoin,2025-09-11,893.578793274879,124408078560.3618,1801977169.8109913,,,893.578793274879,893.578793274879,893.578793274879,893.578793274879
binancecoin,2025-09-12,902.876846974473,125610829851.88258,1258971255.576734,,,902.876846974473,902.876846974473,902.876846974473,902.876846974473
binancecoin,2025-09-13,925.1660418381477,128802515865.21457,1589605226.0339465,,,925.1660418381477,925.1660418381477,925.1660418381477,925.1660418381477
binancecoin,2025-09-14,933.8971704994946,129905114546.37772,1640112370.864308,,,933.8971704994946,933.8971704994946,933.8971704994946,933.8971704994946
binancecoin,2025-09-15,926.8412817390542,128929854315.27986,1263377077.0891886,,,926.8412817390542,926.8412817390542,926.8412817390542,926.8412817390542
binancecoin,2025-09-16,919.2250351484705,127942167402.54544,1372293507.033996,,,919.2250351484705,919.2250351484705,919.2250351484705,919.2250351484705
binancecoin,2025-09-17,955.3487499241552,132963284625.94852,1924151991.340504,,,955.3487499241552,955.3487499241552,955.3487499241552,955.3487499241552
binancecoin,2025-09-18,991.3973181432295,137968272147.62173,2455896970.1542788,,,991.3973181432295,991.3973181432295,991.3973181432295,991.3973181432295
binancecoin,2025-09-19,982.076570691383,136761037889.76804,2514178578.723519,,,982.076570691383,982.076570691383,982.076570691383,982.076570691383
binancecoin,2025-09-20,982.6879738189483,136677706976.03806,2194041676.02945,,,982.6879738189483,982.6879738189483,982.6879738189483,982.6879738189483
binancecoin,2025-09-21,1042.406078066426,145119356424.55237,2616933161.676639,,,1042.406078066426,1042.406078066426,1042.406078066426,1042.406078066426
binancecoin,2025-09-22,1048.5649851048527,145982985276.6282,3053430923.1205482,,,1048.5649851048527,1048.5649851048527,1048.5649851048527,1048.5649851048527
binancecoin,2025-09-23,992.3881905006706,138105394316.3322,3676969354.8492184,,,992.3881905006706,992.3881905006706,992.3881905006706,992.3881905006706
binancecoin,2025-09-24,1017.4645009307637,141632015383.78027,2922340144.9194756,,,1017.4645009307637,1017.4645009307637,1017.4645009307637,1017.4645009307637
binancecoin,2025-09-25,1018.067792712729,141670017336.2046,2488968495.0372467,,,1018.067792712729,1018.067792712729,1018.067792712729,1018.067792712729
binancecoin,2025-09-26,944.4003758447785,131563762651.00531,3413861577.3788505,,,944.4003758447785,944.4003758447785,944.4003758447785,944.4003758447785
binancecoin,2025-09-27,960.6805874196078,133586426744.2321,2464135246.7217975,,,960.6805874196078,960.6805874196078,960.6805874196078,960.6805874196078
binancecoin,2025-09-28,968.6806715896132,134835789879.10022,1580796543.5155156,,,968.6806715896132,968.6806715896132,968.6806715896132,968.6806715896132
binancecoin,2025-09-29,993.2079048442275,138219349626.7409,1062584120.7976861,,,993.2079048442275,993.2079048442275,993.2079048442275,993.2079048442275
binancecoin,2025-09-30,1030.030963111487,143304041034.04755,2136154304.7482347,,,1030.030963111487,1030.030963111487,1030.030963111487,1030.030963111487
binancecoin,2025-10-01,1008.9225311714104,140376471979.115,1848197871.390849,,,1008.9225311714104,1008.9225311714104,1008.9225311714104,1008.9225311714104
binancecoin,2025-10-02,1025.8187850123247,142809283859.25217,1942259015.308578,,,1025.8187850123247,1025.8187850123247,1025.8187850123247,1025.8187850123247
binancecoin,2025-10-03,1090.3115640663682,151723439463.9026,2670147496.089171,,,1090.3115640663682,1090.3115640663682,1090.3115640663682,1090.3115640663682
binancecoin,2025-10-04,1190.0540938314145,164926971828.80228,4899140228.342193,,,1190.0540938314145,1190.0540938314145,1190.0540938314145,1190.0540938314145
binancecoin,2025-10-05,1149.536376093483,160006780977.96976,1730597418.8329225,,,1149.536376093483,1149.536376093483,1149.536376093483,1149.536376093483
binancecoin,2025-10-06,1165.4778023162069,162064988745.73065,2435796155.3750944,,,1165.4778023162069,1165.4778023162069,1165.4778023162069,1165.4778023162069
binancecoin,2025-10-07,1224.574210222444,169960274835.35895,4284366311.1491776,,,1224.574210222444,1224.574210222444,1224.574210222444,1224.574210222444
binancecoin,2025-10-08,1311.712914691701,182467251280.33548,9739890116.464443,,,1311.712914691701,1311.712914691701,1311.712914691701,1311.712914691701
binancecoin,2025-10-09,1306.4812320510532,181269646560.23404,5632418876.319237,,,1306.4812320510532,1306.4812320510532,1306.4812320510532,1306.4812320510532
binancecoin,2025-10-10,1255.8786646242372,174774998279.26852,6718668117.932197,,,1255.8786646242372,1255.8786646242372,1255.8786646242372,1255.8786646242372
binancecoin,2025-10-11,1110.8141755974673,155757356924.0352,8685141976.344122,,,1110.8141755974673,1110.8141755974673,1110.8141755974673,1110.8141755974673
binancecoin,2025-10-12,1138.1246823442061,158484360795.37354,6948428633.056303,,,1138.1246823442061,1138.1246823442061,1138.1246823442061,1138.1246823442061
binancecoin,2025-10-13,1298.7908005975073,180775585852.16452,9048144207.208094,,,1298.7908005975073,1298.7908005975073,1298.7908005975073,1298.7908005975073
binancecoin,2025-10-14,1293.0722313476617,180018433779.75974,9460068400.641727,,,1293.0722313476617,1293.0722313476617,1293.0722313476617,1293.0722313476617
binancecoin,2025-10-15,1212.283351974494,168894485551.0376,8825438559.50392,,,1212.283351974494,1212.283351974494,1212.283351974494,1212.283351974494
binancecoin,2025-10-16,1161.734804798178,161921597426.4193,4682445531.806146,,,1161.734804798178,1161.734804798178,1161.734804798178,1161.734804798178
binancecoin,2025-10-17,1143.731369922843,159172508587.92465,4415901608.8116665,,,1143.731369922843,1143.731369922843,1143.731369922843,1143.731369922843
binancecoin,2025-10-18,1071.5486432574182,149337696969.78973,5491967100.574252,,,1071.5486432574182,1071.5486432574182,1071.5486432574182,1071.5486432574182
binancecoin,2025-10-19,1092.456873698318,152025648190.85864,2404645661.2866297,,,1092.456873698318,1092.456873698318,1092.456873698318,1092.456873698318
binancecoin,2025-10-20,1109.7463758132928,154383839123.48035,2451498835.8070607,,,1109.7463758132928,1109.7463758132928,1109.7463758132928,1109.7463758132928
binancecoin,2025-10-21,1100.594219041398,153232298626.44522,3059042679.759334,,,1100.594219041398,1100.594219041398,1100.594219041398,1100.594219041398
binancecoin,2025-10-22,1057.8502060144851,147151945156.75046,3312841993.6151514,,,1057.8502060144851,1057.8502060144851,1057.8502060144851,1057.8502060144851
binancecoin,2025-10-23,1071.3354220022431,149141843205.3591,2524047906.4061713,,,1071.3354220022431,1071.3354220022431,1071.3354220022431,1071.3354220022431
binancecoin,2025-10-24,1127.358071433892,156747943162.4117,4658465652.115295,,,1127.358071433892,1127.358071433892,1127.358071433892,1127.358071433892
binancecoin,2025-10-25,1109.178393744721,154356375659.02368,2264878475.243278,,,1109.178393744721,1109.178393744721,1109.178393744721,1109.178393744721
binancecoin,2025-10-26,1116.6415202338756,155309975825.18158,1179990839.9169848,,,1116.6415202338756,1116.6415202338756,1116.6415202338756,1116.6415202338756
binancecoin,2025-10-27,1136.879092448019,158403748858.5009,1658756855.7714329,,,1136.879092448019,1136.879092448019,1136.879092448019,1136.879092448019
binancecoin,2025-10-28,1140.4846092726004,157086987480.81543,3216378789.247939,,,1140.4846092726004,1140.4846092726004,1140.4846092726004,1140.4846092726004
binancecoin,2025-10-29,1103.595300080196,152007230183.57797,3071983545.353561,,,1103.595300080196,1103.595300080196,1103.595300080196,1103.595300080196
binancecoin,2025-10-30,1106.7871126244677,152329610306.33157,3099158245.6172895,,,1106.7871126244677,1106.7871126244677,1106.7871126244677,1106.7871126244677
binancecoin,2025-10-31,1078.7188521029816,148424523512.72137,3106355168.6806374,,,1078.7188521029816,1078.7188521029816,1078.7188521029816,1078.7188521029816
binancecoin,2025-11-01,1088.7331766998475,149946680357.30164,3113520722.1821284,,,1088.7331766998475,1088.7331766998475,1088.7331766998475,1088.7331766998475
binancecoin,2025-11-02,1094.4541628666802,150757802647.79373,1037807355.6051457,,,1094.4541628666802,1094.4541628666802,1094.4541628666802,1094.4541628666802
binancecoin,2025-11-03,1083.698416513334,149267110348.34732,1031503124.6500415,,,1083.698416513334,1083.698416513334,1083.698416513334,1083.698416513334
binancecoin,2025-11-04,992.195531851008,136616004230.74718,3894432183.7340875,,,992.195531851008,992.195531851008,992.195531851008,992.195531851008
binancecoin,2025-11-05,938.891751599157,129239032176.4543,4592001913.653611,,,938.891751599157,938.891751599157,938.891751599157,938.891751599157
binancecoin,2025-11-06,959.9701458776641,132180559948.4775,2676495284.5851297,,,959.9701458776641,959.9701458776641,959.9701458776641,959.9701458776641
binancecoin,2025-11-07,948.6793778409456,130609805281.72852,1960406697.5914152,,,948.6793778409456,948.6793778409456,948.6793778409456,948.6793778409456
binancecoin,2025-11-08,990.5899790534177,136429471727.4668,2698061350.925921,,,990.5899790534177,990.5899790534177,990.5899790534177,990.5899790534177
binancecoin,2025-11-09,989.8862403988059,136375700425.64316,1880988393.9904878,,,989.8862403988059,989.8862403988059,989.8862403988059,989.8862403988059
binancecoin,2025-11-10,996.308790029525,137204000714.66489,1718843151.6878853,,,996.308790029525,996.308790029525,996.308790029525,996.308790029525
binancecoin,2025-11-11,991.3653787289568,136571690893.45041,1834279454.1310785,,,991.3653787289568,991.3653787289568,991.3653787289568,991.3653787289568
binancecoin,2025-11-12,957.149279725558,131942389294.9387,1720439846.7132306,,,957.149279725558,957.149279725558,957.149279725558,957.149279725558
binancecoin,2025-11-13,952.9170115918621,131225068810.25166,1547574582.8027587,,,952.9170115918621,952.9170115918621,952.9170115918621,952.9170115918621
binancecoin,2025-11-14,927.1219876913323,128101915690.26227,2123958787.804254,,,927.1219876913323,927.1219876913323,927.1219876913323,927.1219876913323
binancecoin,2025-11-15,917.7022398201406,126684618872.11615,2858531583.3570466,,,917.7022398201406,917.7022398201406,917.7022398201406,917.7022398201406
binancecoin,2025-11-16,931.9743286141038,128395985006.65512,1205241688.99158,,,931.9743286141038,931.9743286141038,931.9743286141038,931.9743286141038
binancecoin,2025-11-17,928.5079796470696,127910791474.5547,1919661054.375172,,,928.5079796470696,928.5079796470696,928.5079796470696,928.5079796470696
binancecoin,2025-11-18,906.7197811831101,124779469987.77226,3283503372.7441425,,,906.7197811831101,906.7197811831101,906.7197811831101,906.7197811831101
binancecoin,2025-11-19,932.0597430569885,128319367620.55066,3005015188.212742,,,932.0597430569885,932.0597430569885,932.0597430569885,932.0597430569885
binancecoin,2025-11-20,894.7896141305321,123084876438.08083,2476207348.3480835,,,894.7896141305321,894.7896141305321,894.7896141305321,894.7896141305321
binancecoin,2025-11-21,866.7212975475668,119819812394.41757,2488925141.7757115,,,866.7212975475668,866.7212975475668,866.7212975475668,866.7212975475668
binancecoin,2025-11-22,831.1648478578168,114575535829.88885,4424065641.157903,,,831.1648478578168,831.1648478578168,831.1648478578168,831.1648478578168
binancecoin,2025-11-23,833.4782529297297,114798898990.60631,1537890915.9080956,,,833.4782529297297,833.4782529297297,833.4782529297297,833.4782529297297
binancecoin,2025-11-24,843.0327408998495,116123650605.58427,1306002441.4363518,,,843.0327408998495,843.0327408998495,843.0327408998495,843.0327408998495
binancecoin,2025-11-25,864.3540154398011,119205379505.13644,2065041400.9588752,,,864.3540154398011,864.3540154398011,864.3540154398011,864.3540154398011
binancecoin,2025-11-26,861.9171451304046,118789307110.17656,1496962340.5130074,,,861.9171451304046,861.9171451304046,861.9171451304046,861.9171451304046
binancecoin,2025-11-27,891.7232823713881,122716585447.73863,1449103064.2185059,,,891.7232823713881,891.7232823713881,891.7232823713881,891.7232823713881
binancecoin,2025-11-28,895.3979231885241,123327074303.01404,1318329005.593349,,,895.3979231885241,895.3979231885241,895.3979231885241,895.3979231885241
binancecoin,2025-11-29,887.5558493593282,122276150362.64653,1145367682.770756,,,887.5558493593282,887.5558493593282,887.5558493593282,887.5558493593282
binancecoin,2025-11-30,873.7626867754427,120348875955.46194,865485146.8078157,,,873.7626867754427,873.7626867754427,873.7626867754427,873.7626867754427
binancecoin,2025-12-01,877.7990241108373,120956146870.59618,934390096.0872817,,,877.7990241108373,877.7990241108373,877.7990241108373,877.7990241108373
binancecoin,2025-12-02,827.4880333310571,114076075213.18332,2564710118.0321436,,,827.4880333310571,827.4880333310571,827.4880333310571,827.4880333310571
binancecoin,2025-12-03,876.7469880502844,120778408196.91264,1999384470.0456862,,,876.7469880502844,876.7469880502844,876.7469880502844,876.7469880502844
binancecoin,2025-12-04,922.3452824680271,126961880148.0321,2062726216.677784,,,922.3452824680271,922.3452824680271,922.3452824680271,922.3452824680271
binancecoin,2025-12-05,900.2311130891073,123964878213.4654,1687004005.886419,,,900.2311130891073,900.2311130891073,900.2311130891073,900.2311130891073
binancecoin,2025-12-06,883.6707054897142,121783105712.06157,1528242896.5625634,,,883.6707054897142,883.6707054897142,883.6707054897142,883.6707054897142
binancecoin,2025-12-07,890.2442866831284,122621613741.7671,976591575.8687031,,,890.2442866831284,890.2442866831284,890.2442866831284,890.2442866831284
binancecoin,2025-12-08,892.8659344513236,122976657439.0781,1267574110.8170147,,,892.8659344513236,892.8659344513236,892.8659344513236,892.8659344513236
binancecoin,2025-12-09,897.4003709684328,123548439285.44443,1425833774.2488616,,,897.4003709684328,897.4003709684328,897.4003709684328,897.4003709684328
binancecoin,2025-12-10,899.4035882994448,123930434640.63074,1958799168.637301,,,899.4035882994448,899.4035882994448,899.4035882994448,899.4035882994448
binancecoin,2025-12-11,894.4021116794611,123298087220.88683,1842912394.8731253,,,894.4021116794611,894.4021116794611,894.4021116794611,894.4021116794611
binancecoin,2025-12-12,885.6320356392306,122104338797.89401,1658559102.7895744,,,885.6320356392306,885.6320356392306,885.6320356392306,885.6320356392306
binancecoin,2025-12-13,882.1612967807799,121523423088.54666,1215709823.9818652,,,882.1612967807799,882.1612967807799,882.1612967807799,882.1612967807799
binancecoin,2025-12-14,897.3110444563038,123599191597.31932,871174991.1034428,,,897.3110444563038,897.3110444563038,897.3110444563038,897.3110444563038
binancecoin,2025-12-15,878.3885175348196,120990117783.94084,1017448639.1154498,,,878.3885175348196,878.3885175348196,878.3885175348196,878.3885175348196
binancecoin,2025-12-16,858.4116623377057,118228345944.19202,1757948457.1941316,,,858.4116623377057,858.4116623377057,858.4116623377057,858.4116623377057
binancecoin,2025-12-17,874.6720838564994,120413955851.13254,1850367940.8959947,,,874.6720838564994,874.6720838564994,874.6720838564994,874.6720838564994
binancecoin,2025-12-18,842.7888780335543,116085576597.52141,2500106186.2544427,,,842.7888780335543,842.7888780335543,842.7888780335543,842.7888780335543
binancecoin,2025-12-19,829.1719378700606,114190662273.26158,2791384030.4837723,,,829.1719378700606,829.1719378700606,829.1719378700606,829.1719378700606
binancecoin,2025-12-20,855.957117266356,117897286655.7941,5670988452.811656,,,855.957117266356,855.957117266356,855.957117266356,855.957117266356
binancecoin,2025-12-21,853.5635263159346,117437335113.4627,717833507.1498009,,,853.5635263159346,853.5635263159346,853.5635263159346,853.5635263159346
binancecoin,2025-12-22,857.8618459584029,118184623023.09212,803727030.2155951,,,857.8618459584029,857.8618459584029,857.8618459584029,857.8618459584029
binancecoin,2025-12-23,858.018474136862,118177942903.11252,1315641870.276173,,,858.018474136862,858.018474136862,858.018474136862,858.018474136862
binancecoin,2025-12-24,843.9156558740143,116259698516.2158,995532572.4121732,,,843.9156558740143,843.9156558740143,843.9156558740143,843.9156558740143
binancecoin,2025-12-25,846.6127954902438,116609355166.84311,848705458.5824474,,,846.6127954902438,846.6127954902438,846.6127954902438,846.6127954902438
binancecoin,2025-12-26,828.8695540284072,114114035227.35869,735682841.2640332,,,828.8695540284072,828.8695540284072,828.8695540284072,828.8695540284072
binancecoin,2025-12-27,834.3408283262127,114905145748.4669,1083838293.2383966,,,834.3408283262127,834.3408283262127,834.3408283262127,834.3408283262127
binancecoin,2025-12-28,844.6780493960856,116342864989.3187,726652124.5702834,,,844.6780493960856,844.6780493960856,844.6780493960856,844.6780493960856
binancecoin,2025-12-29,858.791572988669,118310241153.67932,728494104.5438432,,,858.791572988669,858.791572988669,858.791572988669,858.791572988669
binancecoin,2025-12-30,851.1900442578194,117223103080.42976,1260449454.778092,,,851.1900442578194,851.1900442578194,851.1900442578194,851.1900442578194
binancecoin,2025-12-31,860.3384247437768,118493436505.37633,1465833722.2047489,,,860.3384247437768,860.3384247437768,860.3384247437768,860.3384247437768
binancecoin,2026-01-01,863.1574666286001,118876603739.66975,1936922574.9322722,,,863.1574666286001,863.1574666286001,863.1574666286001,863.1574666286001
binancecoin,2026-01-02,862.9202786806326,118849214809.2441,997547906.5992901,,,862.9202786806326,862.9202786806326,862.9202786806326,862.9202786806326
binancecoin,2026-01-03,880.5981987516783,121322839458.69113,1650776021.9264174,,,880.5981987516783,880.5981987516783,880.5981987516783,880.5981987516783
binancecoin,2026-01-04,878.7329288702774,121016515949.7729,1018610976.0005002,,,878.7329288702774,878.7329288702774,878.7329288702774,878.7329288702774
binancecoin,2026-01-05,894.4508344273104,123224807425.4024,1279357981.9878118,,,894.4508344273104,894.4508344273104,894.4508344273104,894.4508344273104
binancecoin,2026-01-06,910.9079403595276,125501652951.13847,1534918832.2904541,,,910.9079403595276,910.9079403595276,910.9079403595276,910.9079403595276
binancecoin,2026-01-07,917.6345878314794,126398673393.32039,1617407942.4718144,,,917.6345878314794,917.6345878314794,917.6345878314794,917.6345878314794
binancecoin,2026-01-08,899.3115791273906,123763709908.52527,1669040949.1979966,,,899.3115791273906,899.3115791273906,899.3115791273906,899.3115791273906
binancecoin,2026-01-09,891.5992569838319,122803772954.30318,1512007590.3179083,,,891.5992569838319,891.5992569838319,891.5992569838319,891.5992569838319
binancecoin,2026-01-10,895.5121731855866,123437221285.62236,1062500372.9429797,,,895.5121731855866,895.5121731855866,895.5121731855866,895.5121731855866
binancecoin,2026-01-11,906.6887224157771,124853596576.21555,1304632995.1676254,,,906.6887224157771,906.6887224157771,906.6887224157771,906.6887224157771
binancecoin,2026-01-12,902.7664964152219,124314076342.01952,1089200673.3908803,,,902.7664964152219,902.7664964152219,902.7664964152219,902.7664964152219
binancecoin,2026-01-13,905.5295124491013,124753634346.50957,1416236647.4214528,,,905.5295124491013,905.5295124491013,905.5295124491013,905.5295124491013
binancecoin,2026-01-14,942.4122356291538,129801485407.88301,3023134995.2829003,,,942.4122356291538,942.4122356291538,942.4122356291538,942.4122356291538
binancecoin,2026-01-15,949.0987145957889,130778202236.48225,2255160714.02555,,,949.0987145957889,949.0987145957889,949.0987145957889,949.0987145957889
binancecoin,2026-01-16,930.8892064404015,126916279480.82817,1669241171.3133764,,,930.8892064404015,930.8892064404015,930.8892064404015,930.8892064404015
binancecoin,2026-01-17,937.687896295784,127819071582.52448,1177907096.7776625,,,937.687896295784,937.687896295784,937.687896295784,937.687896295784
binancecoin,2026-01-18,946.9959081738135,129194457542.08887,1207141309.5977027,,,946.9959081738135,946.9959081738135,946.9959081738135,946.9959081738135
binancecoin,2026-01-19,933.8079144307845,127391956848.96681,1275798832.474469,,,933.8079144307845,933.8079144307845,933.8079144307845,933.8079144307845
binancecoin,2026-01-20,922.3076030339913,125781563139.81992,2470346209.8986206,,,922.3076030339913,922.3076030339913,922.3076030339913,922.3076030339913
binancecoin,2026-01-21,884.4648847958442,120599484135.13818,2173091202.289302,,,884.4648847958442,884.4648847958442,884.4648847958442,884.4648847958442
binancecoin,2026-01-22,882.3554922284878,120275764764.43254,2969106779.726366,,,882.3554922284878,882.3554922284878,882.3554922284878,882.3554922284878
binancecoin,2026-01-23,886.8801866366052,120878971499.69006,1219444876.7874093,,,886.8801866366052,886.8801866366052,886.8801866366052,886.8801866366052
binancecoin,2026-01-24,890.5047011445338,121406274788.23088,1127306040.1474164,,,890.5047011445338,890.5047011445338,890.5047011445338,890.5047011445338
binancecoin,2026-01-25,886.0721909071814,120824131675.19077,530513762.9125829,,,886.0721909071814,886.0721909071814,886.0721909071814,886.0721909071814
binancecoin,2026-01-26,864.4439519225823,117935368800.78908,1310262586.1889098,,,864.4439519225823,864.4439519225823,864.4439519225823,864.4439519225823
binancecoin,2026-01-27,878.6274796967367,119852075665.91493,1259874753.5993867,,,878.6274796967367,878.6274796967367,878.6274796967367,878.6274796967367
binancecoin,2026-01-28,897.6724320123695,122447202207.11542,1247423175.7103016,,,897.6724320123695,897.6724320123695,897.6724320123695,897.6724320123695
binancecoin,2026-01-29,901.2090745596357,122868533857.5658,1215717530.3090816,,,901.2090745596357,901.2090745596357,901.2090745596357,901.2090745596357
binancecoin,2026-01-30,867.7347946909455,118285691493.88474,3354101451.7359533,,,867.7347946909455,867.7347946909455,867.7347946909455,867.7347946909455
binancecoin,2026-01-31,857.3699420639612,116914053043.12451,2345749921.787442,,,857.3699420639612,857.3699420639612,857.3699420639612,857.3699420639612
binancecoin,2026-02-01,780.3315668159182,106463087867.83705,2662234945.505993,,,780.3315668159182,780.3315668159182,780.3315668159182,780.3315668159182
binancecoin,2026-02-02,757.9446598202101,103356915509.94981,1927504970.8607385,,,757.9446598202101,757.9446598202101,757.9446598202101,757.9446598202101
binancecoin,2026-02-03,775.3120806273045,105675775355.58817,2344630264.0359216,,,775.3120806273045,775.3120806273045,775.3120806273045,775.3120806273045
binancecoin,2026-02-04,753.6152462766961,102785306283.79321,1960437669.6417804,,,753.6152462766961,753.6152462766961,753.6152462766961,753.6152462766961
ripple,2025-02-06,2.382739358632423,137388137146.75491,6660157683.363499,3.65,0.00268621,2.382739358632423,2.382739358632423,2.382739358632423,2.382739358632423
ripple,2025-02-07,2.3220918869431886,134102194064.824,6304942916.816331,3.65,0.00268621,2.3220918869431886,2.3220918869431886,2.3220918869431886,2.3220918869431886
ripple,2025-02-08,2.392435922501591,137991646571.74292,7913782642.824578,3.65,0.00268621,2.392435922501591,2.392435922501591,2.392435922501591,2.392435922501591
ripple,2025-02-09,2.4256391631678023,140105845431.88702,3450039945.4201026,3.65,0.00268621,2.4256391631678023,2.4256391631678023,2.4256391631678023,2.4256391631678023
ripple,2025-02-10,2.3984218500627317,138409786399.36917,4110259067.581117,3.65,0.00268621,2.3984218500627317,2.3984218500627317,2.3984218500627317,2.3984218500627317
ripple,2025-02-11,2.4205102148292257,139801386331.32983,4147958037.3114934,3.65,0.00268621,2.4205102148292257,2.4205102148292257,2.4205102148292257,2.4205102148292257
ripple,2025-02-12,2.415999707081464,139710665798.44403,4814243274.422465,3.65,0.00268621,2.415999707081464,2.415999707081464,2.415999707081464,2.415999707081464
ripple,2025-02-13,2.471858085297504,142635962453.91898,4845109298.913685,3.65,0.00268621,2.471858085297504,2.471858085297504,2.471858085297504,2.471858085297504
ripple,2025-02-14,2.5469915483007073,147228408835.623,4437008065.063592,3.65,0.00268621,2.5469915483007073,2.5469915483007073,2.5469915483007073,2.5469915483007073
ripple,2025-02-15,2.7396888464817004,158349869676.88498,7692468675.335378,3.65,0.00268621,2.7396888464817004,2.7396888464817004,2.7396888464817004,2.7396888464817004
ripple,2025-02-16,2.761982091436805,159697712640.8593,3946216492.011967,3.65,0.00268621,2.761982091436805,2.761982091436805,2.761982091436805,2.761982091436805
ripple,2025-02-17,2.7251894289423855,157590298702.77087,2966410173.436753,3.65,0.00268621,2.7251894289423855,2.7251894289423855,2.7251894289423855,2.7251894289423855
ripple,2025-02-18,2.657177556541445,153528550403.44104,4243544437.8198156,3.65,0.00268621,2.657177556541445,2.657177556541445,2.657177556541445,2.657177556541445
ripple,2025-02-19,2.5598643991689105,147965082000.5594,4627790087.108664,3.65,0.00268621,2.5598643991689105,2.5598643991689105,2.5598643991689105,2.5598643991689105
ripple,2025-02-20,2.735199200390807,158268061805.8835,4421689360.016513,3.65,0.00268621,2.735199200390807,2.735199200390807,2.735199200390807,2.735199200390807
ripple,2025-02-21,2.692229831317779,155803376373.91476,3770413761.6316905,3.65,0.00268621,2.692229831317779,2.692229831317779,2.692229831317779,2.692229831317779
ripple,2025-02-22,2.5717797656907977,148872353458.57578,5146660908.7574835,3.65,0.00268621,2.5717797656907977,2.5717797656907977,2.5717797656907977,2.5717797656907977
ripple,2025-02-23,2.575864230459674,149186293144.36478,2039899166.1574712,3.65,0.00268621,2.575864230459674,2.575864230459674,2.575864230459674,2.575864230459674
ripple,2025-02-24,2.5798851271909053,149332625214.34015,2072248429.8119543,3.65,0.00268621,2.5798851271909053,2.5798851271909053,2.5798851271909053,2.5798851271909053
ripple,2025-02-25,2.276184020826259,131520287326.65497,7132791349.200123,3.65,0.00268621,2.276184020826259,2.276184020826259,2.276184020826259,2.276184020826259
ripple,2025-02-26,2.3223450440589835,134627197923.42966,11111605787.309338,3.65,0.00268621,2.3223450440589835,2.3223450440589835,2.3223450440589835,2.3223450440589835
ripple,2025-02-27,2.189561722001525,126766064785.14323,5936591863.896251,3.65,0.00268621,2.189561722001525,2.189561722001525,2.189561722001525,2.189561722001525
ripple,2025-02-28,2.198289525306682,127370369245.55621,4202173606.0705705,3.65,0.00268621,2.198289525306682,2.198289525306682,2.198289525306682,2.198289525306682
ripple,2025-03-01,2.1465990447641925,124392769084.65245,7266804533.901892,3.65,0.00268621,2.1465990447641925,2.1465990447641925,2.1465990447641925,2.1465990447641925
ripple,2025-03-02,2.1894731626978965,126879303287.73642,2722347817.663738,3.65,0.00268621,2.1894731626978965,2.1894731626978965,2.1894731626978965,2.1894731626978965
ripple,2025-03-03,2.9400745785854188,169870381405.5461,14741402315.716309,3.65,0.00268621,2.9400745785854188,2.9400745785854188,2.9400745785854188,2.9400745785854188
ripple,2025-03-04,2.388920229250619,138435194914.58316,12094018756.991077,3.65,0.00268621,2.388920229250619,2.388920229250619,2.388920229250619,2.388920229250619
ripple,2025-03-05,2.457837324155463,142402404085.68878,9500571374.26868,3.65,0.00268621,2.457837324155463,2.457837324155463,2.457837324155463,2.457837324155463
ripple,2025-03-06,2.499863067769013,144939887560.6096,5198767002.65725,3.65,0.00268621,2.499863067769013,2.499863067769013,2.499863067769013,2.499863067769013
ripple,2025-03-07,2.5997307467157778,150505175945.87762,5916822614.47232,3.65,0.00268621,2.5997307467157778,2.5997307467157778,2.5997307467157778,2.5997307467157778
ripple,2025-03-08,2.380727791456965,138185297003.6274,8328229777.709091,3.65,0.00268621,2.380727791456965,2.380727791456965,2.380727791456965,2.380727791456965
ripple,2025-03-09,2.3242332249590425,134862079473.84915,3009552907.467017,3.65,0.00268621,2.3242332249590425,2.3242332249590425,2.3242332249590425,2.3242332249590425
ripple,2025-03-10,2.1362635270101267,124005386868.27167,5104105960.491239,3.65,0.00268621,2.1362635270101267,2.1362635270101267,2.1362635270101267,2.1362635270101267
ripple,2025-03-11,2.029057833175655,118387557436.81892,6907399289.102193,3.65,0.00268621,2.029057833175655,2.029057833175655,2.029057833175655,2.029057833175655
ripple,2025-03-12,2.169350707525431,125957593301.54716,6722860049.514889,3.65,0.00268621,2.169350707525431,2.169350707525431,2.169350707525431,2.169350707525431
ripple,2025-03-13,2.2417249293681443,129987896211.968,5394933491.485324,3.65,0.00268621,2.2417249293681443,2.2417249293681443,2.2417249293681443,2.2417249293681443
ripple,2025-03-14,2.2504187411894,130684530591.66603,4700482638.06465,3.65,0.00268621,2.2504187411894,2.2504187411894,2.2504187411894,2.2504187411894
ripple,2025-03-15,2.3564128660327603,136928855738.28758,3738755688.1164246,3.65,0.00268621,2.3564128660327603,2.3564128660327603,2.3564128660327603,2.3564128660327603
ripple,2025-03-16,2.392285579817487,138962507103.3046,2903593748.7332563,3.65,0.00268621,2.392285579817487,2.392285579817487,2.392285579817487,2.392285579817487
ripple,2025-03-17,2.3009096388651695,133729450717.8674,3149719385.5106583,3.65,0.00268621,2.3009096388651695,2.3009096388651695,2.3009096388651695,2.3009096388651695
ripple,2025-03-18,2.3408005213311123,136034346384.5807,2955610989.2377267,3.65,0.00268621,2.3408005213311123,2.3408005213311123,2.3408005213311123,2.3408005213311123
ripple,2025-03-19,2.2893484606821164,133056596229.87404,2950644595.364279,3.65,0.00268621,2.2893484606821164,2.2893484606821164,2.2893484606821164,2.2893484606821164
ripple,2025-03-20,2.5520572493716633,148446009880.021,9834502912.85249,3.65,0.00268621,2.5520572493716633,2.5520572493716633,2.5520572493716633,2.5520572493716633
ripple,2025-03-21,2.4346891248225995,141749550828.59042,4258912106.63044,3.65,0.00268621,2.4346891248225995,2.4346891248225995,2.4346891248225995,2.4346891248225995
ripple,2025-03-22,2.381259233831182,138510356756.64886,3380818952.23797,3.65,0.00268621,2.381259233831182,2.381259233831182,2.381259233831182,2.381259233831182
ripple,2025-03-23,2.3671814913704625,137633684733.8346,1482324406.8968267,3.65,0.00268621,2.3671814913704625,2.3671814913704625,2.3671814913704625,2.3671814913704625
ripple,2025-03-24,2.4358937819105337,141666982426.27832,2036803299.3463094,3.65,0.00268621,2.4358937819105337,2.4358937819105337,2.4358937819105337,2.4358937819105337
ripple,2025-03-25,2.4467862393977193,142182563236.7044,3267297475.9622283,3.65,0.00268621,2.4467862393977193,2.4467862393977193,2.4467862393977193,2.4467862393977193
ripple,2025-03-26,2.4520786954901945,142530870243.74066,2336452138.4735017,3.65,0.00268621,2.4520786954901945,2.4520786954901945,2.4520786954901945,2.4520786954901945
ripple,2025-03-27,2.349686594688749,136740698537.37582,2854543228.9574385,3.65,0.00268621,2.349686594688749,2.349686594688749,2.349686594688749,2.349686594688749
ripple,2025-03-28,2.339530083958925,136083790198.2617,2422690506.5141454,3.65,0.00268621,2.339530083958925,2.339530083958925,2.339530083958925,2.339530083958925
ripple,2025-03-29,2.2038347130132383,128190870625.22104,3837465479.151629,3.65,0.00268621,2.2038347130132383,2.2038347130132383,2.2038347130132383,2.2038347130132383
ripple,2025-03-30,2.1388622985209467,124469293101.58473,3354267610.3426833,3.65,0.00268621,2.1388622985209467,2.1388622985209467,2.1388622985209467,2.1388622985209467
ripple,2025-03-31,2.135945706762188,124324478160.5522,2477465471.988889,3.65,0.00268621,2.135945706762188,2.135945706762188,2.135945706762188,2.135945706762188
ripple,2025-04-01,2.0905159571547878,121557920573.70189,3972610740.3424234,3.65,0.00268621,2.0905159571547878,2.0905159571547878,2.0905159571547878,2.0905159571547878
ripple,2025-04-02,2.140991043686336,124525644957.65971,3641319247.188034,3.65,0.00268621,2.140991043686336,2.140991043686336,2.140991043686336,2.140991043686336
ripple,2025-04-03,2.030360837075233,118295307955.43494,5271112203.164092,3.65,0.00268621,2.030360837075233,2.030360837075233,2.030360837075233,2.030360837075233
ripple,2025-04-04,2.0641704630367608,120421038483.8677,4928791386.955327,3.65,0.00268621,2.0641704630367608,2.0641704630367608,2.0641704630367608,2.0641704630367608
ripple,2025-04-05,2.1277037304012105,123967383174.98845,4939434201.608915,3.65,0.00268621,2.1277037304012105,2.1277037304012105,2.1277037304012105,2.1277037304012105
ripple,2025-04-06,2.148561695180789,124960176668.53568,1897079007.2541249,3.65,0.00268621,2.148561695180789,2.148561695180789,2.148561695180789,2.148561695180789
ripple,2025-04-07,1.9232068608073252,112137731756.69206,5107597669.95859,3.65,0.00268621,1.9232068608073252,1.9232068608073252,1.9232068608073252,1.9232068608073252
ripple,2025-04-08,1.8972731944488423,111374044255.21884,11995374383.503767,3.65,0.00268621,1.8972731944488423,1.8972731944488423,1.8972731944488423,1.8972731944488423
ripple,2025-04-09,1.791941720267648,104372568049.6828,5812951206.534424,3.65,0.00268621,1.791941720267648,1.791941720267648,1.791941720267648,1.791941720267648
ripple,2025-04-10,2.0504426400353335,119481580828.56442,8269048094.879033,3.65,0.00268621,2.0504426400353335,2.0504426400353335,2.0504426400353335,2.0504426400353335
ripple,2025-04-11,1.96981883924698,114817594408.03955,3847540778.0903244,3.65,0.00268621,1.96981883924698,1.96981883924698,1.96981883924698,1.96981883924698
ripple,2025-04-12,2.0237864771088336,118009313254.15909,2990956512.0131035,3.65,0.00268621,2.0237864771088336,2.0237864771088336,2.0237864771088336,2.0237864771088336
ripple,2025-04-13,2.156688589695265,125823708133.3325,2972887951.415155,3.65,0.00268621,2.156688589695265,2.156688589695265,2.156688589695265,2.156688589695265
ripple,2025-04-14,2.118179146058531,123493869513.43184,3631412098.056245,3.65,0.00268621,2.118179146058531,2.118179146058531,2.118179146058531,2.118179146058531
ripple,2025-04-15,2.127444298086899,124110719906.46971,2865825696.824176,3.65,0.00268621,2.127444298086899,2.127444298086899,2.127444298086899,2.127444298086899
ripple,2025-04-16,2.087166740701441,121753153315.34601,2529137788.826132,3.65,0.00268621,2.087166740701441,2.087166740701441,2.087166740701441,2.087166740701441
ripple,2025-04-17,2.0835198434155506,121582974416.46419,2975625490.375688,3.65,0.00268621,2.0835198434155506,2.0835198434155506,2.0835198434155506,2.0835198434155506
ripple,2025-04-18,2.0677436115822867,120634755808.2574,2069087395.311297,3.65,0.00268621,2.0677436115822867,2.0677436115822867,2.0677436115822867,2.0677436115822867
ripple,2025-04-19,2.062691684044618,120498813069.50467,1528702114.8309712,3.65,0.00268621,2.062691684044618,2.062691684044618,2.062691684044618,2.062691684044618
ripple,2025-04-20,2.0855273823856817,121758359729.22354,1198082570.278999,3.65,0.00268621,2.0855273823856817,2.0855273823856817,2.0855273823856817,2.0855273823856817
ripple,2025-04-21,2.0747196454629124,121133082660.90799,1454273605.4356875,3.65,0.00268621,2.0747196454629124,2.0747196454629124,2.0747196454629124,2.0747196454629124
ripple,2025-04-22,2.0806696781556395,121475020267.02992,2357222891.83461,3.65,0.00268621,2.0806696781556395,2.0806696781556395,2.0806696781556395,2.0806696781556395
ripple,2025-04-23,2.221159426695198,129738952495.80452,4117163104.17999,3.65,0.00268621,2.221159426695198,2.221159426695198,2.221159426695198,2.221159426695198
ripple,2025-04-24,2.217823599038466,129639794259.17175,4996062046.359891,3.65,0.00268621,2.217823599038466,2.217823599038466,2.217823599038466,2.217823599038466
ripple,2025-04-25,2.206600349886956,128910293391.45277,4208930304.223753,3.65,0.00268621,2.206600349886956,2.206600349886956,2.206600349886956,2.206600349886956
ripple,2025-04-26,2.1852873809524738,127618810209.93896,3234722208.502314,3.65,0.00268621,2.1852873809524738,2.1852873809524738,2.1852873809524738,2.1852873809524738
ripple,2025-04-27,2.1932493737799863,128211658278.5239,2459783783.285445,3.65,0.00268621,2.1932493737799863,2.1932493737799863,2.1932493737799863,2.1932493737799863
ripple,2025-04-28,2.2566771719971905,131895374150.1833,3751692488.2109566,3.65,0.00268621,2.2566771719971905,2.2566771719971905,2.2566771719971905,2.2566771719971905
ripple,2025-04-29,2.2959679622378415,134250948391.53383,4072974943.4389,3.65,0.00268621,2.2959679622378415,2.2959679622378415,2.2959679622378415,2.2959679622378415
ripple,2025-04-30,2.2399407863578777,130723771364.09366,2489793878.0180745,3.65,0.00268621,2.2399407863578777,2.2399407863578777,2.2399407863578777,2.2399407863578777
ripple,2025-05-01,2.1934727928877984,128224503927.07297,3252726421.623423,3.65,0.00268621,2.1934727928877984,2.1934727928877984,2.1934727928877984,2.1934727928877984
ripple,2025-05-02,2.2143085222346612,129560735707.48988,2155611895.0543213,3.65,0.00268621,2.2143085222346612,2.2143085222346612,2.2143085222346612,2.2143085222346612
ripple,2025-05-03,2.2089170454344824,129205378828.50716,1739910937.9821632,3.65,0.00268621,2.2089170454344824,2.2089170454344824,2.2089170454344824,2.2089170454344824
ripple,2025-05-04,2.188707355411367,128054986434.6052,1214767487.7877498,3.65,0.00268621,2.188707355411367,2.188707355411367,2.188707355411367,2.188707355411367
ripple,2025-05-05,2.1580623583353407,126191990501.91487,1372805879.5778592,3.65,0.00268621,2.1580623583353407,2.1580623583353407,2.1580623583353407,2.1580623583353407
ripple,2025-05-06,2.1371617409153263,125040025715.65521,2194829695.4970164,3.65,0.00268621,2.1371617409153263,2.1371617409153263,2.1371617409153263,2.1371617409153263
ripple,2025-05-07,2.1553467775958843,126104946148.98138,2048616981.3491316,3.65,0.00268621,2.1553467775958843,2.1553467775958843,2.1553467775958843,2.1553467775958843
ripple,2025-05-08,2.1289110212370352,124559831965.93013,3559099566.438218,3.65,0.00268621,2.1289110212370352,2.1289110212370352,2.1289110212370352,2.1289110212370352
ripple,2025-05-09,2.318857034757937,135698075505.87671,4731256282.308641,3.65,0.00268621,2.318857034757937,2.318857034757937,2.318857034757937,2.318857034757937
ripple,2025-05-10,2.34260418658349,137157723819.54608,6008731144.741504,3.65,0.00268621,2.34260418658349,2.34260418658349,2.34260418658349,2.34260418658349
ripple,2025-05-11,2.465515991652043,144193513526.4072,4343182682.254746,3.65,0.00268621,2.465515991652043,2.465515991652043,2.465515991652043,2.465515991652043
ripple,2025-05-12,2.3665185406774456,138618419781.15787,3957902320.317386,3.65,0.00268621,2.3665185406774456,2.3665185406774456,2.3665185406774456,2.3665185406774456
ripple,2025-05-13,2.5407166812994824,148849179940.72635,10787624520.70423,3.65,0.00268621,2.5407166812994824,2.5407166812994824,2.5407166812994824,2.5407166812994824
ripple,2025-05-14,2.5882656119238727,151577986548.9196,6137110174.707251,3.65,0.00268621,2.5882656119238727,2.5882656119238727,2.5882656119238727,2.5882656119238727
ripple,2025-05-15,2.552660064054796,149428679555.88635,4956660171.954109,3.65,0.00268621,2.552660064054796,2.552660064054796,2.552660064054796,2.552660064054796
ripple,2025-05-16,2.3780203600308965,139404660869.70312,5285627666.563696,3.65,0.00268621,2.3780203600308965,2.3780203600308965,2.3780203600308965,2.3780203600308965
ripple,2025-05-17,2.387491166631724,139986244266.36224,3668091279.885704,3.65,0.00268621,2.387491166631724,2.387491166631724,2.387491166631724,2.387491166631724
ripple,2025-05-18,2.352615765613394,137901408638.97586,2378581122.524433,3.65,0.00268621,2.352615765613394,2.352615765613394,2.352615765613394,2.352615765613394
ripple,2025-05-19,2.4178990437197814,141620424382.77466,2871045382.6763167,3.65,0.00268621,2.4178990437197814,2.4178990437197814,2.4178990437197814,2.4178990437197814
ripple,2025-05-20,2.3808727609208282,139572032487.0291,3326769717.093891,3.65,0.00268621,2.3808727609208282,2.3808727609208282,2.3808727609208282,2.3808727609208282
ripple,2025-05-21,2.356578233921423,138242427979.4986,2736702822.998838,3.65,0.00268621,2.356578233921423,2.356578233921423,2.356578233921423,2.356578233921423
ripple,2025-05-22,2.4028996266349396,141104708088.64645,3857208347.067667,3.65,0.00268621,2.4028996266349396,2.4028996266349396,2.4028996266349396,2.4028996266349396
ripple,2025-05-23,2.4284164339274192,142497452230.75037,3423292472.9337497,3.65,0.00268621,2.4284164339274192,2.4284164339274192,2.4284164339274192,2.4284164339274192
ripple,2025-05-24,2.2991928362328755,135209260273.52768,3803614983.5157166,3.65,0.00268621,2.2991928362328755,2.2991928362328755,2.2991928362328755,2.2991928362328755
ripple,2025-05-25,2.3319094660057416,136856085709.11539,1372961335.2188973,3.65,0.00268621,2.3319094660057416,2.3319094660057416,2.3319094660057416,2.3319094660057416
ripple,2025-05-26,2.3405861862412927,137358561276.94505,1905275005.1451297,3.65,0.00268621,2.3405861862412927,2.3405861862412927,2.3405861862412927,2.3405861862412927
ripple,2025-05-27,2.3082922649115565,135464456690.66678,1661784737.5361876,3.65,0.00268621,2.3082922649115565,2.3082922649115565,2.3082922649115565,2.3082922649115565
ripple,2025-05-28,2.3186677687774426,136063470027.7747,2048276738.5749948,3.65,0.00268621,2.3186677687774426,2.3186677687774426,2.3186677687774426,2.3186677687774426
ripple,2025-05-29,2.2746048552552507,133537852092.5528,2074053702.379202,3.65,0.00268621,2.2746048552552507,2.2746048552552507,2.2746048552552507,2.2746048552552507
ripple,2025-05-30,2.2505538163676135,132132467347.38953,2179459280.652964,3.65,0.00268621,2.2505538163676135,2.2505538163676135,2.2505538163676135,2.2505538163676135
ripple,2025-05-31,2.1423194738068942,125892164966.56429,3372833929.9944954,3.65,0.00268621,2.1423194738068942,2.1423194738068942,2.1423194738068942,2.1423194738068942
ripple,2025-06-01,2.177000081626197,127925904411.56554,2268132685.3159456,3.65,0.00268621,2.177000081626197,2.177000081626197,2.177000081626197,2.177000081626197
ripple,2025-06-02,2.1802830722675224,128150107940.42342,1521954083.381058,3.65,0.00268621,2.1802830722675224,2.1802830722675224,2.1802830722675224,2.1802830722675224
ripple,2025-06-03,2.2004265864927537,129301420887.84296,1856646284.2520795,3.65,0.00268621,2.2004265864927537,2.2004265864927537,2.2004265864927537,2.2004265864927537
ripple,2025-06-04,2.2486280245071963,132150735303.62874,2193921747.996483,3.65,0.00268621,2.2486280245071963,2.2486280245071963,2.2486280245071963,2.2486280245071963
ripple,2025-06-05,2.202322198067478,129408473711.78876,1714810311.215842,3.65,0.00268621,2.202322198067478,2.202322198067478,2.202322198067478,2.202322198067478
ripple,2025-06-06,2.0970164299223453,123342049733.6962,2893388349.562232,3.65,0.00268621,2.0970164299223453,2.0970164299223453,2.0970164299223453,2.0970164299223453
ripple,2025-06-07,2.163852346114403,127281615711.7592,1854390911.9791367,3.65,0.00268621,2.163852346114403,2.163852346114403,2.163852346114403,2.163852346114403
ripple,2025-06-08,2.1779065492597427,128119087930.23564,953843043.4304752,3.65,0.00268621,2.1779065492597427,2.1779065492597427,2.1779065492597427,2.1779065492597427
ripple,2025-06-09,2.2629632981656744,133080974653.21156,2297445951.3852534,3.65,0.00268621,2.2629632981656744,2.2629632981656744,2.2629632981656744,2.2629632981656744
ripple,2025-06-10,2.321075765224377,136535438437.44032,2774696976.06667,3.65,0.00268621,2.321075765224377,2.321075765224377,2.321075765224377,2.321075765224377
ripple,2025-06-11,2.305016386019404,135601731484.23772,2612062557.9833493,3.65,0.00268621,2.305016386019404,2.305016386019404,2.305016386019404,2.305016386019404
ripple,2025-06-12,2.2701428874939213,133437196298.07864,2624047756.9494534,3.65,0.00268621,2.2701428874939213,2.2701428874939213,2.2701428874939213,2.2701428874939213
ripple,2025-06-13,2.1954298391805,129189732814.77596,2202653947.4050665,3.65,0.00268621,2.1954298391805,2.1954298391805,2.1954298391805,2.1954298391805
ripple,2025-06-14,2.148866270593598,126534557978.46504,3949716840.388356,3.65,0.00268621,2.148866270593598,2.148866270593598,2.148866270593598,2.148866270593598
ripple,2025-06-15,2.141891800480294,126263429802.95172,1687489656.576244,3.65,0.00268621,2.141891800480294,2.141891800480294,2.141891800480294,2.141891800480294
ripple,2025-06-16,2.166318490313782,127577707973.1105,1231293467.1767986,3.65,0.00268621,2.166318490313782,2.166318490313782,2.166318490313782,2.166318490313782
ripple,2025-06-17,2.255537416572947,133168717149.84471,4466552529.620607,3.65,0.00268621,2.255537416572947,2.255537416572947,2.255537416572947,2.255537416572947
ripple,2025-06-18,2.1632317759396993,127416681908.18704,3466660612.110638,3.65,0.00268621,2.1632317759396993,2.1632317759396993,2.1632317759396993,2.1632317759396993
ripple,2025-06-19,2.1686830671349613,127820962755.39302,2350823381.424604,3.65,0.00268621,2.1686830671349613,2.1686830671349613,2.1686830671349613,2.1686830671349613
ripple,2025-06-20,2.166239439916603,127674651295.66653,1450568729.9521883,3.65,0.00268621,2.166239439916603,2.166239439916603,2.166239439916603,2.166239439916603
ripple,2025-06-21,2.1201128146436803,124953533243.95668,2098115334.487172,3.65,0.00268621,2.1201128146436803,2.1201128146436803,2.1201128146436803,2.1201128146436803
ripple,2025-06-22,2.044379922195215,120411151497.55313,2305504805.382443,3.65,0.00268621,2.044379922195215,2.044379922195215,2.044379922195215,2.044379922195215
ripple,2025-06-23,2.013512764553698,118672394254.47311,4449887424.63551,3.65,0.00268621,2.013512764553698,2.013512764553698,2.013512764553698,2.013512764553698
ripple,2025-06-24,2.1640075102022664,127539548337.53386,4004307867.6364536,3.65,0.00268621,2.1640075102022664,2.1640075102022664,2.1640075102022664,2.1640075102022664
ripple,2025-06-25,2.1890368617248566,129018976028.34126,3119419439.9970093,3.65,0.00268621,2.1890368617248566,2.1890368617248566,2.1890368617248566,2.1890368617248566
ripple,2025-06-26,2.1839169388853152,128924835580.36104,2234760744.378113,3.65,0.00268621,2.1839169388853152,2.1839169388853152,2.1839169388853152,2.1839169388853152
ripple,2025-06-27,2.105597069865388,124230689777.04051,2569634191.4677787,3.65,0.00268621,2.105597069865388,2.105597069865388,2.105597069865388,2.105597069865388
ripple,2025-06-28,2.140945561649059,126287954127.92236,2600100605.537264,3.65,0.00268621,2.140945561649059,2.140945561649059,2.140945561649059,2.140945561649059
ripple,2025-06-29,2.185743305637095,128959095356.2813,1909072124.1732078,3.65,0.00268621,2.185743305637095,2.185743305637095,2.185743305637095,2.185743305637095
ripple,2025-06-30,2.2080779439640237,130291214168.36028,1320178860.3618104,3.65,0.00268621,2.2080779439640237,2.2080779439640237,2.2080779439640237,2.2080779439640237
ripple,2025-07-01,2.2397868943055363,132156902495.55835,3688723731.503887,3.65,0.00268621,2.2397868943055363,2.2397868943055363,2.2397868943055363,2.2397868943055363
ripple,2025-07-02,2.171453605552325,128126705578.13293,2782662990.9534025,3.65,0.00268621,2.171453605552325,2.171453605552325,2.171453605552325,2.171453605552325
ripple,2025-07-03,2.234339504341481,131977600025.21939,3660413082.1301646,3.65,0.00268621,2.234339504341481,2.234339504341481,2.234339504341481,2.234339504341481
ripple,2025-07-04,2.2565985381225446,133259962343.86203,3456952710.4009995,3.65,0.00268621,2.2565985381225446,2.2565985381225446,2.2565985381225446,2.2565985381225446
ripple,2025-07-05,2.220660517934634,131144534229.89864,1759263909.260319,3.65,0.00268621,2.220660517934634,2.220660517934634,2.220660517934634,2.220660517934634
ripple,2025-07-06,2.2177115630108464,130972769052.7035,898181111.5827129,3.65,0.00268621,2.2177115630108464,2.2177115630108464,2.2177115630108464,2.2177115630108464
ripple,2025-07-07,2.2711234551626793,134151998248.59271,2334073292.9256063,3.65,0.00268621,2.2711234551626793,2.2711234551626793,2.2711234551626793,2.2711234551626793
ripple,2025-07-08,2.275084085302051,134350852686.02478,3876739211.500435,3.65,0.00268621,2.275084085302051,2.275084085302051,2.275084085302051,2.275084085302051
ripple,2025-07-09,2.3106154308712163,136497008281.73683,2680689161.887867,3.65,0.00268621,2.3106154308712163,2.3106154308712163,2.3106154308712163,2.3106154308712163
ripple,2025-07-10,2.405267395272407,142094073894.76715,4432186610.184976,3.65,0.00268621,2.405267395272407,2.405267395272407,2.405267395272407,2.405267395272407
ripple,2025-07-11,2.5456780481070833,150138989600.80466,5263609598.373313,3.65,0.00268621,2.5456780481070833,2.5456780481070833,2.5456780481070833,2.5456780481070833
ripple,2025-07-12,2.735777793849028,161862097553.51227,14004307576.909258,3.65,0.00268621,2.735777793849028,2.735777793849028,2.735777793849028,2.735777793849028
ripple,2025-07-13,2.7403085663356155,161796742917.52557,7635333692.640345,3.65,0.00268621,2.7403085663356155,2.7403085663356155,2.7403085663356155,2.7403085663356155
ripple,2025-07-14,2.836943449825265,167709014396.6901,6320439963.46504,3.65,0.00268621,2.836943449825265,2.836943449825265,2.836943449825265,2.836943449825265
ripple,2025-07-15,2.954285567242737,174691801800.57703,10642114059.840887,3.65,0.00268621,2.954285567242737,2.954285567242737,2.954285567242737,2.954285567242737
ripple,2025-07-16,2.917723690315136,172608862751.97787,7556524928.072073,3.65,0.00268621,2.917723690315136,2.917723690315136,2.917723690315136,2.917723690315136
ripple,2025-07-17,3.0408154279719146,179784902655.3871,7793207547.31447,3.65,0.00268621,3.0408154279719146,3.0408154279719146,3.0408154279719146,3.0408154279719146
ripple,2025-07-18,3.494535310837583,206790617970.8479,19394273607.04806,3.65,0.00268621,3.494535310837583,3.494535310837583,3.494535310837583,3.494535310837583
ripple,2025-07-19,3.417044710420229,202056421574.12247,16031012566.653502,3.65,0.00268621,3.417044710420229,3.417044710420229,3.417044710420229,3.417044710420229
ripple,2025-07-20,3.43091157808989,203036588057.2096,5783505866.425777,3.65,0.00268621,3.43091157808989,3.43091157808989,3.43091157808989,3.43091157808989
ripple,2025-07-21,3.455651421168503,204531521314.64954,7847665162.660737,3.65,0.00268621,3.455651421168503,3.455651421168503,3.455651421168503,3.455651421168503
ripple,2025-07-22,3.55629271011838,210472490159.30972,8362003947.111928,3.65,0.00268621,3.55629271011838,3.55629271011838,3.55629271011838,3.55629271011838
ripple,2025-07-23,3.5512409390828505,210230480631.16995,7908195545.8158,3.65,0.00268621,3.5512409390828505,3.5512409390828505,3.5512409390828505,3.5512409390828505
ripple,2025-07-24,3.1784172529582473,188186759786.34775,13257602437.964903,3.65,0.00268621,3.1784172529582473,3.1784172529582473,3.1784172529582473,3.1784172529582473
ripple,2025-07-25,3.1443151661109243,185920871104.63107,10402261389.142485,3.65,0.00268621,3.1443151661109243,3.1443151661109243,3.1443151661109243,3.1443151661109243
ripple,2025-07-26,3.1383147630505817,185810977838.7848,7590707148.3824,3.65,0.00268621,3.1383147630505817,3.1383147630505817,3.1383147630505817,3.1383147630505817
ripple,2025-07-27,3.167241692335099,187641581965.9033,3792391471.850104,3.65,0.00268621,3.167241692335099,3.167241692335099,3.167241692335099,3.167241692335099
ripple,2025-07-28,3.232752992185551,191396539707.53333,4272843726.2721925,3.65,0.00268621,3.232752992185551,3.232752992185551,3.232752992185551,3.232752992185551
ripple,2025-07-29,3.1234939366799126,184768043390.20883,7076691375.932294,3.65,0.00268621,3.1234939366799126,3.1234939366799126,3.1234939366799126,3.1234939366799126
ripple,2025-07-30,3.1280707477497427,185283974088.98334,5629285480.992563,3.65,0.00268621,3.1280707477497427,3.1280707477497427,3.1280707477497427,3.1280707477497427
ripple,2025-07-31,3.0996192442543777,183489681384.74945,6061881858.858245,3.65,0.00268621,3.0996192442543777,3.0996192442543777,3.0996192442543777,3.0996192442543777
ripple,2025-08-01,3.0232512791444304,179326407753.82678,5274343598.404958,3.65,0.00268621,3.0232512791444304,3.0232512791444304,3.0232512791444304,3.0232512791444304
ripple,2025-08-02,2.9619031982658726,175651026151.1029,9588289635.150093,3.65,0.00268621,2.9619031982658726,2.9619031982658726,2.9619031982658726,2.9619031982658726
ripple,2025-08-03,2.769267387192411,164294692749.69305,6626410931.129626,3.65,0.00268621,2.769267387192411,2.769267387192411,2.769267387192411,2.769267387192411
ripple,2025-08-04,2.9486352217251337,174843464841.0272,4775415471.329626,3.65,0.00268621,2.9486352217251337,2.9486352217251337,2.9486352217251337,2.9486352217251337
ripple,2025-08-05,3.0727905982283095,182226168416.1388,5293305246.052242,3.65,0.00268621,3.0727905982283095,3.0727905982283095,3.0727905982283095,3.0727905982283095
ripple,2025-08-06,2.9649981287242557,175947744749.02496,4965545788.579667,3.65,0.00268621,2.9649981287242557,2.9649981287242557,2.9649981287242557,2.9649981287242557
ripple,2025-08-07,2.992045726720115,177454281208.94727,4082166604.029814,3.65,0.00268621,2.992045726720115,2.992045726720115,2.992045726720115,2.992045726720115
ripple,2025-08-08,3.3154332521736825,196586563136.16388,7757095979.615032,3.65,0.00268621,3.3154332521736825,3.3154332521736825,3.3154332521736825,3.3154332521736825
ripple,2025-08-09,3.288160253111489,195118577955.89972,8889928900.443523,3.65,0.00268621,3.288160253111489,3.288160253111489,3.288160253111489,3.288160253111489
ripple,2025-08-10,3.229511537620619,191448306716.0005,4765475379.036455,3.65,0.00268621,3.229511537620619,3.229511537620619,3.229511537620619,3.229511537620619
ripple,2025-08-11,3.1838901988281205,188762634633.81073,4658567865.909019,3.65,0.00268621,3.1838901988281205,3.1838901988281205,3.1838901988281205,3.1838901988281205
ripple,2025-08-12,3.1394273590070134,186208442509.3679,7508618703.880955,3.65,0.00268621,3.1394273590070134,3.1394273590070134,3.1394273590070134,3.1394273590070134
ripple,2025-08-13,3.26747236546907,193890996169.89874,8587094638.178333,3.65,0.00268621,3.26747236546907,3.26747236546907,3.26747236546907,3.26747236546907
ripple,2025-08-14,3.2866811377117644,194924756464.55508,8018820706.857553,3.65,0.00268621,3.2866811377117644,3.2866811377117644,3.2866811377117644,3.2866811377117644
ripple,2025-08-15,3.0872106726905346,183080844696.39935,11518598907.612103,3.65,0.00268621,3.0872106726905346,3.0872106726905346,3.0872106726905346,3.0872106726905346
ripple,2025-08-16,3.0773729481839958,182823893074.88736,6586597945.239845,3.65,0.00268621,3.0773729481839958,3.0773729481839958,3.0773729481839958,3.0773729481839958
ripple,2025-08-17,3.106969288649059,184537083059.24762,4207383821.7064447,3.65,0.00268621,3.106969288649059,3.106969288649059,3.106969288649059,3.106969288649059
ripple,2025-08-18,3.0953855433967075,183971298108.38446,3486012703.1641827,3.65,0.00268621,3.0953855433967075,3.0953855433967075,3.0953855433967075,3.0953855433967075
ripple,2025-08-19,3.060621197547626,181729332172.2824,7891993830.459589,3.65,0.00268621,3.060621197547626,3.060621197547626,3.060621197547626,3.060621197547626
ripple,2025-08-20,2.8587366392387112,170168406125.4961,6736297698.175642,3.65,0.00268621,2.8587366392387112,2.8587366392387112,2.8587366392387112,2.8587366392387112
ripple,2025-08-21,2.952309340790555,175556019984.77844,6872631153.732158,3.65,0.00268621,2.952309340790555,2.952309340790555,2.952309340790555,2.952309340790555
ripple,2025-08-22,2.8498230079250755,169235531134.4738,4464611989.418837,3.65,0.00268621,2.8498230079250755,2.8498230079250755,2.8498230079250755,2.8498230079250755
ripple,2025-08-23,3.0732747821154365,182799236672.46982,9726315601.629562,3.65,0.00268621,3.0732747821154365,3.0732747821154365,3.0732747821154365,3.0732747821154365
ripple,2025-08-24,3.0458254666203546,181178670544.90762,4525709190.859716,3.65,0.00268621,3.0458254666203546,3.0458254666203546,3.0458254666203546,3.0458254666203546
ripple,2025-08-25,3.02786808477519,180309158636.47443,6158205320.189804,3.65,0.00268621,3.02786808477519,3.02786808477519,3.02786808477519,3.02786808477519
ripple,2025-08-26,2.862667277824852,170267483807.62628,6677411739.169651,3.65,0.00268621,2.862667277824852,2.862667277824852,2.862667277824852,2.862667277824852
ripple,2025-08-27,3.011834539503525,179142732347.83713,6168659352.468927,3.65,0.00268621,3.011834539503525,3.011834539503525,3.011834539503525,3.011834539503525
ripple,2025-08-28,2.9671217194399038,176555745920.97995,6346605091.344013,3.65,0.00268621,2.9671217194399038,2.9671217194399038,2.9671217194399038,2.9671217194399038
ripple,2025-08-29,2.9671844322262273,176531083059.73718,5916089545.532232,3.65,0.00268621,2.9671844322262273,2.9671844322262273,2.9671844322262273,2.9671844322262273
ripple,2025-08-30,2.823231531748928,167986912659.00635,7414077139.444236,3.65,0.00268621,2.823231531748928,2.823231531748928,2.823231531748928,2.823231531748928
ripple,2025-08-31,2.8166293700860887,167506975112.97137,3135065485.865118,3.65,0.00268621,2.8166293700860887,2.8166293700860887,2.8166293700860887,2.8166293700860887
ripple,2025-09-01,2.776712609891609,165199510162.63672,3175920948.223113,3.65,0.00268621,2.776712609891609,2.776712609891609,2.776712609891609,2.776712609891609
ripple,2025-09-02,2.752094842681695,163668082549.3002,8149612555.21553,3.65,0.00268621,2.752094842681695,2.752094842681695,2.752094842681695,2.752094842681695
ripple,2025-09-03,2.861352340590463,170017343347.65512,7818514399.960052,3.65,0.00268621,2.861352340590463,2.861352340590463,2.861352340590463,2.861352340590463
ripple,2025-09-04,2.8440111306765328,169148418099.79056,4282592689.81749,3.65,0.00268621,2.8440111306765328,2.8440111306765328,2.8440111306765328,2.8440111306765328
ripple,2025-09-05,2.797620314598713,166553893839.9241,4435280469.053911,3.65,0.00268621,2.797620314598713,2.797620314598713,2.797620314598713,2.797620314598713
ripple,2025-09-06,2.8160947139230124,167868172838.93118,6440056634.093668,3.65,0.00268621,2.8160947139230124,2.8160947139230124,2.8160947139230124,2.8160947139230124
ripple,2025-09-07,2.8106516044524614,167555913519.96588,1710108502.3145711,3.65,0.00268621,2.8106516044524614,2.8106516044524614,2.8106516044524614,2.8106516044524614
ripple,2025-09-08,2.881098102223723,171783435959.93152,3758634219.2118864,3.65,0.00268621,2.881098102223723,2.881098102223723,2.881098102223723,2.881098102223723
ripple,2025-09-09,2.9693752178894965,176863943138.69135,5571309023.778589,3.65,0.00268621,2.9693752178894965,2.9693752178894965,2.9693752178894965,2.9693752178894965
ripple,2025-09-10,2.94711316566773,175645238418.85535,5779762469.172943,3.65,0.00268621,2.94711316566773,2.94711316566773,2.94711316566773,2.94711316566773
ripple,2025-09-11,2.9831115371091697,177831215415.68866,4348729235.861674,3.65,0.00268621,2.9831115371091697,2.9831115371091697,2.9831115371091697,2.9831115371091697
ripple,2025-09-12,3.042189592870322,181478948408.56073,5399056673.396303,3.65,0.00268621,3.042189592870322,3.042189592870322,3.042189592870322,3.042189592870322
ripple,2025-09-13,3.1075619727179338,185122997953.71664,6431002504.182876,3.65,0.00268621,3.1075619727179338,3.1075619727179338,3.1075619727179338,3.1075619727179338
ripple,2025-09-14,3.1226735093963653,186140756995.41547,4890402318.793293,3.65,0.00268621,3.1226735093963653,3.1226735093963653,3.1226735093963653,3.1226735093963653
ripple,2025-09-15,3.0312637323512215,180683294841.68112,4717722674.640647,3.65,0.00268621,3.0312637323512215,3.0312637323512215,3.0312637323512215,3.0312637323512215
ripple,2025-09-16,2.9940861270543375,178831483523.20224,5703362169.728064,3.65,0.00268621,2.9940861270543375,2.9940861270543375,2.9940861270543375,2.9940861270543375
ripple,2025-09-17,3.0381334165695297,181512759461.20248,4418021933.675096,3.65,0.00268621,3.0381334165695297,3.0381334165695297,3.0381334165695297,3.0381334165695297
ripple,2025-09-18,3.083983468328553,184265198058.23386,5960257002.7788515,3.65,0.00268621,3.083983468328553,3.083983468328553,3.083983468328553,3.083983468328553
ripple,2025-09-19,3.0778034182571985,183975908931.03992,6283622329.630611,3.65,0.00268621,3.0778034182571985,3.0778034182571985,3.0778034182571985,3.0778034182571985
ripple,2025-09-20,2.9911678094786853,178756914408.9819,4614169289.07877,3.65,0.00268621,2.9911678094786853,2.9911678094786853,2.9911678094786853,2.9911678094786853
ripple,2025-09-21,2.9767316725840836,177890344746.8318,2852138270.2347507,3.65,0.00268621,2.9767316725840836,2.9767316725840836,2.9767316725840836,2.9767316725840836
ripple,2025-09-22,2.9733496913212485,177826889948.96225,2935908283.6015553,3.65,0.00268621,2.9733496913212485,2.9733496913212485,2.9733496913212485,2.9733496913212485
ripple,2025-09-23,2.851139194678168,170400585443.59097,9546312187.865196,3.65,0.00268621,2.851139194678168,2.851139194678168,2.851139194678168,2.851139194678168
ripple,2025-09-24,2.8290556379505225,169113142027.29474,5177734080.177338,3.65,0.00268621,2.8290556379505225,2.8290556379505225,2.8290556379505225,2.8290556379505225
ripple,2025-09-25,2.9285889681239876,175079571412.7056,6006921588.575711,3.65,0.00268621,2.9285889681239876,2.9285889681239876,2.9285889681239876,2.9285889681239876
ripple,2025-09-26,2.7391226387021668,163792649388.02155,8829708798.423235,3.65,0.00268621,2.7391226387021668,2.7391226387021668,2.7391226387021668,2.7391226387021668
ripple,2025-09-27,2.78626651562758,166695488560.7967,7841983939.971406,3.65,0.00268621,2.78626651562758,2.78626651562758,2.78626651562758,2.78626651562758
ripple,2025-09-28,2.8077761197607156,168030941532.4935,2726728376.6703687,3.65,0.00268621,2.8077761197607156,2.8077761197607156,2.8077761197607156,2.8077761197607156
ripple,2025-09-29,2.864956739306865,171433471696.45447,3125937768.2534404,3.65,0.00268621,2.864956739306865,2.864956739306865,2.864956739306865,2.864956739306865
ripple,2025-09-30,2.8820677870561946,172468504580.63516,4981231689.068481,3.65,0.00268621,2.8820677870561946,2.8820677870561946,2.8820677870561946,2.8820677870561946
ripple,2025-10-01,2.844933401817261,170189095368.76358,4802588407.507577,3.65,0.00268621,2.844933401817261,2.844933401817261,2.844933401817261,2.844933401817261
ripple,2025-10-02,2.94479751207665,176324742080.3806,6110060192.870197,3.65,0.00268621,2.94479751207665,2.94479751207665,2.94479751207665,2.94479751207665
ripple,2025-10-03,3.0371524340279654,181705214116.74432,6959329544.208,3.65,0.00268621,3.0371524340279654,3.0371524340279654,3.0371524340279654,3.0371524340279654
ripple,2025-10-04,3.0413663901904453,182195760385.72156,6731126091.339507,3.65,0.00268621,3.0413663901904453,3.0413663901904453,3.0413663901904453,3.0413663901904453
ripple,2025-10-05,2.9697246277119143,177802651636.65665,3974053735.7335005,3.65,0.00268621,2.9697246277119143,2.9697246277119143,2.9697246277119143,2.9697246277119143
ripple,2025-10-06,2.970720012302302,177860837843.72095,5225328731.739178,3.65,0.00268621,2.970720012302302,2.970720012302302,2.970720012302302,2.970720012302302
ripple,2025-10-07,2.991602626695257,179189076600.90665,6276385267.7441635,3.65,0.00268621,2.991602626695257,2.991602626695257,2.991602626695257,2.991602626695257
ripple,2025-10-08,2.857057632365177,171064100928.10922,6973553770.362803,3.65,0.00268621,2.857057632365177,2.857057632365177,2.857057632365177,2.857057632365177
ripple,2025-10-09,2.8805684212620997,172611406399.91275,4524504225.602123,3.65,0.00268621,2.8805684212620997,2.8805684212620997,2.8805684212620997,2.8805684212620997
ripple,2025-10-10,2.8050759101908103,167947986078.64722,5321345626.7661,3.65,0.00268621,2.8050759101908103,2.8050759101908103,2.8050759101908103,2.8050759101908103
ripple,2025-10-11,2.3838350726730484,142892067212.53018,14527451740.654482,3.65,0.00268621,2.3838350726730484,2.3838350726730484,2.3838350726730484,2.3838350726730484
ripple,2025-10-12,2.3859045362580757,142954842575.22836,10663249600.83191,3.65,0.00268621,2.3859045362580757,2.3859045362580757,2.3859045362580757,2.3859045362580757
ripple,2025-10-13,2.5312630934147733,151364418493.13968,9631722980.003696,3.65,0.00268621,2.5312630934147733,2.5312630934147733,2.5312630934147733,2.5312630934147733
ripple,2025-10-14,2.60498951616126,156133172903.8652,8245602245.568772,3.65,0.00268621,2.60498951616126,2.60498951616126,2.60498951616126,2.60498951616126
ripple,2025-10-15,2.5061812994119887,150211264226.71503,7790438551.147718,3.65,0.00268621,2.5061812994119887,2.5061812994119887,2.5061812994119887,2.5061812994119887
ripple,2025-10-16,2.4107851679488945,144461490595.82288,5113981094.090992,3.65,0.00268621,2.4107851679488945,2.4107851679488945,2.4107851679488945,2.4107851679488945
ripple,2025-10-17,2.3252186675017006,139315952355.05777,6480091801.452607,3.65,0.00268621,2.3252186675017006,2.3252186675017006,2.3252186675017006,2.3252186675017006
ripple,2025-10-18,2.2957327819062083,137766791771.10846,7138067279.422384,3.65,0.00268621,2.2957327819062083,2.2957327819062083,2.2957327819062083,2.2957327819062083
ripple,2025-10-19,2.3596315316088416,141516215270.95477,2539623709.4048047,3.65,0.00268621,2.3596315316088416,2.3596315316088416,2.3596315316088416,2.3596315316088416
ripple,2025-10-20,2.389625527633369,143296898584.39374,2947463809.1071744,3.65,0.00268621,2.389625527633369,2.389625527633369,2.389625527633369,2.389625527633369
ripple,2025-10-21,2.490117031449711,149320563020.78088,4217817684.335096,3.65,0.00268621,2.490117031449711,2.490117031449711,2.490117031449711,2.490117031449711
ripple,2025-10-22,2.4235930180546776,145324368852.07394,4700479126.340988,3.65,0.00268621,2.4235930180546776,2.4235930180546776,2.4235930180546776,2.4235930180546776
ripple,2025-10-23,2.3631248548137456,141709247798.4505,4117803198.46909,3.65,0.00268621,2.3631248548137456,2.3631248548137456,2.3631248548137456,2.3631248548137456
ripple,2025-10-24,2.3942046738111324,143681621080.8351,2805206365.048355,3.65,0.00268621,2.3942046738111324,2.3942046738111324,2.3942046738111324,2.3942046738111324
ripple,2025-10-25,2.504825180033832,150337039547.91202,3957219500.7677765,3.65,0.00268621,2.504825180033832,2.504825180033832,2.504825180033832,2.504825180033832
ripple,2025-10-26,2.593725390920985,155824923528.57858,3476558122.062582,3.65,0.00268621,2.593725390920985,2.593725390920985,2.593725390920985,2.593725390920985
ripple,2025-10-27,2.645881508384711,158916439662.16824,3352897036.201619,3.65,0.00268621,2.645881508384711,2.645881508384711,2.645881508384711,2.645881508384711
ripple,2025-10-28,2.6352743169545323,158223409570.23694,4581419643.337282,3.65,0.00268621,2.6352743169545323,2.6352743169545323,2.6352743169545323,2.6352743169545323
ripple,2025-10-29,2.607884184498703,156523824436.52097,5077371785.758396,3.65,0.00268621,2.607884184498703,2.607884184498703,2.607884184498703,2.607884184498703
ripple,2025-10-30,2.5521455809931615,153190098651.65286,4668881978.998613,3.65,0.00268621,2.5521455809931615,2.5521455809931615,2.5521455809931615,2.5521455809931615
ripple,2025-10-31,2.4373365011802233,146186020714.36652,5582711994.939218,3.65,0.00268621,2.4373365011802233,2.4373365011802233,2.4373365011802233,2.4373365011802233
ripple,2025-11-01,2.5081131316915473,150800414241.36542,4396874744.250804,3.65,0.00268621,2.5081131316915473,2.5081131316915473,2.5081131316915473,2.5081131316915473
ripple,2025-11-02,2.504613534721328,150534562819.6467,1724358349.2869337,3.65,0.00268621,2.504613534721328,2.504613534721328,2.504613534721328,2.504613534721328
ripple,2025-11-03,2.527623366103904,151787404806.75775,2165286881.620203,3.65,0.00268621,2.527623366103904,2.527623366103904,2.527623366103904,2.527623366103904
ripple,2025-11-04,2.3075208080429306,138661849487.4611,5863736751.851877,3.65,0.00268621,2.3075208080429306,2.3075208080429306,2.3075208080429306,2.3075208080429306
ripple,2025-11-05,2.2139228610122434,133053897681.95323,9099211476.071411,3.65,0.00268621,2.2139228610122434,2.2139228610122434,2.2139228610122434,2.2139228610122434
ripple,2025-11-06,2.3468300424460398,141129798148.7578,6437838342.036748,3.65,0.00268621,2.3468300424460398,2.3468300424460398,2.3468300424460398,2.3468300424460398
ripple,2025-11-07,2.2091841302505792,132782422867.40593,5338941722.061663,3.65,0.00268621,2.2091841302505792,2.2091841302505792,2.2091841302505792,2.2091841302505792
ripple,2025-11-08,2.315839328722371,139260973653.4914,5583858447.572006,3.65,0.00268621,2.315839328722371,2.315839328722371,2.315839328722371,2.315839328722371
ripple,2025-11-09,2.2848817063829197,137331703405.30908,2951176618.7135286,3.65,0.00268621,2.2848817063829197,2.2848817063829197,2.2848817063829197,2.2848817063829197
ripple,2025-11-10,2.366057070769261,142067317205.8971,2983765683.3379188,3.65,0.00268621,2.366057070769261,2.366057070769261,2.366057070769261,2.366057070769261
ripple,2025-11-11,2.5281078242198647,151974237122.3631,5957396504.577135,3.65,0.00268621,2.5281078242198647,2.5281078242198647,2.5281078242198647,2.5281078242198647
ripple,2025-11-12,2.390172266260892,143727663286.9794,4127451459.3106093,3.65,0.00268621,2.390172266260892,2.390172266260892,2.390172266260892,2.390172266260892
ripple,2025-11-13,2.3832389457846697,143186972759.59644,4420961765.056469,3.65,0.00268621,2.3832389457846697,2.3832389457846697,2.3832389457846697,2.3832389457846697
ripple,2025-11-14,2.331388577331738,140562989006.31635,7201868744.560643,3.65,0.00268621,2.331388577331738,2.331388577331738,2.331388577331738,2.331388577331738
ripple,2025-11-15,2.2488473348561304,135721912859.52069,6710968069.827529,3.65,0.00268621,2.2488473348561304,2.2488473348561304,2.2488473348561304,2.2488473348561304
ripple,2025-11-16,2.235455773730874,134518071270.12082,2804052321.7763157,3.65,0.00268621,2.235455773730874,2.235455773730874,2.235455773730874,2.235455773730874
ripple,2025-11-17,2.218219988506596,133486160752.61365,4122565537.6581736,3.65,0.00268621,2.218219988506596,2.218219988506596,2.218219988506596,2.218219988506596
ripple,2025-11-18,2.160590388035999,129949048741.95013,5961092428.323819,3.65,0.00268621,2.160590388035999,2.160590388035999,2.160590388035999,2.160590388035999
ripple,2025-11-19,2.2139034771189343,133117730031.55574,5619054259.061808,3.65,0.00268621,2.2139034771189343,2.2139034771189343,2.2139034771189343,2.2139034771189343
ripple,2025-11-20,2.1066834909527383,126853721222.81535,6046696552.094389,3.65,0.00268621,2.1066834909527383,2.1066834909527383,2.1066834909527383,2.1066834909527383
ripple,2025-11-21,2.0000407183731164,120853150852.96416,6586717744.018607,3.65,0.00268621,2.0000407183731164,2.0000407183731164,2.0000407183731164,2.0000407183731164
ripple,2025-11-22,1.950091461265794,117518467990.35646,8745429497.04679,3.65,0.00268621,1.950091461265794,1.950091461265794,1.950091461265794,1.950091461265794
ripple,2025-11-23,1.9508235490170465,117596582268.50671,2948690879.784788,3.65,0.00268621,1.9508235490170465,1.9508235490170465,1.9508235490170465,1.9508235490170465
ripple,2025-11-24,2.0449210167731326,123296237500.01303,4002055288.7035675,3.65,0.00268621,2.0449210167731326,2.0449210167731326,2.0449210167731326,2.0449210167731326
ripple,2025-11-25,2.2241484224164743,134156981164.09805,6557948088.8720255,3.65,0.00268621,2.2241484224164743,2.2241484224164743,2.2241484224164743,2.2241484224164743
ripple,2025-11-26,2.1989437346568153,132509142343.04514,4893770222.936652,3.65,0.00268621,2.1989437346568153,2.1989437346568153,2.1989437346568153,2.1989437346568153
ripple,2025-11-27,2.224254821804325,134157655674.29039,3864980774.471227,3.65,0.00268621,2.224254821804325,2.224254821804325,2.224254821804325,2.224254821804325
ripple,2025-11-28,2.201122232723185,132789858572.43163,2726085217.202768,3.65,0.00268621,2.201122232723185,2.201122232723185,2.201122232723185,2.201122232723185
ripple,2025-11-29,2.180631384763347,131563297865.29353,4166261166.887878,3.65,0.00268621,2.180631384763347,2.180631384763347,2.180631384763347,2.180631384763347
ripple,2025-11-30,2.2028096835323647,132904309840.30942,2086873493.9106789,3.65,0.00268621,2.2028096835323647,2.2028096835323647,2.2028096835323647,2.2028096835323647
ripple,2025-12-01,2.1652461437750383,130773769054.38704,1875297052.0970683,3.65,0.00268621,2.1652461437750383,2.1652461437750383,2.1652461437750383,2.1652461437750383
ripple,2025-12-02,2.0310598795228767,122590637081.77548,5252157088.012026,3.65,0.00268621,2.0310598795228767,2.0310598795228767,2.0310598795228767,2.0310598795228767
ripple,2025-12-03,2.1570887957334866,130265478729.2633,4354900493.8598795,3.65,0.00268621,2.1570887957334866,2.1570887957334866,2.1570887957334866,2.1570887957334866
ripple,2025-12-04,2.203321627854195,132937642111.7655,3877677225.490404,3.65,0.00268621,2.203321627854195,2.203321627854195,2.203321627854195,2.203321627854195
ripple,2025-12-05,2.0971829811461946,126486491841.91081,3381495523.1338873,3.65,0.00268621,2.0971829811461946,2.0971829811461946,2.0971829811461946,2.0971829811461946
ripple,2025-12-06,2.0358303092663843,122781280853.37723,3202740426.102295,3.65,0.00268621,2.0358303092663843,2.0358303092663843,2.0358303092663843,2.0358303092663843
ripple,2025-12-07,2.0326777775330633,122577456923.27518,1741973347.7825954,3.65,0.00268621,2.0326777775330633,2.0326777775330633,2.0326777775330633,2.0326777775330633
ripple,2025-12-08,2.039660348972326,123040998729.40932,2814174580.1857,3.65,0.00268621,2.039660348972326,2.039660348972326,2.039660348972326,2.039660348972326
ripple,2025-12-09,2.073039044939783,125066913714.14474,2946868587.6762276,3.65,0.00268621,2.073039044939783,2.073039044939783,2.073039044939783,2.073039044939783
ripple,2025-12-10,2.1094322825594976,127322196940.53752,3532804844.2841587,3.65,0.00268621,2.1094322825594976,2.1094322825594976,2.1094322825594976,2.1094322825594976
ripple,2025-12-11,2.0443398468981213,123493871175.6185,3816532715.773637,3.65,0.00268621,2.0443398468981213,2.0443398468981213,2.0443398468981213,2.0443398468981213
ripple,2025-12-12,2.036028301991718,122945482685.17928,3619433671.922628,3.65,0.00268621,2.036028301991718,2.036028301991718,2.036028301991718,2.036028301991718
ripple,2025-12-13,2.009806618706698,121271367985.15312,2573443943.1024375,3.65,0.00268621,2.009806618706698,2.009806618706698,2.009806618706698,2.009806618706698
ripple,2025-12-14,2.0236207828673027,122081658806.46567,1638329045.9617126,3.65,0.00268621,2.0236207828673027,2.0236207828673027,2.0236207828673027,2.0236207828673027
ripple,2025-12-15,1.9808608019799367,119696831895.82625,1662227235.9201374,3.65,0.00268621,1.9808608019799367,1.9808608019799367,1.9808608019799367,1.9808608019799367
ripple,2025-12-16,1.8967832092786066,114709077203.17761,3359008503.2404523,3.65,0.00268621,1.8967832092786066,1.8967832092786066,1.8967832092786066,1.8967832092786066
ripple,2025-12-17,1.92957963013441,116635881218.18115,3005631457.533856,3.65,0.00268621,1.92957963013441,1.92957963013441,1.92957963013441,1.92957963013441
ripple,2025-12-18,1.8617053529191656,112627063671.41014,3390182058.284411,3.65,0.00268621,1.8617053529191656,1.8617053529191656,1.8617053529191656,1.8617053529191656
ripple,2025-12-19,1.8076154274178682,109302270096.60616,3612274082.3282104,3.65,0.00268621,1.8076154274178682,1.8076154274178682,1.8076154274178682,1.8076154274178682
ripple,2025-12-20,1.9061295130778346,115440151450.5477,3828265033.4697814,3.65,0.00268621,1.9061295130778346,1.9061295130778346,1.9061295130778346,1.9061295130778346
ripple,2025-12-21,1.9319648860420446,117001210129.14806,1932779389.3783448,3.65,0.00268621,1.9319648860420446,1.9319648860420446,1.9319648860420446,1.9319648860420446
ripple,2025-12-22,1.9229550458561633,116507654772.39102,2382840270.575519,3.65,0.00268621,1.9229550458561633,1.9229550458561633,1.9229550458561633,1.9229550458561633
ripple,2025-12-23,1.9022227646374048,115209591340.63138,2651446686.9901094,3.65,0.00268621,1.9022227646374048,1.9022227646374048,1.9022227646374048,1.9022227646374048
ripple,2025-12-24,1.8732711631167218,113540049924.98172,2189849525.070096,3.65,0.00268621,1.8732711631167218,1.8732711631167218,1.8732711631167218,1.8732711631167218
ripple,2025-12-25,1.8619926573243448,112759823021.59952,1861506176.4159274,3.65,0.00268621,1.8619926573243448,1.8619926573243448,1.8619926573243448,1.8619926573243448
ripple,2025-12-26,1.8316249623782512,110961112657.54439,1493330838.0513897,3.65,0.00268621,1.8316249623782512,1.8316249623782512,1.8316249623782512,1.8316249623782512
ripple,2025-12-27,1.8429652913700634,111590253884.79008,2209256420.990584,3.65,0.00268621,1.8429652913700634,1.8429652913700634,1.8429652913700634,1.8429652913700634
ripple,2025-12-28,1.8733931841347928,113432868120.26703,1072203696.9962319,3.65,0.00268621,1.8733931841347928,1.8733931841347928,1.8733931841347928,1.8733931841347928
ripple,2025-12-29,1.8645585666057287,112943419117.96327,1051639406.5507206,3.65,0.00268621,1.8645585666057287,1.8645585666057287,1.8645585666057287,1.8645585666057287
ripple,2025-12-30,1.8475397987365316,111915660113.13713,2154437316.704437,3.65,0.00268621,1.8475397987365316,1.8475397987365316,1.8475397987365316,1.8475397987365316
ripple,2025-12-31,1.875100431832473,113760103518.08258,1770784550.6482005,3.65,0.00268621,1.875100431832473,1.875100431832473,1.875100431832473,1.875100431832473
ripple,2026-01-01,1.839340516228945,111584107850.57034,1986683249.2510095,3.65,0.00268621,1.839340516228945,1.839340516228945,1.839340516228945,1.839340516228945
ripple,2026-01-02,1.876580133618003,113862299868.79008,1320741185.2758563,3.65,0.00268621,1.876580133618003,1.876580133618003,1.876580133618003,1.876580133618003
ripple,2026-01-03,2.0067430670680815,121857970095.58598,3943913978.3811316,3.65,0.00268621,2.0067430670680815,2.0067430670680815,2.0067430670680815,2.0067430670680815
ripple,2026-01-04,2.0175062731579767,122417798650.40025,2137653321.6922295,3.65,0.00268621,2.0175062731579767,2.0175062731579767,2.0175062731579767,2.0175062731579767
ripple,2026-01-05,2.090232038436175,126829332926.84306,3491447473.346127,3.65,0.00268621,2.090232038436175,2.090232038436175,2.090232038436175,2.090232038436175
ripple,2026-01-06,2.357096532639873,143217645894.35986,6981059724.119276,3.65,0.00268621,2.357096532639873,2.357096532639873,2.357096532639873,2.357096532639873
ripple,2026-01-07,2.306181895074802,139893355179.23517,7718903451.343482,3.65,0.00268621,2.306181895074802,2.306181895074802,2.306181895074802,2.306181895074802
ripple,2026-01-08,2.1647432080023226,131342647579.56671,3933188250.085719,3.65,0.00268621,2.1647432080023226,2.1647432080023226,2.1647432080023226,2.1647432080023226
ripple,2026-01-09,2.1251717689023337,128890902402.58136,5270459509.983097,3.65,0.00268621,2.1251717689023337,2.1251717689023337,2.1251717689023337,2.1251717689023337
ripple,2026-01-10,2.0927673320195863,127046182295.17743,3580881033.552049,3.65,0.00268621,2.0927673320195863,2.0927673320195863,2.0927673320195863,2.0927673320195863
ripple,2026-01-11,2.088652195195928,126788332730.89705,1185425135.648107,3.65,0.00268621,2.088652195195928,2.088652195195928,2.088652195195928,2.088652195195928
ripple,2026-01-12,2.0697438242842803,125631699720.31146,1698438506.3349962,3.65,0.00268621,2.0697438242842803,2.0697438242842803,2.0697438242842803,2.0697438242842803
ripple,2026-01-13,2.0521552957803872,124566610364.54211,3538073080.2306595,3.65,0.00268621,2.0521552957803872,2.0521552957803872,2.0521552957803872,2.0521552957803872
ripple,2026-01-14,2.1573149435015675,130871637991.65312,4469146045.532499,3.65,0.00268621,2.1573149435015675,2.1573149435015675,2.1573149435015675,2.1573149435015675
ripple,2026-01-15,2.139155616612297,129865391288.69981,4627908270.133213,3.65,0.00268621,2.139155616612297,2.139155616612297,2.139155616612297,2.139155616612297
ripple,2026-01-16,2.077452437224596,126091557245.72693,3301259184.691072,3.65,0.00268621,2.077452437224596,2.077452437224596,2.077452437224596,2.077452437224596
ripple,2026-01-17,2.068150596847967,125743867931.1332,2273798787.6626887,3.65,0.00268621,2.068150596847967,2.068150596847967,2.068150596847967,2.068150596847967
ripple,2026-01-18,2.0617458056300615,125335465140.71304,1404494407.9135468,3.65,0.00268621,2.0617458056300615,2.0617458056300615,2.0617458056300615,2.0617458056300615
ripple,2026-01-19,1.9952673135379637,121358650247.96336,1781139047.8049212,3.65,0.00268621,1.9952673135379637,1.9952673135379637,1.9952673135379637,1.9952673135379637
ripple,2026-01-20,1.9884649839518649,120903244308.55229,4484499454.551772,3.65,0.00268621,1.9884649839518649,1.9884649839518649,1.9884649839518649,1.9884649839518649
ripple,2026-01-21,1.8875376220238804,114737701418.28467,3560105108.4704037,3.65,0.00268621,1.8875376220238804,1.8875376220238804,1.8875376220238804,1.8875376220238804
ripple,2026-01-22,1.9437698220745168,118174939473.1962,4373543601.388078,3.65,0.00268621,1.9437698220745168,1.9437698220745168,1.9437698220745168,1.9437698220745168
ripple,2026-01-23,1.9204225104332826,116745867275.0725,2482726665.808774,3.65,0.00268621,1.9204225104332826,1.9204225104332826,1.9204225104332826,1.9204225104332826
ripple,2026-01-24,1.9194180431938297,116806714475.3337,2457868832.677946,3.65,0.00268621,1.9194180431938297,1.9194180431938297,1.9194180431938297,1.9194180431938297
ripple,2026-01-25,1.9133958344258726,116446105795.45094,968018842.4258535,3.65,0.00268621,1.9133958344258726,1.9133958344258726,1.9133958344258726,1.9133958344258726
ripple,2026-01-26,1.8327098897122869,111546255615.77956,2684312944.636563,3.65,0.00268621,1.8327098897122869,1.8327098897122869,1.8327098897122869,1.8327098897122869
ripple,2026-01-27,1.9041128051204959,115887503699.2417,3018423074.1581607,3.65,0.00268621,1.9041128051204959,1.9041128051204959,1.9041128051204959,1.9041128051204959
ripple,2026-01-28,1.9156777360466681,116574716597.83336,2185133793.3887277,3.65,0.00268621,1.9156777360466681,1.9156777360466681,1.9156777360466681,1.9156777360466681
ripple,2026-01-29,1.9072302990012404,116052628994.01955,2284142099.392457,3.65,0.00268621,1.9072302990012404,1.9072302990012404,1.9072302990012404,1.9072302990012404
ripple,2026-01-30,1.8050831186611875,109849188044.60716,4578118341.550557,3.65,0.00268621,1.8050831186611875,1.8050831186611875,1.8050831186611875,1.8050831186611875
ripple,2026-01-31,1.7327720854202893,105432128839.02545,4982772913.271413,3.65,0.00268621,1.7327720854202893,1.7327720854202893,1.7327720854202893,1.7327720854202893
ripple,2026-02-01,1.6436658882901531,99939565671.385,6100029928.638935,3.65,0.00268621,1.6436658882901531,1.6436658882901531,1.6436658882901531,1.6436658882901531
ripple,2026-02-02,1.5944442621009838,97028843949.16516,4426810243.522153,3.65,0.00268621,1.5944442621009838,1.5944442621009838,1.5944442621009838,1.5944442621009838
ripple,2026-02-03,1.6206030260795774,98619699555.84525,4890476934.988525,3.65,0.00268621,1.6206030260795774,1.6206030260795774,1.6206030260795774,1.6206030260795774
ripple,2026-02-04,1.5725414380096223,95712683975.12364,3968540367.482821,3.65,0.00268621,1.5725414380096223,1.5725414380096223,1.5725414380096223,1.5725414380096223
usd-coin,2025-02-06,1.0000064801411843,55317788890.17136,7149629228.380471,1.17,0.877647,1.0000064801411843,1.0000064801411843,1.0000064801411843,1.0000064801411843
usd-coin,2025-02-07,0.9999990831756363,55748033823.79973,10239201603.984999,1.17,0.877647,0.9999990831756363,0.9999990831756363,0.9999990831756363,0.9999990831756363
usd-coin,2025-02-08,0.9999954497601323,56226639082.65023,7985884017.395712,1.17,0.877647,0.9999954497601323,0.9999954497601323,0.9999954497601323,0.9999954497601323
usd-coin,2025-02-09,0.9999951153314031,56045142850.3149,4635278099.939955,1.17,0.877647,0.9999951153314031,0.9999951153314031,0.9999951153314031,0.9999951153314031
usd-coin,2025-02-10,0.9999982671246745,56202492564.076385,5373060669.746971,1.17,0.877647,0.9999982671246745,0.9999982671246745,0.9999982671246745,0.9999982671246745
usd-coin,2025-02-11,0.9999018522623695,56243672309.97475,6032608498.883689,1.17,0.877647,0.9999018522623695,0.9999018522623695,0.9999018522623695,0.9999018522623695
usd-coin,2025-02-12,0.9999126258297392,56065914550.61756,8896231428.80024,1.17,0.877647,0.9999126258297392,0.9999126258297392,0.9999126258297392,0.9999126258297392
usd-coin,2025-02-13,0.9999022028781105,56066099350.1706,6636060784.466048,1.17,0.877647,0.9999022028781105,0.9999022028781105,0.9999022028781105,0.9999022028781105
usd-coin,2025-02-14,0.9999026348113932,56094898069.45146,4480921603.025689,1.17,0.877647,0.9999026348113932,0.9999026348113932,0.9999026348113932,0.9999026348113932
usd-coin,2025-02-15,0.9999471562049712,56299817405.64193,9539411641.3663,1.17,0.877647,0.9999471562049712,0.9999471562049712,0.9999471562049712,0.9999471562049712
usd-coin,2025-02-16,0.9999838579020802,56368613717.77036,3348256846.9128246,1.17,0.877647,0.9999838579020802,0.9999838579020802,0.9999838579020802,0.9999838579020802
usd-coin,2025-02-17,0.9999419956863579,56453148857.788345,4320299475.6547,1.17,0.877647,0.9999419956863579,0.9999419956863579,0.9999419956863579,0.9999419956863579
usd-coin,2025-02-18,0.999903892893537,56470447396.85341,4970191860.304846,1.17,0.877647,0.999903892893537,0.999903892893537,0.999903892893537,0.999903892893537
usd-coin,2025-02-19,0.9998438386561747,56216659021.47815,9667532507.033255,1.17,0.877647,0.9998438386561747,0.9998438386561747,0.9998438386561747,0.9998438386561747
usd-coin,2025-02-20,0.9999026547146316,56248466121.780624,4774302136.142498,1.17,0.877647,0.9999026547146316,0.9999026547146316,0.9999026547146316,0.9999026547146316
usd-coin,2025-02-21,0.9998100353878798,56204435443.24322,8507492155.706102,1.17,0.877647,0.9998100353878798,0.9998100353878798,0.9998100353878798,0.9998100353878798
usd-coin,2025-02-22,0.9998956472630667,57200106375.8615,7716192739.299717,1.17,0.877647,0.9998956472630667,0.9998956472630667,0.9998956472630667,0.9998956472630667
usd-coin,2025-02-23,0.9999972018587785,57088551689.01071,3601125351.2540383,1.17,0.877647,0.9999972018587785,0.9999972018587785,0.9999972018587785,0.9999972018587785
usd-coin,2025-02-24,0.9999188775239235,57171310844.065796,5605824970.103181,1.17,0.877647,0.9999188775239235,0.9999188775239235,0.9999188775239235,0.9999188775239235
usd-coin,2025-02-25,0.9998752223253229,56618758433.24564,12628543326.481241,1.17,0.877647,0.9998752223253229,0.9998752223253229,0.9998752223253229,0.9998752223253229
usd-coin,2025-02-26,0.9998680504636228,56192790045.027016,20467084506.764935,1.17,0.877647,0.9998680504636228,0.9998680504636228,0.9998680504636228,0.9998680504636228
usd-coin,2025-02-27,0.999867170565736,56032298616.47792,14360930703.11603,1.17,0.877647,0.999867170565736,0.999867170565736,0.999867170565736,0.999867170565736
usd-coin,2025-02-28,0.9998958101649879,55583497658.14039,7739479521.505494,1.17,0.877647,0.9998958101649879,0.9998958101649879,0.9998958101649879,0.9998958101649879
usd-coin,2025-03-01,0.9998538941795755,56371329450.41739,17261430508.861427,1.17,0.877647,0.9998538941795755,0.9998538941795755,0.9998538941795755,0.9998538941795755
usd-coin,2025-03-02,0.9998861322401656,56349522697.493355,6198515813.494904,1.17,0.877647,0.9998861322401656,0.9998861322401656,0.9998861322401656,0.9998861322401656
usd-coin,2025-03-03,0.9999710558581975,56369921922.39565,15491415690.692905,1.17,0.877647,0.9999710558581975,0.9999710558581975,0.9999710558581975,0.9999710558581975
usd-coin,2025-03-04,0.9998166810872576,56198202737.25478,15831157787.41567,1.17,0.877647,0.9998166810872576,0.9998166810872576,0.9998166810872576,0.9998166810872576
usd-coin,2025-03-05,0.9999116978637251,56439264548.44254,16248213426.08639,1.17,0.877647,0.9999116978637251,0.9999116978637251,0.9999116978637251,0.9999116978637251
usd-coin,2025-03-06,0.999861315158062,56982960088.00919,10763442801.054905,1.17,0.877647,0.999861315158062,0.999861315158062,0.999861315158062,0.999861315158062
usd-coin,2025-03-07,0.9998821076116345,57254502821.51425,6771472820.548251,1.17,0.877647,0.9998821076116345,0.9998821076116345,0.9998821076116345,0.9998821076116345
usd-coin,2025-03-08,0.9998566340821032,58073873298.69157,14166163941.901237,1.17,0.877647,0.9998566340821032,0.9998566340821032,0.9998566340821032,0.9998566340821032
usd-coin,2025-03-09,0.9998551342267175,58111794745.41619,4134196398.4324083,1.17,0.877647,0.9998551342267175,0.9998551342267175,0.9998551342267175,0.9998551342267175
usd-coin,2025-03-10,0.9998714600140522,58113399484.633224,7472684986.287529,1.17,0.877647,0.9998714600140522,0.9998714600140522,0.9998714600140522,0.9998714600140522
usd-coin,2025-03-11,0.9997934594528367,57861728800.76436,14873992254.20318,1.17,0.877647,0.9997934594528367,0.9997934594528367,0.9997934594528367,0.9997934594528367
usd-coin,2025-03-12,0.9998765615988634,58113401410.64924,14680271085.773857,1.17,0.877647,0.9998765615988634,0.9998765615988634,0.9998765615988634,0.9998765615988634
usd-coin,2025-03-13,0.9997975216017498,58253458127.41888,10059809855.87136,1.17,0.877647,0.9997975216017498,0.9997975216017498,0.9997975216017498,0.9997975216017498
usd-coin,2025-03-14,0.9998720286025311,58318828935.29026,12503536704.747828,1.17,0.877647,0.9998720286025311,0.9998720286025311,0.9998720286025311,0.9998720286025311
usd-coin,2025-03-15,0.9998949956984708,58580801911.092316,7501577401.54886,1.17,0.877647,0.9998949956984708,0.9998949956984708,0.9998949956984708,0.9998949956984708
usd-coin,2025-03-16,0.9998990187011486,58767867934.42892,3389862525.8024635,1.17,0.877647,0.9998990187011486,0.9998990187011486,0.9998990187011486,0.9998990187011486
usd-coin,2025-03-17,0.9997980209524483,58706368120.6834,3836849251.317115,1.17,0.877647,0.9997980209524483,0.9997980209524483,0.9997980209524483,0.9997980209524483
usd-coin,2025-03-18,0.9998685184528096,58797192317.786224,8387769999.330335,1.17,0.877647,0.9998685184528096,0.9998685184528096,0.9998685184528096,0.9998685184528096
usd-coin,2025-03-19,0.9998537762109126,58812622301.138245,8346454614.618822,1.17,0.877647,0.9998537762109126,0.9998537762109126,0.9998537762109126,0.9998537762109126
usd-coin,2025-03-20,0.9997992264427935,59120717325.77411,7151949721.622108,1.17,0.877647,0.9997992264427935,0.9997992264427935,0.9997992264427935,0.9997992264427935
usd-coin,2025-03-21,0.9997994717694941,59156318408.93176,6095908172.445787,1.17,0.877647,0.9997994717694941,0.9997994717694941,0.9997994717694941,0.9997994717694941
usd-coin,2025-03-22,0.9998961094358574,59598715491.91018,4087961491.66146,1.17,0.877647,0.9998961094358574,0.9998961094358574,0.9998961094358574,0.9998961094358574
usd-coin,2025-03-23,0.9998934142288918,59608085871.17322,1689818447.6403055,1.17,0.877647,0.9998934142288918,0.9998934142288918,0.9998934142288918,0.9998934142288918
usd-coin,2025-03-24,0.9998605920972774,59696955513.089264,4476144516.665154,1.17,0.877647,0.9998605920972774,0.9998605920972774,0.9998605920972774,0.9998605920972774
usd-coin,2025-03-25,0.9998694584454013,59698466612.642624,10411079163.014696,1.17,0.877647,0.9998694584454013,0.9998694584454013,0.9998694584454013,0.9998694584454013
usd-coin,2025-03-26,0.9998724134989011,60053637822.541916,9348740744.733961,1.17,0.877647,0.9998724134989011,0.9998724134989011,0.9998724134989011,0.9998724134989011
usd-coin,2025-03-27,0.9998980654962645,60151001187.55841,7248632302.038757,1.17,0.877647,0.9998980654962645,0.9998980654962645,0.9998980654962645,0.9998980654962645
usd-coin,2025-03-28,0.9998938751329984,60340763781.93035,9569950521.666126,1.17,0.877647,0.9998938751329984,0.9998938751329984,0.9998938751329984,0.9998938751329984
usd-coin,2025-03-29,0.9999837951571748,60252631298.78622,11664786038.092247,1.17,0.877647,0.9999837951571748,0.9999837951571748,0.9999837951571748,0.9999837951571748
usd-coin,2025-03-30,0.9999722467288958,60247248034.66066,6860733820.475009,1.17,0.877647,0.9999722467288958,0.9999722467288958,0.9999722467288958,0.9999722467288958
usd-coin,2025-03-31,1.0,60187903065.60574,3114496900.1455336,1.17,0.877647,1.0,1.0,1.0,1.0
usd-coin,2025-04-01,0.9999896901042371,60076751940.63524,9494936677.12019,1.17,0.877647,0.9999896901042371,0.9999896901042371,0.9999896901042371,0.9999896901042371
usd-coin,2025-04-02,0.9999507081548138,60114128865.34188,9765632630.294813,1.17,0.877647,0.9999507081548138,0.9999507081548138,0.9999507081548138,0.9999507081548138
usd-coin,2025-04-03,0.9999075178643319,60650587987.37439,15668393222.50445,1.17,0.877647,0.9999075178643319,0.9999075178643319,0.9999075178643319,0.9999075178643319
usd-coin,2025-04-04,0.9998883692291609,60865979160.24839,10858706444.602482,1.17,0.877647,0.9998883692291609,0.9998883692291609,0.9998883692291609,0.9998883692291609
usd-coin,2025-04-05,0.99988938885375,60568013233.0866,11161660424.118114,1.17,0.877647,0.99988938885375,0.99988938885375,0.99988938885375,0.99988938885375
usd-coin,2025-04-06,0.9999331629894682,60529071048.71366,4858934563.068049,1.17,0.877647,0.9999331629894682,0.9999331629894682,0.9999331629894682,0.9999331629894682
usd-coin,2025-04-07,0.9999479409440708,60328792921.00663,12410053841.314465,1.17,0.877647,0.9999479409440708,0.9999479409440708,0.9999479409440708,0.9999479409440708
usd-coin,2025-04-08,0.9999318526382561,60135120225.11815,27219427130.623074,1.17,0.877647,0.9999318526382561,0.9999318526382561,0.9999318526382561,0.9999318526382561
usd-coin,2025-04-09,0.9998881783890707,60138507773.40787,15774772166.370958,1.17,0.877647,0.9998881783890707,0.9998881783890707,0.9998881783890707,0.9998881783890707
usd-coin,2025-04-10,0.99991514849561,59937806991.816505,20640401275.32122,1.17,0.877647,0.99991514849561,0.99991514849561,0.99991514849561,0.99991514849561
usd-coin,2025-04-11,0.9999491868771053,59918561216.02685,13479523059.886803,1.17,0.877647,0.9999491868771053,0.9999491868771053,0.9999491868771053,0.9999491868771053
usd-coin,2025-04-12,0.9999829246535156,60074656977.702385,7042913886.384098,1.17,0.877647,0.9999829246535156,0.9999829246535156,0.9999829246535156,0.9999829246535156
usd-coin,2025-04-13,0.9999731260908817,60085387673.157455,5177606355.436683,1.17,0.877647,0.9999731260908817,0.9999731260908817,0.9999731260908817,0.9999731260908817
usd-coin,2025-04-14,0.999898582350066,60050950076.58255,7674095729.206016,1.17,0.877647,0.999898582350066,0.999898582350066,0.999898582350066,0.999898582350066
usd-coin,2025-04-15,0.9998955092500659,60199908506.245766,8645835762.977684,1.17,0.877647,0.9998955092500659,0.9998955092500659,0.9998955092500659,0.9998955092500659
usd-coin,2025-04-16,0.999896199107263,60417188776.17674,7027908929.451099,1.17,0.877647,0.999896199107263,0.999896199107263,0.999896199107263,0.999896199107263
usd-coin,2025-04-17,0.9999842196107162,60482834985.68738,3893357454.8418775,1.17,0.877647,0.9999842196107162,0.9999842196107162,0.9999842196107162,0.9999842196107162
usd-coin,2025-04-18,0.9999863332853353,60905068137.7922,3973374638.8121934,1.17,0.877647,0.9999863332853353,0.9999863332853353,0.9999863332853353,0.9999863332853353
usd-coin,2025-04-19,0.9998877566963064,60899531624.784546,2747135812.8322825,1.17,0.877647,0.9998877566963064,0.9998877566963064,0.9998877566963064,0.9998877566963064
usd-coin,2025-04-20,0.9999059314441625,60905279546.47661,3651275385.9369183,1.17,0.877647,0.9999059314441625,0.9999059314441625,0.9999059314441625,0.9999059314441625
usd-coin,2025-04-21,0.9999937282175457,60912555306.20599,3061989431.016242,1.17,0.877647,0.9999937282175457,0.9999937282175457,0.9999937282175457,0.9999937282175457
usd-coin,2025-04-22,0.9999295268412306,60928832833.85901,10955380199.080444,1.17,0.877647,0.9999295268412306,0.9999295268412306,0.9999295268412306,0.9999295268412306
usd-coin,2025-04-23,0.999948040635173,61589269101.35528,14785509301.49456,1.17,0.877647,0.999948040635173,0.999948040635173,0.999948040635173,0.999948040635173
usd-coin,2025-04-24,0.9999844241548552,61896921299.12466,10719066894.985643,1.17,0.877647,0.9999844241548552,0.9999844241548552,0.9999844241548552,0.9999844241548552
usd-coin,2025-04-25,0.9999750658954055,62129850660.586266,12052791801.641602,1.17,0.877647,0.9999750658954055,0.9999750658954055,0.9999750658954055,0.9999750658954055
usd-coin,2025-04-26,0.9999995370986379,62325968054.99818,7089443531.60396,1.17,0.877647,0.9999995370986379,0.9999995370986379,0.9999995370986379,0.9999995370986379
usd-coin,2025-04-27,0.9999986048754816,62251662906.80433,4565749497.49175,1.17,0.877647,0.9999986048754816,0.9999986048754816,0.9999986048754816,0.9999986048754816
usd-coin,2025-04-28,0.9998999514177543,62076749988.76833,4206296030.2634163,1.17,0.877647,0.9998999514177543,0.9998999514177543,0.9998999514177543,0.9998999514177543
usd-coin,2025-04-29,0.9999802998301959,62026261648.921,11802367596.126701,1.17,0.877647,0.9999802998301959,0.9999802998301959,0.9999802998301959,0.9999802998301959
usd-coin,2025-04-30,0.9999556644692158,62142665088.87474,9641966371.61704,1.17,0.877647,0.9999556644692158,0.9999556644692158,0.9999556644692158,0.9999556644692158
usd-coin,2025-05-01,0.9999627786270868,61508869555.16433,9885218133.687128,1.17,0.877647,0.9999627786270868,0.9999627786270868,0.9999627786270868,0.9999627786270868
usd-coin,2025-05-02,0.9999635274804305,61469063386.18792,9909322889.193735,1.17,0.877647,0.9999635274804305,0.9999635274804305,0.9999635274804305,0.9999635274804305
usd-coin,2025-05-03,0.9998998519590344,61520122153.8279,5792030763.152974,1.17,0.877647,0.9998998519590344,0.9998998519590344,0.9998998519590344,0.9998998519590344
usd-coin,2025-05-04,0.999937736431367,61504588129.61178,4604513309.510568,1.17,0.877647,0.999937736431367,0.999937736431367,0.999937736431367,0.999937736431367
usd-coin,2025-05-05,0.9999975405584395,61502292587.1267,3043739723.4268956,1.17,0.877647,0.9999975405584395,0.9999975405584395,0.9999975405584395,0.9999975405584395
usd-coin,2025-05-06,0.9999773199852275,61786628299.92093,9174351526.81525,1.17,0.877647,0.9999773199852275,0.9999773199852275,0.9999773199852275,0.9999773199852275
usd-coin,2025-05-07,0.9999014817630761,60949351180.20576,4838925645.9273205,1.17,0.877647,0.9999014817630761,0.9999014817630761,0.9999014817630761,0.9999014817630761
usd-coin,2025-05-08,0.9999593641301138,60947364928.44116,10506838904.661339,1.17,0.877647,0.9999593641301138,0.9999593641301138,0.9999593641301138,0.9999593641301138
usd-coin,2025-05-09,0.9998971876187515,60867341067.19171,13320091803.523188,1.17,0.877647,0.9998971876187515,0.9998971876187515,0.9998971876187515,0.9998971876187515
usd-coin,2025-05-10,0.9999006044323925,60689997043.40309,10205770996.13306,1.17,0.877647,0.9999006044323925,0.9999006044323925,0.9999006044323925,0.9999006044323925
usd-coin,2025-05-11,0.9999441334184268,60800003218.424,11482487539.764992,1.17,0.877647,0.9999441334184268,0.9999441334184268,0.9999441334184268,0.9999441334184268
usd-coin,2025-05-12,0.9999971273695785,60801300532.30528,6017315896.781787,1.17,0.877647,0.9999971273695785,0.9999971273695785,0.9999971273695785,0.9999971273695785
usd-coin,2025-05-13,0.9999763076284792,60886438189.638725,15733243978.45645,1.17,0.877647,0.9999763076284792,0.9999763076284792,0.9999763076284792,0.9999763076284792
usd-coin,2025-05-14,1.0000010178383059,60861380673.33633,10836912043.758236,1.17,0.877647,1.0000010178383059,1.0000010178383059,1.0000010178383059,1.0000010178383059
usd-coin,2025-05-15,0.999949465385461,60631968614.49602,11541407021.06087,1.17,0.877647,0.999949465385461,0.999949465385461,0.999949465385461,0.999949465385461
usd-coin,2025-05-16,0.999902298068884,60575195332.76094,6496149165.812416,1.17,0.877647,0.999902298068884,0.999902298068884,0.999902298068884,0.999902298068884
usd-coin,2025-05-17,0.9999007264104943,60805371271.162575,6465464447.318953,1.17,0.877647,0.9999007264104943,0.9999007264104943,0.9999007264104943,0.9999007264104943
usd-coin,2025-05-18,0.9998996603823109,60894170790.318344,3154936260.3220906,1.17,0.877647,0.9998996603823109,0.9998996603823109,0.9998996603823109,0.9998996603823109
usd-coin,2025-05-19,0.9998672306969721,60855229769.997635,8272700126.601007,1.17,0.877647,0.9998672306969721,0.9998672306969721,0.9998672306969721,0.9998672306969721
usd-coin,2025-05-20,0.9998580108986679,60617499885.70176,11593770086.682932,1.17,0.877647,0.9998580108986679,0.9998580108986679,0.9998580108986679,0.9998580108986679
usd-coin,2025-05-21,0.9998333071316389,60660002910.37936,11574159527.551695,1.17,0.877647,0.9998333071316389,0.9998333071316389,0.9998333071316389,0.9998333071316389
usd-coin,2025-05-22,0.9997754173620144,61178036077.039345,15339959266.928135,1.17,0.877647,0.9997754173620144,0.9997754173620144,0.9997754173620144,0.9997754173620144
usd-coin,2025-05-23,0.9997832831167499,61212203672.456055,14242101250.72035,1.17,0.877647,0.9997832831167499,0.9997832831167499,0.9997832831167499,0.9997832831167499
usd-coin,2025-05-24,0.9997612119273768,61723721871.26919,15193959010.344732,1.17,0.877647,0.9997612119273768,0.9997612119273768,0.9997612119273768,0.9997612119273768
usd-coin,2025-05-25,0.9997985216168367,61721143708.71242,4277432002.5400286,1.17,0.877647,0.9997985216168367,0.9997985216168367,0.9997985216168367,0.9997985216168367
usd-coin,2025-05-26,0.9997871665879619,61701492712.77306,3841607328.936081,1.17,0.877647,0.9997871665879619,0.9997871665879619,0.9997871665879619,0.9997871665879619
usd-coin,2025-05-27,0.9997886714957062,61543750452.91037,7681813485.096442,1.17,0.877647,0.9997886714957062,0.9997886714957062,0.9997886714957062,0.9997886714957062
usd-coin,2025-05-28,0.9997645882598158,61392676922.02948,10272658040.83204,1.17,0.877647,0.9997645882598158,0.9997645882598158,0.9997645882598158,0.9997645882598158
usd-coin,2025-05-29,0.9997839083422009,61255011415.83986,8785572366.438305,1.17,0.877647,0.9997839083422009,0.9997839083422009,0.9997839083422009,0.9997839083422009
usd-coin,2025-05-30,0.9997843066845683,61116764897.10546,10123886060.954245,1.17,0.877647,0.9997843066845683,0.9997843066845683,0.9997843066845683,0.9997843066845683
usd-coin,2025-05-31,0.9998677569428971,61040432498.467636,11043310784.806791,1.17,0.877647,0.9998677569428971,0.9998677569428971,0.9998677569428971,0.9998677569428971
usd-coin,2025-06-01,0.9997716021614228,60965783559.03569,6232014042.108347,1.17,0.877647,0.9997716021614228,0.9997716021614228,0.9997716021614228,0.9997716021614228
usd-coin,2025-06-02,0.9997964452787363,60910872304.54951,3201467282.8467107,1.17,0.877647,0.9997964452787363,0.9997964452787363,0.9997964452787363,0.9997964452787363
usd-coin,2025-06-03,0.9997979135082776,60931561094.54832,5556846147.883157,1.17,0.877647,0.9997979135082776,0.9997979135082776,0.9997979135082776,0.9997979135082776
usd-coin,2025-06-04,0.9998092918813778,61456111625.28465,4603118225.478458,1.17,0.877647,0.9998092918813778,0.9998092918813778,0.9998092918813778,0.9998092918813778
usd-coin,2025-06-05,0.9997757072803419,61503892540.73508,6963434636.667459,1.17,0.877647,0.9997757072803419,0.9997757072803419,0.9997757072803419,0.9997757072803419
usd-coin,2025-06-06,0.9998132217813942,61192830801.60007,11841628978.786406,1.17,0.877647,0.9998132217813942,0.9998132217813942,0.9998132217813942,0.9998132217813942
usd-coin,2025-06-07,0.9997797245091586,61108371805.51531,9068077504.066528,1.17,0.877647,0.9997797245091586,0.9997797245091586,0.9997797245091586,0.9997797245091586
usd-coin,2025-06-08,0.999776979824994,61079859748.93986,4713552024.309541,1.17,0.877647,0.999776979824994,0.999776979824994,0.999776979824994,0.999776979824994
usd-coin,2025-06-09,0.9997657971921916,61069252946.978134,4370864484.419675,1.17,0.877647,0.9997657971921916,0.9997657971921916,0.9997657971921916,0.9997657971921916
usd-coin,2025-06-10,0.9997682011657161,61025956000.80089,9199047156.50604,1.17,0.877647,0.9997682011657161,0.9997682011657161,0.9997682011657161,0.9997682011657161
usd-coin,2025-06-11,0.999781857788602,60981759148.884056,11191823608.509502,1.17,0.877647,0.999781857788602,0.999781857788602,0.999781857788602,0.999781857788602
usd-coin,2025-06-12,0.9997887544418851,61234323266.67027,11645514328.313034,1.17,0.877647,0.9997887544418851,0.9997887544418851,0.9997887544418851,0.9997887544418851
usd-coin,2025-06-13,0.9997977525276809,61083044087.78417,5380205541.870132,1.17,0.877647,0.9997977525276809,0.9997977525276809,0.9997977525276809,0.9997977525276809
usd-coin,2025-06-14,0.9997176349513065,61668532113.59335,7422385786.736837,1.17,0.877647,0.9997176349513065,0.9997176349513065,0.9997176349513065,0.9997176349513065
usd-coin,2025-06-15,0.9997031713415484,61655886363.366,3360496074.2797623,1.17,0.877647,0.9997031713415484,0.9997031713415484,0.9997031713415484,0.9997031713415484
usd-coin,2025-06-16,0.999751625691284,61627304085.52391,5631302752.401952,1.17,0.877647,0.999751625691284,0.999751625691284,0.999751625691284,0.999751625691284
usd-coin,2025-06-17,0.9997027573868028,61627132410.14026,6058414741.001522,1.17,0.877647,0.9997027573868028,0.9997027573868028,0.9997027573868028,0.9997027573868028
usd-coin,2025-06-18,0.9997983896963407,61546152285.123375,5699356579.173882,1.17,0.877647,0.9997983896963407,0.9997983896963407,0.9997983896963407,0.9997983896963407
usd-coin,2025-06-19,0.999781719163319,61509240699.84915,9493016328.434072,1.17,0.877647,0.999781719163319,0.999781719163319,0.999781719163319,0.999781719163319
usd-coin,2025-06-20,0.9998256627536266,61352899060.46884,6762212022.270188,1.17,0.877647,0.9998256627536266,0.9998256627536266,0.9998256627536266,0.9998256627536266
usd-coin,2025-06-21,0.999803995259687,61254399466.51995,4924465193.401451,1.17,0.877647,0.999803995259687,0.999803995259687,0.999803995259687,0.999803995259687
usd-coin,2025-06-22,0.9998076516808256,61240656839.42593,5139562892.391047,1.17,0.877647,0.9998076516808256,0.9998076516808256,0.9998076516808256,0.9998076516808256
usd-coin,2025-06-23,0.9998077845643004,61250974946.83776,7286591475.892441,1.17,0.877647,0.9998077845643004,0.9998077845643004,0.9998077845643004,0.9998077845643004
usd-coin,2025-06-24,0.9998120743156017,61585219083.56823,6917167757.952507,1.17,0.877647,0.9998120743156017,0.9998120743156017,0.9998120743156017,0.9998120743156017
usd-coin,2025-06-25,0.9999241459942869,61904408505.33331,12271107899.169645,1.17,0.877647,0.9999241459942869,0.9999241459942869,0.9999241459942869,0.9999241459942869
usd-coin,2025-06-26,0.999865772137308,61782873643.89733,9479811358.993736,1.17,0.877647,0.999865772137308,0.999865772137308,0.999865772137308,0.999865772137308
usd-coin,2025-06-27,0.9998715914547359,61706915980.07253,9145537771.851908,1.17,0.877647,0.9998715914547359,0.9998715914547359,0.9998715914547359,0.9998715914547359
usd-coin,2025-06-28,0.9998050971712736,61720216218.723915,3015794476.6999607,1.17,0.877647,0.9998050971712736,0.9998050971712736,0.9998050971712736,0.9998050971712736
usd-coin,2025-06-29,0.9998464724105051,61708746298.92839,3262443720.56848,1.17,0.877647,0.9998464724105051,0.9998464724105051,0.9998464724105051,0.9998464724105051
usd-coin,2025-06-30,0.999804914314648,61672471232.72115,2390507848.666168,1.17,0.877647,0.999804914314648,0.999804914314648,0.999804914314648,0.999804914314648
usd-coin,2025-07-01,0.9999024271641508,61486603678.35881,3598798996.4115844,1.17,0.877647,0.9999024271641508,0.9999024271641508,0.9999024271641508,0.9999024271641508
usd-coin,2025-07-02,0.9998375285232088,61645964432.484375,7066698040.433283,1.17,0.877647,0.9998375285232088,0.9998375285232088,0.9998375285232088,0.9998375285232088
usd-coin,2025-07-03,0.9998057127683815,61785325736.27592,5294292739.58375,1.17,0.877647,0.9998057127683815,0.9998057127683815,0.9998057127683815,0.9998057127683815
usd-coin,2025-07-04,0.999902314438496,62127723751.58684,4914551317.864481,1.17,0.877647,0.999902314438496,0.999902314438496,0.999902314438496,0.999902314438496
usd-coin,2025-07-05,0.9998050337453583,62138849073.54913,3271141800.9597545,1.17,0.877647,0.9998050337453583,0.9998050337453583,0.9998050337453583,0.9998050337453583
usd-coin,2025-07-06,0.9998716883431156,62207910534.00092,2875064803.6657333,1.17,0.877647,0.9998716883431156,0.9998716883431156,0.9998716883431156,0.9998716883431156
usd-coin,2025-07-07,0.9998568643871153,62222414420.9865,4571452947.877462,1.17,0.877647,0.9998568643871153,0.9998568643871153,0.9998568643871153,0.9998568643871153
usd-coin,2025-07-08,0.9998033837830906,61990294822.25617,3929572598.9146805,1.17,0.877647,0.9998033837830906,0.9998033837830906,0.9998033837830906,0.9998033837830906
usd-coin,2025-07-09,0.9998851345675297,61957203749.10844,7634323321.363018,1.17,0.877647,0.9998851345675297,0.9998851345675297,0.9998851345675297,0.9998851345675297
usd-coin,2025-07-10,0.9999443646731304,62375182383.813385,10522561862.946878,1.17,0.877647,0.9999443646731304,0.9999443646731304,0.9999443646731304,0.9999443646731304
usd-coin,2025-07-11,0.9998061845969209,62830227713.91529,9542556866.540653,1.17,0.877647,0.9998061845969209,0.9998061845969209,0.9998061845969209,0.9998061845969209
usd-coin,2025-07-12,0.9999442947607905,63513728765.47138,18005804159.532665,1.17,0.877647,0.9999442947607905,0.9999442947607905,0.9999442947607905,0.9999442947607905
usd-coin,2025-07-13,0.9998659112862894,63624539540.2064,8060193069.290438,1.17,0.877647,0.9998659112862894,0.9998659112862894,0.9998659112862894,0.9998659112862894
usd-coin,2025-07-14,0.9998965750627202,63645701670.76146,7373261164.30258,1.17,0.877647,0.9998965750627202,0.9998965750627202,0.9998965750627202,0.9998965750627202
usd-coin,2025-07-15,0.9998919940977691,63390464631.81877,16763770379.577682,1.17,0.877647,0.9998919940977691,0.9998919940977691,0.9998919940977691,0.9998919940977691
usd-coin,2025-07-16,0.9998989754460762,62402203816.18168,16910315834.56119,1.17,0.877647,0.9998989754460762,0.9998989754460762,0.9998989754460762,0.9998989754460762
usd-coin,2025-07-17,0.9998597237461274,63483508990.46475,16241757437.754097,1.17,0.877647,0.9998597237461274,0.9998597237461274,0.9998597237461274,0.9998597237461274
usd-coin,2025-07-18,0.9999024627613528,64720387308.81224,13316126470.226475,1.17,0.877647,0.9999024627613528,0.9999024627613528,0.9999024627613528,0.9999024627613528
usd-coin,2025-07-19,0.9998318627076013,64791644135.09668,27741743640.70382,1.17,0.877647,0.9998318627076013,0.9998318627076013,0.9998318627076013,0.9998318627076013
usd-coin,2025-07-20,0.9999005128037717,64595341290.34144,8280414791.0199,1.17,0.877647,0.9999005128037717,0.9999005128037717,0.9999005128037717,0.9999005128037717
usd-coin,2025-07-21,0.999899186643763,64467724533.03223,12929663381.516155,1.17,0.877647,0.999899186643763,0.999899186643763,0.999899186643763,0.999899186643763
usd-coin,2025-07-22,0.9998830061052163,64758592638.76931,17057585590.796906,1.17,0.877647,0.9998830061052163,0.9998830061052163,0.9998830061052163,0.9998830061052163
usd-coin,2025-07-23,0.9999035492115194,64754306762.01228,11937805898.489492,1.17,0.877647,0.9999035492115194,0.9999035492115194,0.9999035492115194,0.9999035492115194
usd-coin,2025-07-24,0.9998059403333254,64663762024.72109,10174401031.592932,1.17,0.877647,0.9998059403333254,0.9998059403333254,0.9998059403333254,0.9998059403333254
usd-coin,2025-07-25,0.9998108603801246,65119884120.81992,9734673986.796349,1.17,0.877647,0.9998108603801246,0.9998108603801246,0.9998108603801246,0.9998108603801246
usd-coin,2025-07-26,0.9998144926441984,64024850565.97002,16442816183.227055,1.17,0.877647,0.9998144926441984,0.9998144926441984,0.9998144926441984,0.9998144926441984
usd-coin,2025-07-27,0.9998130172836235,64270649511.54688,5548430973.549082,1.17,0.877647,0.9998130172836235,0.9998130172836235,0.9998130172836235,0.9998130172836235
usd-coin,2025-07-28,0.9998259487427873,64285647872.1984,9653726009.459934,1.17,0.877647,0.9998259487427873,0.9998259487427873,0.9998259487427873,0.9998259487427873
usd-coin,2025-07-29,0.9997563804100272,63880072658.345825,14666384401.551502,1.17,0.877647,0.9997563804100272,0.9997563804100272,0.9997563804100272,0.9997563804100272
usd-coin,2025-07-30,0.9997886549197438,63804337172.67573,14438488272.836914,1.17,0.877647,0.9997886549197438,0.9997886549197438,0.9997886549197438,0.9997886549197438
usd-coin,2025-07-31,0.9998279054723977,64003380358.56574,14085996649.530378,1.17,0.877647,0.9998279054723977,0.9998279054723977,0.9998279054723977,0.9998279054723977
usd-coin,2025-08-01,0.9998022020632803,64024628286.23601,7916996547.2460785,1.17,0.877647,0.9998022020632803,0.9998022020632803,0.9998022020632803,0.9998022020632803
usd-coin,2025-08-02,0.9997574850493177,64250322579.40557,19388511791.06571,1.17,0.877647,0.9997574850493177,0.9997574850493177,0.9997574850493177,0.9997574850493177
usd-coin,2025-08-03,0.9997225166945966,64188824575.57581,9872094643.82686,1.17,0.877647,0.9997225166945966,0.9997225166945966,0.9997225166945966,0.9997225166945966
usd-coin,2025-08-04,0.9997019432974759,64165551880.33778,3930995854.360824,1.17,0.877647,0.9997019432974759,0.9997019432974759,0.9997019432974759,0.9997019432974759
usd-coin,2025-08-05,0.9997110650432232,64362866856.16951,6254258098.417378,1.17,0.877647,0.9997110650432232,0.9997110650432232,0.9997110650432232,0.9997110650432232
usd-coin,2025-08-06,0.9998025577732242,64571350833.30457,12431169153.671953,1.17,0.877647,0.9998025577732242,0.9998025577732242,0.9998025577732242,0.9998025577732242
usd-coin,2025-08-07,0.9998048523473907,64649513857.36945,6738860270.480221,1.17,0.877647,0.9998048523473907,0.9998048523473907,0.9998048523473907,0.9998048523473907
usd-coin,2025-08-08,0.9998019141984443,64762663626.17614,12314840917.611277,1.17,0.877647,0.9998019141984443,0.9998019141984443,0.9998019141984443,0.9998019141984443
usd-coin,2025-08-09,0.9997062783687134,65267428113.77714,7508865656.994873,1.17,0.877647,0.9997062783687134,0.9997062783687134,0.9997062783687134,0.9997062783687134
usd-coin,2025-08-10,0.9997733368186723,65279194197.36424,10835001653.196617,1.17,0.877647,0.9997733368186723,0.9997733368186723,0.9997733368186723,0.9997733368186723
usd-coin,2025-08-11,0.999793928003434,65200159668.74354,11567071344.864529,1.17,0.877647,0.999793928003434,0.999793928003434,0.999793928003434,0.999793928003434
usd-coin,2025-08-12,0.9998334987065358,65582516791.05663,18823096358.246803,1.17,0.877647,0.9998334987065358,0.9998334987065358,0.9998334987065358,0.9998334987065358
usd-coin,2025-08-13,0.9997902269421893,65600277949.560524,21251135412.890865,1.17,0.877647,0.9997902269421893,0.9997902269421893,0.9997902269421893,0.9997902269421893
usd-coin,2025-08-14,0.9998074064323036,66411009283.75756,24348209311.670536,1.17,0.877647,0.9998074064323036,0.9998074064323036,0.9998074064323036,0.9998074064323036
usd-coin,2025-08-15,0.9998069077058277,67666316828.349495,12990965602.003815,1.17,0.877647,0.9998069077058277,0.9998069077058277,0.9998069077058277,0.9998069077058277
usd-coin,2025-08-16,0.9998065075240092,68162345082.25059,10538811844.54478,1.17,0.877647,0.9998065075240092,0.9998065075240092,0.9998065075240092,0.9998065075240092
usd-coin,2025-08-17,0.999903041764514,68175449428.10462,4367349978.3006935,1.17,0.877647,0.999903041764514,0.999903041764514,0.999903041764514,0.999903041764514
usd-coin,2025-08-18,0.9999005838452771,68158258982.026955,4853051204.610175,1.17,0.877647,0.9999005838452771,0.9999005838452771,0.9999005838452771,0.9999005838452771
usd-coin,2025-08-19,0.9998117296458843,68278690130.78527,18146064394.60853,1.17,0.877647,0.9998117296458843,0.9998117296458843,0.9998117296458843,0.9998117296458843
usd-coin,2025-08-20,0.9998042486582616,67919335078.96813,8557771531.084643,1.17,0.877647,0.9998042486582616,0.9998042486582616,0.9998042486582616,0.9998042486582616
usd-coin,2025-08-21,0.9997817763468253,67501312728.84719,18682528069.604958,1.17,0.877647,0.9997817763468253,0.9997817763468253,0.9997817763468253,0.9997817763468253
usd-coin,2025-08-22,0.9997952178414342,67141855554.203,13487613433.1751,1.17,0.877647,0.9997952178414342,0.9997952178414342,0.9997952178414342,0.9997952178414342
usd-coin,2025-08-23,0.9997044034429591,67542011449.1576,14189887340.927805,1.17,0.877647,0.9997044034429591,0.9997044034429591,0.9997044034429591,0.9997044034429591
usd-coin,2025-08-24,0.999808374767304,67542228476.65118,12547821412.642548,1.17,0.877647,0.999808374767304,0.999808374767304,0.999808374767304,0.999808374767304
usd-coin,2025-08-25,0.9997929568752849,67454609360.232,21429939105.84424,1.17,0.877647,0.9997929568752849,0.9997929568752849,0.9997929568752849,0.9997929568752849
usd-coin,2025-08-26,0.999760265561091,68044691544.51479,19631954050.738678,1.17,0.877647,0.999760265561091,0.999760265561091,0.999760265561091,0.999760265561091
usd-coin,2025-08-27,0.9998140616869372,69011841841.88863,20131949611.35401,1.17,0.877647,0.9998140616869372,0.9998140616869372,0.9998140616869372,0.9998140616869372
usd-coin,2025-08-28,0.9999025150212983,69340394517.07306,13333805409.50523,1.17,0.877647,0.9999025150212983,0.9999025150212983,0.9999025150212983,0.9999025150212983
usd-coin,2025-08-29,0.9998110320529753,70620028285.78723,11866038149.391775,1.17,0.877647,0.9998110320529753,0.9998110320529753,0.9998110320529753,0.9998110320529753
usd-coin,2025-08-30,0.9998102761874875,71541280531.89722,20951154307.751987,1.17,0.877647,0.9998102761874875,0.9998102761874875,0.9998102761874875,0.9998102761874875
usd-coin,2025-08-31,0.9998012887207978,71538548184.44302,5757684329.139153,1.17,0.877647,0.9998012887207978,0.9998012887207978,0.9998012887207978,0.9998012887207978
usd-coin,2025-09-01,0.999807617410376,71549491496.40121,6566994501.290148,1.17,0.877647,0.999807617410376,0.999807617410376,0.999807617410376,0.999807617410376
usd-coin,2025-09-02,0.9998028307188782,71513530485.20557,17297238319.69856,1.17,0.877647,0.9998028307188782,0.9998028307188782,0.9998028307188782,0.9998028307188782
usd-coin,2025-09-03,0.9997152095962891,72146971879.89037,10714462770.3458,1.17,0.877647,0.9997152095962891,0.9997152095962891,0.9997152095962891,0.9997152095962891
usd-coin,2025-09-04,0.9998020379643014,72672911069.14882,7533811668.229365,1.17,0.877647,0.9998020379643014,0.9998020379643014,0.9998020379643014,0.9998020379643014
usd-coin,2025-09-05,0.9998103536156192,72570847322.3635,8484149276.378115,1.17,0.877647,0.9998103536156192,0.9998103536156192,0.9998103536156192,0.9998103536156192
usd-coin,2025-09-06,0.9998057828255038,72464557041.88847,16040211544.717104,1.17,0.877647,0.9998057828255038,0.9998057828255038,0.9998057828255038,0.9998057828255038
usd-coin,2025-09-07,0.99984255642477,72547699909.17642,3323914535.3318963,1.17,0.877647,0.99984255642477,0.99984255642477,0.99984255642477,0.99984255642477
usd-coin,2025-09-08,0.9998028936062057,72499319914.56313,3538822739.6844444,1.17,0.877647,0.9998028936062057,0.9998028936062057,0.9998028936062057,0.9998028936062057
usd-coin,2025-09-09,0.9998021364178094,72425624280.22612,8450297008.725593,1.17,0.877647,0.9998021364178094,0.9998021364178094,0.9998021364178094,0.9998021364178094
usd-coin,2025-09-10,0.99970623902952,72661309825.54846,9290206265.342182,1.17,0.877647,0.99970623902952,0.99970623902952,0.99970623902952,0.99970623902952
usd-coin,2025-09-11,0.9997981376285149,72353022867.15466,14974542655.195055,1.17,0.877647,0.9997981376285149,0.9997981376285149,0.9997981376285149,0.9997981376285149
usd-coin,2025-09-12,0.9997829645848934,72437004729.26895,16785612656.609068,1.17,0.877647,0.9997829645848934,0.9997829645848934,0.9997829645848934,0.9997829645848934
usd-coin,2025-09-13,0.9997533692894122,72975110549.91373,19484128083.375046,1.17,0.877647,0.9997533692894122,0.9997533692894122,0.9997533692894122,0.9997533692894122
usd-coin,2025-09-14,0.9998024550055059,73169475841.81604,9055094840.964233,1.17,0.877647,0.9998024550055059,0.9998024550055059,0.9998024550055059,0.9998024550055059
usd-coin,2025-09-15,0.999764361210421,73194785399.01404,13221789671.625793,1.17,0.877647,0.999764361210421,0.999764361210421,0.999764361210421,0.999764361210421
usd-coin,2025-09-16,0.999783033575139,73194539085.54532,17785380837.134674,1.17,0.877647,0.999783033575139,0.999783033575139,0.999783033575139,0.999783033575139
usd-coin,2025-09-17,0.9997816595925962,73610319439.59213,14706014129.96492,1.17,0.877647,0.9997816595925962,0.9997816595925962,0.9997816595925962,0.9997816595925962
usd-coin,2025-09-18,0.9997076224494962,73594450402.46196,12829037269.29042,1.17,0.877647,0.9997076224494962,0.9997076224494962,0.9997076224494962,0.9997076224494962
usd-coin,2025-09-19,0.9997286082156372,74338680585.20328,27849120991.448666,1.17,0.877647,0.9997286082156372,0.9997286082156372,0.9997286082156372,0.9997286082156372
usd-coin,2025-09-20,0.9997102821354971,74163618655.86676,7931064159.878444,1.17,0.877647,0.9997102821354971,0.9997102821354971,0.9997102821354971,0.9997102821354971
usd-coin,2025-09-21,0.9997025687107672,73976208429.79012,5795323531.683949,1.17,0.877647,0.9997025687107672,0.9997025687107672,0.9997025687107672,0.9997025687107672
usd-coin,2025-09-22,0.9997020360910328,73960703749.01588,5303196232.062255,1.17,0.877647,0.9997020360910328,0.9997020360910328,0.9997020360910328,0.9997020360910328
usd-coin,2025-09-23,0.9997056974114489,74131793688.85382,14845441649.564701,1.17,0.877647,0.9997056974114489,0.9997056974114489,0.9997056974114489,0.9997056974114489
usd-coin,2025-09-24,0.9996041863358982,73979784471.65208,9203595070.03124,1.17,0.877647,0.9996041863358982,0.9996041863358982,0.9996041863358982,0.9996041863358982
usd-coin,2025-09-25,0.9997050727046423,74153783390.91512,9754977500.845879,1.17,0.877647,0.9997050727046423,0.9997050727046423,0.9997050727046423,0.9997050727046423
usd-coin,2025-09-26,0.9997061603387549,73967925897.96547,18814382509.34941,1.17,0.877647,0.9997061603387549,0.9997061603387549,0.9997061603387549,0.9997061603387549
usd-coin,2025-09-27,0.9996986364243708,73769508933.57736,15582045747.476595,1.17,0.877647,0.9996986364243708,0.9996986364243708,0.9996986364243708,0.9996986364243708
usd-coin,2025-09-28,0.9996189303064487,73723140848.84122,7234036151.109536,1.17,0.877647,0.9996189303064487,0.9996189303064487,0.9996189303064487,0.9996189303064487
usd-coin,2025-09-29,0.9997055307361046,73668158839.96417,7407026461.044738,1.17,0.877647,0.9997055307361046,0.9997055307361046,0.9997055307361046,0.9997055307361046
usd-coin,2025-09-30,0.9996117790446111,73503911954.7772,8999832693.761444,1.17,0.877647,0.9996117790446111,0.9996117790446111,0.9996117790446111,0.9996117790446111
usd-coin,2025-10-01,0.9997046145430776,73395860021.48103,10487588265.344687,1.17,0.877647,0.9997046145430776,0.9997046145430776,0.9997046145430776,0.9997046145430776
usd-coin,2025-10-02,0.9998045987491716,73936203902.37366,12341253248.551918,1.17,0.877647,0.9998045987491716,0.9998045987491716,0.9998045987491716,0.9998045987491716
usd-coin,2025-10-03,0.9997814567152021,74303858028.50404,18530738475.06542,1.17,0.877647,0.9997814567152021,0.9997814567152021,0.9997814567152021,0.9997814567152021
usd-coin,2025-10-04,0.9998434065788699,75402867504.72406,20135345295.423573,1.17,0.877647,0.9998434065788699,0.9998434065788699,0.9998434065788699,0.9998434065788699
usd-coin,2025-10-05,0.9997002982613519,75340591581.69048,6321359091.001355,1.17,0.877647,0.9997002982613519,0.9997002982613519,0.9997002982613519,0.9997002982613519
usd-coin,2025-10-06,0.9997031715004473,75216551271.27759,10952814780.992722,1.17,0.877647,0.9997031715004473,0.9997031715004473,0.9997031715004473,0.9997031715004473
usd-coin,2025-10-07,0.9997414065991995,75490408399.69547,20397360929.006096,1.17,0.877647,0.9997414065991995,0.9997414065991995,0.9997414065991995,0.9997414065991995
usd-coin,2025-10-08,0.9996256018766565,75582405046.00488,14192103584.876059,1.17,0.877647,0.9996256018766565,0.9996256018766565,0.9996256018766565,0.9996256018766565
usd-coin,2025-10-09,0.9996975205135418,75665318341.2458,18971469951.199116,1.17,0.877647,0.9996975205135418,0.9996975205135418,0.9996975205135418,0.9996975205135418
usd-coin,2025-10-10,0.99980093500008,75574178484.05225,11512051847.20843,1.17,0.877647,0.99980093500008,0.99980093500008,0.99980093500008,0.99980093500008
usd-coin,2025-10-11,0.9997854932511728,75026867754.30981,37812075462.45516,1.17,0.877647,0.9997854932511728,0.9997854932511728,0.9997854932511728,0.9997854932511728
usd-coin,2025-10-12,0.999873024924141,75382187140.60086,26599083694.08299,1.17,0.877647,0.999873024924141,0.999873024924141,0.999873024924141,0.999873024924141
usd-coin,2025-10-13,0.9999242517378707,75639712687.31621,28802494554.007336,1.17,0.877647,0.9999242517378707,0.9999242517378707,0.9999242517378707,0.9999242517378707
usd-coin,2025-10-14,0.9999964562425981,75821593638.51003,13790511961.657696,1.17,0.877647,0.9999964562425981,0.9999964562425981,0.9999964562425981,0.9999964562425981
usd-coin,2025-10-15,0.9999017446415942,76219878474.08218,17964105448.65286,1.17,0.877647,0.9999017446415942,0.9999017446415942,0.9999017446415942,0.9999017446415942
usd-coin,2025-10-16,0.9998015420153263,76066936940.32709,12696753971.570591,1.17,0.877647,0.9998015420153263,0.9998015420153263,0.9998015420153263,0.9998015420153263
usd-coin,2025-10-17,0.9998017638299638,75948741220.90154,11795811418.056234,1.17,0.877647,0.9998017638299638,0.9998017638299638,0.9998017638299638,0.9998017638299638
usd-coin,2025-10-18,0.9999001841318939,76033638109.43999,13538934353.267094,1.17,0.877647,0.9999001841318939,0.9999001841318939,0.9999001841318939,0.9999001841318939
usd-coin,2025-10-19,0.9998039369182469,75939549186.60498,4467782309.278221,1.17,0.877647,0.9998039369182469,0.9998039369182469,0.9998039369182469,0.9998039369182469
usd-coin,2025-10-20,0.9998202707785887,75939618382.20375,7136534405.36995,1.17,0.877647,0.9998202707785887,0.9998202707785887,0.9998202707785887,0.9998202707785887
usd-coin,2025-10-21,0.9998007048891119,76201196395.60898,8534426339.747472,1.17,0.877647,0.9998007048891119,0.9998007048891119,0.9998007048891119,0.9998007048891119
usd-coin,2025-10-22,0.9998077275547395,76780747878.54977,11796411426.790405,1.17,0.877647,0.9998077275547395,0.9998077275547395,0.9998077275547395,0.9998077275547395
usd-coin,2025-10-23,0.9998030311177085,76534953556.23419,11972691972.919851,1.17,0.877647,0.9998030311177085,0.9998030311177085,0.9998030311177085,0.9998030311177085
usd-coin,2025-10-24,0.9998098851666196,76493628580.56049,11740745301.403206,1.17,0.877647,0.9998098851666196,0.9998098851666196,0.9998098851666196,0.9998098851666196
usd-coin,2025-10-25,0.9998854747634316,76326620231.9463,13982929241.280312,1.17,0.877647,0.9998854747634316,0.9998854747634316,0.9998854747634316,0.9998854747634316
usd-coin,2025-10-26,0.9998019433171337,76278128433.61526,3884507672.342614,1.17,0.877647,0.9998019433171337,0.9998019433171337,0.9998019433171337,0.9998019433171337
usd-coin,2025-10-27,0.9998977460063121,76236838551.97643,6908027090.429244,1.17,0.877647,0.9998977460063121,0.9998977460063121,0.9998977460063121,0.9998977460063121
usd-coin,2025-10-28,0.999842184903193,76159183452.11792,16167474464.125076,1.17,0.877647,0.999842184903193,0.999842184903193,0.999842184903193,0.999842184903193
usd-coin,2025-10-29,0.9998075020708052,76198885072.7698,9856093666.271488,1.17,0.877647,0.9998075020708052,0.9998075020708052,0.9998075020708052,0.9998075020708052
usd-coin,2025-10-30,0.9998072950252083,76301584814.62709,9389022072.746925,1.17,0.877647,0.9998072950252083,0.9998072950252083,0.9998072950252083,0.9998072950252083
usd-coin,2025-10-31,0.9998004909416555,75950060281.33815,12303747140.999887,1.17,0.877647,0.9998004909416555,0.9998004909416555,0.9998004909416555,0.9998004909416555
usd-coin,2025-11-01,0.9997086074836985,75912385027.86111,9379145182.411907,1.17,0.877647,0.9997086074836985,0.9997086074836985,0.9997086074836985,0.9997086074836985
usd-coin,2025-11-02,0.99979,75855338093.96507,3727872928.2122397,1.17,0.877647,0.99979,0.99979,0.99979,0.99979
usd-coin,2025-11-03,0.9998089560169484,75797588536.42018,6762477388.0854845,1.17,0.877647,0.9998089560169484,0.9998089560169484,0.9998089560169484,0.9998089560169484
usd-coin,2025-11-04,0.9998042852503668,75556937074.62796,10870417423.99644,1.17,0.877647,0.9998042852503668,0.9998042852503668,0.9998042852503668,0.9998042852503668
usd-coin,2025-11-05,0.9997754376441258,75145449692.42545,31223865839.900936,1.17,0.877647,0.9997754376441258,0.9997754376441258,0.9997754376441258,0.9997754376441258
usd-coin,2025-11-06,0.9997024641044927,75296518973.28085,10889562863.6902,1.17,0.877647,0.9997024641044927,0.9997024641044927,0.9997024641044927,0.9997024641044927
usd-coin,2025-11-07,0.9997035096409963,75451938946.93945,9352519328.006535,1.17,0.877647,0.9997035096409963,0.9997035096409963,0.9997035096409963,0.9997035096409963
usd-coin,2025-11-08,0.9999996508087408,75779329530.51295,10858969674.081158,1.17,0.877647,0.9999996508087408,0.9999996508087408,0.9999996508087408,0.9999996508087408
usd-coin,2025-11-09,0.9998015344601315,75700645708.50941,5871758043.699255,1.17,0.877647,0.9998015344601315,0.9998015344601315,0.9998015344601315,0.9998015344601315
usd-coin,2025-11-10,0.9997055439669811,75757366577.00575,6594805931.380961,1.17,0.877647,0.9997055439669811,0.9997055439669811,0.9997055439669811,0.9997055439669811
usd-coin,2025-11-11,0.9998018988426187,76155747955.87144,9092972978.786434,1.17,0.877647,0.9998018988426187,0.9998018988426187,0.9998018988426187,0.9998018988426187
usd-coin,2025-11-12,0.9997038962728055,75967424757.97282,7413120662.071087,1.17,0.877647,0.9997038962728055,0.9997038962728055,0.9997038962728055,0.9997038962728055
usd-coin,2025-11-13,0.9998011325422312,76052521919.11623,8400423462.565134,1.17,0.877647,0.9998011325422312,0.9998011325422312,0.9998011325422312,0.9998011325422312
usd-coin,2025-11-14,0.999781737633796,75578542259.78708,17354063546.07576,1.17,0.877647,0.999781737633796,0.999781737633796,0.999781737633796,0.999781737633796
usd-coin,2025-11-15,0.9997938433989074,74989995354.03566,18716967192.111176,1.17,0.877647,0.9997938433989074,0.9997938433989074,0.9997938433989074,0.9997938433989074
usd-coin,2025-11-16,0.9997995696297937,74928978465.23138,6598537583.491719,1.17,0.877647,0.9997995696297937,0.9997995696297937,0.9997995696297937,0.9997995696297937
usd-coin,2025-11-17,0.9998008685518206,74854938591.16776,7469103311.133149,1.17,0.877647,0.9998008685518206,0.9998008685518206,0.9998008685518206,0.9998008685518206
usd-coin,2025-11-18,0.9998021731929515,74892956509.57384,11382630010.682827,1.17,0.877647,0.9998021731929515,0.9998021731929515,0.9998021731929515,0.9998021731929515
usd-coin,2025-11-19,0.9998043658497393,74880488294.86015,11067539912.720297,1.17,0.877647,0.9998043658497393,0.9998043658497393,0.9998043658497393,0.9998043658497393
usd-coin,2025-11-20,0.9996323820188232,74643339219.06718,16793394249.412348,1.17,0.877647,0.9996323820188232,0.9996323820188232,0.9996323820188232,0.9996323820188232
usd-coin,2025-11-21,0.9997031730993816,73909788280.45352,11212634592.396582,1.17,0.877647,0.9997031730993816,0.9997031730993816,0.9997031730993816,0.9997031730993816
usd-coin,2025-11-22,0.9997108372368417,74040826913.06186,11634623033.481176,1.17,0.877647,0.9997108372368417,0.9997108372368417,0.9997108372368417,0.9997108372368417
usd-coin,2025-11-23,0.9997037332843601,74004667844.06729,4174136245.5794554,1.17,0.877647,0.9997037332843601,0.9997037332843601,0.9997037332843601,0.9997037332843601
usd-coin,2025-11-24,0.999703080918218,74068748779.50249,4979343679.637801,1.17,0.877647,0.999703080918218,0.999703080918218,0.999703080918218,0.999703080918218
usd-coin,2025-11-25,0.9996829213491458,74501543758.89574,11137827321.098473,1.17,0.877647,0.9996829213491458,0.9996829213491458,0.9996829213491458,0.9996829213491458
usd-coin,2025-11-26,0.9996824730952604,75168587746.09627,8243510428.078304,1.17,0.877647,0.9996824730952604,0.9996824730952604,0.9996824730952604,0.9996824730952604
usd-coin,2025-11-27,0.9997972023888205,75754672529.57784,5905651954.630295,1.17,0.877647,0.9997972023888205,0.9997972023888205,0.9997972023888205,0.9997972023888205
usd-coin,2025-11-28,0.9997030160038415,76024535653.55592,4525071312.255071,1.17,0.877647,0.9997030160038415,0.9997030160038415,0.9997030160038415,0.9997030160038415
usd-coin,2025-11-29,0.9997029420362908,76529002202.7604,7009365738.540114,1.17,0.877647,0.9997029420362908,0.9997029420362908,0.9997029420362908,0.9997029420362908
usd-coin,2025-11-30,0.999822788403676,76543535518.57362,4753376846.339867,1.17,0.877647,0.999822788403676,0.999822788403676,0.999822788403676,0.999822788403676
usd-coin,2025-12-01,0.9998089052386435,76589515806.04205,2863151480.4945755,1.17,0.877647,0.9998089052386435,0.9998089052386435,0.9998089052386435,0.9998089052386435
usd-coin,2025-12-02,0.9998021969217399,77509820034.28696,7722227250.631792,1.17,0.877647,0.9998021969217399,0.9998021969217399,0.9998021969217399,0.9998021969217399
usd-coin,2025-12-03,0.9999004027555739,77509490840.23564,5892767495.285436,1.17,0.877647,0.9999004027555739,0.9999004027555739,0.9999004027555739,0.9999004027555739
usd-coin,2025-12-04,0.9999001763007447,77812656340.26474,5433621379.025341,1.17,0.877647,0.9999001763007447,0.9999001763007447,0.9999001763007447,0.9999001763007447
usd-coin,2025-12-05,0.9998048293821209,78052939534.6978,4433031600.098449,1.17,0.877647,0.9998048293821209,0.9998048293821209,0.9998048293821209,0.9998048293821209
usd-coin,2025-12-06,0.9997055432438996,78062265665.87842,5491766070.996578,1.17,0.877647,0.9997055432438996,0.9997055432438996,0.9997055432438996,0.9997055432438996
usd-coin,2025-12-07,0.9997900728964493,78125782618.12518,3399925436.1069365,1.17,0.877647,0.9997900728964493,0.9997900728964493,0.9997900728964493,0.9997900728964493
usd-coin,2025-12-08,0.9998630197417429,78177215513.57675,7949137517.063286,1.17,0.877647,0.9998630197417429,0.9998630197417429,0.9998630197417429,0.9998630197417429
usd-coin,2025-12-09,0.9998048604531456,78322005232.93845,6711239025.860942,1.17,0.877647,0.9998048604531456,0.9998048604531456,0.9998048604531456,0.9998048604531456
usd-coin,2025-12-10,0.9998012884796253,78461039498.99965,9549671257.399817,1.17,0.877647,0.9998012884796253,0.9998012884796253,0.9998012884796253,0.9998012884796253
usd-coin,2025-12-11,0.9987978733235967,78247279770.47147,14732102989.344917,1.17,0.877647,0.9987978733235967,0.9987978733235967,0.9987978733235967,0.9987978733235967
usd-coin,2025-12-12,0.9999016505724215,78273133759.30103,13779145162.078003,1.17,0.877647,0.9999016505724215,0.9999016505724215,0.9999016505724215,0.9999016505724215
usd-coin,2025-12-13,0.9998851213184454,78479111692.53076,11090202330.56021,1.17,0.877647,0.9998851213184454,0.9998851213184454,0.9998851213184454,0.9998851213184454
usd-coin,2025-12-14,0.9999651607835981,78424700012.9138,4216700530.08134,1.17,0.877647,0.9999651607835981,0.9999651607835981,0.9999651607835981,0.9999651607835981
usd-coin,2025-12-15,1.0000357862126887,78400153698.20047,6386102714.933674,1.17,0.877647,1.0000357862126887,1.0000357862126887,1.0000357862126887,1.0000357862126887
usd-coin,2025-12-16,1.0000466470796425,78445964850.04926,12962997559.433086,1.17,0.877647,1.0000466470796425,1.0000466470796425,1.0000466470796425,1.0000466470796425
usd-coin,2025-12-17,1.000115606129505,78315434993.7644,11441727172.534433,1.17,0.877647,1.000115606129505,1.000115606129505,1.000115606129505,1.000115606129505
usd-coin,2025-12-18,0.9999302335823484,78042840696.92249,13304762879.451006,1.17,0.877647,0.9999302335823484,0.9999302335823484,0.9999302335823484,0.9999302335823484
usd-coin,2025-12-19,0.9998234047754657,77331627180.34195,14095552174.832333,1.17,0.877647,0.9998234047754657,0.9998234047754657,0.9998234047754657,0.9998234047754657
usd-coin,2025-12-20,0.9998367110499486,77093596994.70663,13408610036.087254,1.17,0.877647,0.9998367110499486,0.9998367110499486,0.9998367110499486,0.9998367110499486
usd-coin,2025-12-21,1.0000175235676143,77077940358.12505,4012596766.687027,1.17,0.877647,1.0000175235676143,1.0000175235676143,1.0000175235676143,1.0000175235676143
usd-coin,2025-12-22,1.0000375373243724,77107714886.00273,5049249593.456723,1.17,0.877647,1.0000375373243724,1.0000375373243724,1.0000375373243724,1.0000375373243724
usd-coin,2025-12-23,0.9999015270910463,77107982651.43582,12378186117.133236,1.17,0.877647,0.9999015270910463,0.9999015270910463,0.9999015270910463,0.9999015270910463
usd-coin,2025-12-24,0.9997550269293676,76915464264.76744,19694487933.0804,1.17,0.877647,0.9997550269293676,0.9997550269293676,0.9997550269293676,0.9997550269293676
usd-coin,2025-12-25,1.0000761307482435,76591043824.28026,8644020706.089872,1.17,0.877647,1.0000761307482435,1.0000761307482435,1.0000761307482435,1.0000761307482435
usd-coin,2025-12-26,0.999708152829279,76476959213.82686,6410796360.55412,1.17,0.877647,0.999708152829279,0.999708152829279,0.999708152829279,0.999708152829279
usd-coin,2025-12-27,0.9998892293013324,76517544120.7733,9780446207.470388,1.17,0.877647,0.9998892293013324,0.9998892293013324,0.9998892293013324,0.9998892293013324
usd-coin,2025-12-28,1.0002418040526544,76474911697.4624,4076080433.20352,1.17,0.877647,1.0002418040526544,1.0002418040526544,1.0002418040526544,1.0002418040526544
usd-coin,2025-12-29,1.0000312646730498,76384734230.46066,4687511750.265879,1.17,0.877647,1.0000312646730498,1.0000312646730498,1.0000312646730498,1.0000312646730498
usd-coin,2025-12-30,0.9997865671078336,76016098863.74144,13687921663.8218,1.17,0.877647,0.9997865671078336,0.9997865671078336,0.9997865671078336,0.9997865671078336
usd-coin,2025-12-31,0.9998741904541762,76008223428.32848,10772402694.832142,1.17,0.877647,0.9998741904541762,0.9998741904541762,0.9998741904541762,0.9998741904541762
usd-coin,2026-01-01,0.9998079595892425,75371182421.47166,10003628420.667046,1.17,0.877647,0.9998079595892425,0.9998079595892425,0.9998079595892425,0.9998079595892425
usd-coin,2026-01-02,0.9998929070732341,75187332687.29697,5397599139.072123,1.17,0.877647,0.9998929070732341,0.9998929070732341,0.9998929070732341,0.9998929070732341
usd-coin,2026-01-03,0.9998884956114008,75338085489.51773,13987662563.237244,1.17,0.877647,0.9998884956114008,0.9998884956114008,0.9998884956114008,0.9998884956114008
usd-coin,2026-01-04,0.9999694949220108,75382811888.47682,5796143475.310068,1.17,0.877647,0.9999694949220108,0.9999694949220108,0.9999694949220108,0.9999694949220108
usd-coin,2026-01-05,0.99994767057984,75441548669.84816,6658943823.036218,1.17,0.877647,0.99994767057984,0.99994767057984,0.99994767057984,0.99994767057984
usd-coin,2026-01-06,0.9997646956253706,75769878326.6978,15513902457.85601,1.17,0.877647,0.9997646956253706,0.9997646956253706,0.9997646956253706,0.9997646956253706
usd-coin,2026-01-07,0.9999044905222884,75749018875.95282,15175363352.995682,1.17,0.877647,0.9999044905222884,0.9999044905222884,0.9999044905222884,0.9999044905222884
usd-coin,2026-01-08,0.9999322696573381,75208766704.42323,12682315693.330158,1.17,0.877647,0.9999322696573381,0.9999322696573381,0.9999322696573381,0.9999322696573381
usd-coin,2026-01-09,0.9998951178132236,74977683650.8868,13808663116.454426,1.17,0.877647,0.9998951178132236,0.9998951178132236,0.9998951178132236,0.9998951178132236
usd-coin,2026-01-10,0.9999362857694422,74787856335.98029,11466055051.786749,1.17,0.877647,0.9999362857694422,0.9999362857694422,0.9999362857694422,0.9999362857694422
usd-coin,2026-01-11,1.0003489550813633,74713286205.17264,4171193758.535504,1.17,0.877647,1.0003489550813633,1.0003489550813633,1.0003489550813633,1.0003489550813633
usd-coin,2026-01-12,0.999900908621291,74629591185.86687,5269877360.893935,1.17,0.877647,0.999900908621291,0.999900908621291,0.999900908621291,0.999900908621291
usd-coin,2026-01-13,0.9997849605034322,74341587408.56544,13823348430.321257,1.17,0.877647,0.9997849605034322,0.9997849605034322,0.9997849605034322,0.9997849605034322
usd-coin,2026-01-14,0.9997108545905758,75016056899.61877,20711221137.63387,1.17,0.877647,0.9997108545905758,0.9997108545905758,0.9997108545905758,0.9997108545905758
usd-coin,2026-01-15,0.9997746563122052,75806879075.3657,21789490332.697803,1.17,0.877647,0.9997746563122052,0.9997746563122052,0.9997746563122052,0.9997746563122052
usd-coin,2026-01-16,0.9997743951637605,75673057112.48198,14765499116.871725,1.17,0.877647,0.9997743951637605,0.9997743951637605,0.9997743951637605,0.9997743951637605
usd-coin,2026-01-17,1.001629321318781,75985424473.90607,11500655027.406929,1.17,0.877647,1.001629321318781,1.001629321318781,1.001629321318781,1.001629321318781
usd-coin,2026-01-18,1.000011438265263,76020188662.64745,5052557881.74096,1.17,0.877647,1.000011438265263,1.000011438265263,1.000011438265263,1.000011438265263
usd-coin,2026-01-19,0.9997294620195241,75956415747.38663,4997193470.923582,1.17,0.877647,0.9997294620195241,0.9997294620195241,0.9997294620195241,0.9997294620195241
usd-coin,2026-01-20,0.9997017779406955,75815735295.47107,6458827057.123154,1.17,0.877647,0.9997017779406955,0.9997017779406955,0.9997017779406955,0.9997017779406955
usd-coin,2026-01-21,0.9996979313062893,74927824593.92998,8912497589.557781,1.17,0.877647,0.9996979313062893,0.9996979313062893,0.9996979313062893,0.9996979313062893
usd-coin,2026-01-22,0.9997001672785395,74440160183.65816,9675633490.008656,1.17,0.877647,0.9997001672785395,0.9997001672785395,0.9997001672785395,0.9997001672785395
usd-coin,2026-01-23,0.9996947697891806,73725876877.11763,9692378419.117548,1.17,0.877647,0.9996947697891806,0.9996947697891806,0.9996947697891806,0.9996947697891806
usd-coin,2026-01-24,0.9996058398565779,72893696034.71667,8490105714.32148,1.17,0.877647,0.9996058398565779,0.9996058398565779,0.9996058398565779,0.9996058398565779
usd-coin,2026-01-25,0.9996149057029275,72525746654.4399,3199188963.8111615,1.17,0.877647,0.9996149057029275,0.9996149057029275,0.9996149057029275,0.9996149057029275
usd-coin,2026-01-26,0.9997030029047972,72391867384.72154,5332108862.239536,1.17,0.877647,0.9997030029047972,0.9997030029047972,0.9997030029047972,0.9997030029047972
usd-coin,2026-01-27,0.9997003489393441,72062863058.69075,7873453099.435496,1.17,0.877647,0.9997003489393441,0.9997003489393441,0.9997003489393441,0.9997003489393441
usd-coin,2026-01-28,0.9997019330566218,71545146183.63538,24068470916.91532,1.17,0.877647,0.9997019330566218,0.9997019330566218,0.9997019330566218,0.9997019330566218
usd-coin,2026-01-29,0.9997009682915375,71222533431.20903,12662196611.75151,1.17,0.877647,0.9997009682915375,0.9997009682915375,0.9997009682915375,0.9997009682915375
usd-coin,2026-01-30,0.9997013064355282,70300438185.34792,7572219527.570909,1.17,0.877647,0.9997013064355282,0.9997013064355282,0.9997013064355282,0.9997013064355282
usd-coin,2026-01-31,0.9997108063526825,70048084221.75757,8330245035.8159895,1.17,0.877647,0.9997108063526825,0.9997108063526825,0.9997108063526825,0.9997108063526825
usd-coin,2026-02-01,0.999551829097527,70165928923.21927,12949149905.274965,1.17,0.877647,0.999551829097527,0.999551829097527,0.999551829097527,0.999551829097527
usd-coin,2026-02-02,0.999700608459596,70278789633.51726,8054041562.279906,1.17,0.877647,0.999700608459596,0.999700608459596,0.999700608459596,0.999700608459596
usd-coin,2026-02-03,0.9997028013678845,70641107077.41772,11224041070.83138,1.17,0.877647,0.9997028013678845,0.9997028013678845,0.9997028013678845,0.9997028013678845
usd-coin,2026-02-04,0.9997367556761859,70764424031.34343,18020333714.205036,1.17,0.877647,0.9997367556761859,0.9997367556761859,0.9997367556761859,0.9997367556761859
solana,2025-02-06,196.21787573260255,95550201539.32951,4519102616.629987,293.31,0.500801,196.21787573260255,196.21787573260255,196.21787573260255,196.21787573260255
solana,2025-02-07,189.38932513491977,92031851837.88425,4544519196.979243,293.31,0.500801,189.38932513491977,189.38932513491977,189.38932513491977,189.38932513491977
solana,2025-02-08,192.2709679394336,93773950310.2403,5321325630.808724,293.31,0.500801,192.2709679394336,192.2709679394336,192.2709679394336,192.2709679394336
solana,2025-02-09,199.70939394589394,97430610890.80075,2738591550.9889145,293.31,0.500801,199.70939394589394,199.70939394589394,199.70939394589394,199.70939394589394
solana,2025-02-10,200.44634668796408,97797330676.8804,3575183754.783349,293.31,0.500801,200.44634668796408,200.44634668796408,200.44634668796408,200.44634668796408
solana,2025-02-11,200.0458466193684,97602797576.9777,4877446867.21056,293.31,0.500801,200.0458466193684,200.0458466193684,200.0458466193684,200.0458466193684
solana,2025-02-12,197.92915264031842,96650663515.04695,4610068875.979272,293.31,0.500801,197.92915264031842,197.92915264031842,197.92915264031842,197.92915264031842
solana,2025-02-13,196.60301392852935,95802342588.48465,4991943969.554793,293.31,0.500801,196.60301392852935,196.60301392852935,196.60301392852935,196.60301392852935
solana,2025-02-14,194.2631701900725,94843692266.1009,3243643748.254954,293.31,0.500801,194.2631701900725,194.2631701900725,194.2631701900725,194.2631701900725
solana,2025-02-15,199.65011966060425,97468827982.87822,4307573002.935994,293.31,0.500801,199.65011966060425,199.65011966060425,199.65011966060425,199.65011966060425
solana,2025-02-16,194.4254509858272,94916725048.10495,2126185023.7187572,293.31,0.500801,194.4254509858272,194.4254509858272,194.4254509858272,194.4254509858272
solana,2025-02-17,188.165584495931,91860796549.96172,2477404625.155988,293.31,0.500801,188.165584495931,188.165584495931,188.165584495931,188.165584495931
solana,2025-02-18,177.91997195388805,86934660078.68405,4953743554.608888,293.31,0.500801,177.91997195388805,177.91997195388805,177.91997195388805,177.91997195388805
solana,2025-02-19,169.10718217289786,82487856965.56555,7430021942.540908,293.31,0.500801,169.10718217289786,169.10718217289786,169.10718217289786,169.10718217289786
solana,2025-02-20,169.26443436615673,82688920914.07486,4126508611.428817,293.31,0.500801,169.26443436615673,169.26443436615673,169.26443436615673,169.26443436615673
solana,2025-02-21,176.02074183930708,86011244818.54909,3748737861.764053,293.31,0.500801,176.02074183930708,176.02074183930708,176.02074183930708,176.02074183930708
solana,2025-02-22,169.00123201382314,82609623068.92926,5320752621.586434,293.31,0.500801,169.00123201382314,169.00123201382314,169.00123201382314,169.00123201382314
solana,2025-02-23,172.21280391506767,84180442889.18811,2446840289.512584,293.31,0.500801,172.21280391506767,172.21280391506767,172.21280391506767,172.21280391506767
solana,2025-02-24,168.09302650361454,82111049206.9718,1845951247.1170418,293.31,0.500801,168.09302650361454,168.09302650361454,168.09302650361454,168.09302650361454
solana,2025-02-25,141.16593031186233,69785445476.4441,8204544974.98999,293.31,0.500801,141.16593031186233,141.16593031186233,141.16593031186233,141.16593031186233
solana,2025-02-26,144.3563354963687,71703011109.95712,10792855904.5099,293.31,0.500801,144.3563354963687,144.3563354963687,144.3563354963687,144.3563354963687
solana,2025-02-27,134.6628545613439,67080997138.50677,5565468106.450874,293.31,0.500801,134.6628545613439,134.6628545613439,134.6628545613439,134.6628545613439
solana,2025-02-28,137.60648163669737,68562002291.54892,4247821646.488742,293.31,0.500801,137.60648163669737,137.60648163669737,137.60648163669737,137.60648163669737
solana,2025-03-01,148.17466304440643,73865234147.56163,8773643463.195835,293.31,0.500801,148.17466304440643,148.17466304440643,148.17466304440643,148.17466304440643
solana,2025-03-02,143.4002225931321,72725965137.73221,3750217492.258566,293.31,0.500801,143.4002225931321,143.4002225931321,143.4002225931321,143.4002225931321
solana,2025-03-03,178.17413183106032,90446325718.02034,13105437774.765995,293.31,0.500801,178.17413183106032,178.17413183106032,178.17413183106032,178.17413183106032
solana,2025-03-04,142.5141267061424,72549477478.20894,10365994673.49476,293.31,0.500801,142.5141267061424,142.5141267061424,142.5141267061424,142.5141267061424
solana,2025-03-05,145.06190940041165,73677404621.18243,8959390661.47582,293.31,0.500801,145.06190940041165,145.06190940041165,145.06190940041165,145.06190940041165
solana,2025-03-06,146.1815871653316,74254605878.29288,5058439503.511892,293.31,0.500801,146.1815871653316,146.1815871653316,146.1815871653316,146.1815871653316
solana,2025-03-07,143.45134750836067,72855104265.59047,4945954333.278534,293.31,0.500801,143.45134750836067,143.45134750836067,143.45134750836067,143.45134750836067
solana,2025-03-08,139.1826626278542,70789658072.88582,7016301953.403862,293.31,0.500801,139.1826626278542,139.1826626278542,139.1826626278542,139.1826626278542
solana,2025-03-09,136.88210638232243,69641393306.39473,2514068553.482356,293.31,0.500801,136.88210638232243,136.88210638232243,136.88210638232243,136.88210638232243
solana,2025-03-10,126.63426805755283,64443868119.22886,3801194130.62927,293.31,0.500801,126.63426805755283,126.63426805755283,126.63426805755283,126.63426805755283
solana,2025-03-11,118.78644366084116,60550984692.33613,5864031854.074184,293.31,0.500801,118.78644366084116,118.78644366084116,118.78644366084116,118.78644366084116
solana,2025-03-12,125.4287680235315,63868692267.70004,6029007255.049647,293.31,0.500801,125.4287680235315,125.4287680235315,125.4287680235315,125.4287680235315
solana,2025-03-13,126.56536487567297,64342608562.247406,4689543463.448166,293.31,0.500801,126.56536487567297,126.56536487567297,126.56536487567297,126.56536487567297
solana,2025-03-14,123.23770752728635,62750805255.11328,3271148359.248695,293.31,0.500801,123.23770752728635,123.23770752728635,123.23770752728635,123.23770752728635
solana,2025-03-15,133.5545345544276,68090655259.91155,3701658672.5857406,293.31,0.500801,133.5545345544276,133.5545345544276,133.5545345544276,133.5545345544276
solana,2025-03-16,135.83808085318316,69171954733.32257,2173510694.828497,293.31,0.500801,135.83808085318316,135.83808085318316,135.83808085318316,135.83808085318316
solana,2025-03-17,126.16514527624146,64335280377.63734,2798721596.9139237,293.31,0.500801,126.16514527624146,126.16514527624146,126.16514527624146,126.16514527624146
solana,2025-03-18,128.27980954134415,65460614429.259926,2835104845.2985606,293.31,0.500801,128.27980954134415,128.27980954134415,128.27980954134415,128.27980954134415
solana,2025-03-19,125.34406014353017,63883571506.45802,2936759432.6961746,293.31,0.500801,125.34406014353017,125.34406014353017,125.34406014353017,125.34406014353017
solana,2025-03-20,135.62276169425357,69135638972.75473,4227937432.462337,293.31,0.500801,135.62276169425357,135.62276169425357,135.62276169425357,135.62276169425357
solana,2025-03-21,127.67626424914864,65205449286.37338,2856454079.9876003,293.31,0.500801,127.67626424914864,127.67626424914864,127.67626424914864,127.67626424914864
solana,2025-03-22,128.23973822410704,65399367439.38751,2682481813.177558,293.31,0.500801,128.23973822410704,128.23973822410704,128.23973822410704,128.23973822410704
solana,2025-03-23,128.39187391771924,65538073389.8455,1633225353.201732,293.31,0.500801,128.39187391771924,128.39187391771924,128.39187391771924,128.39187391771924
solana,2025-03-24,132.10106868785385,67460845086.99793,1946961909.8583128,293.31,0.500801,132.10106868785385,132.10106868785385,132.10106868785385,132.10106868785385
solana,2025-03-25,140.57936877383233,71815757431.57007,4982998048.548014,293.31,0.500801,140.57936877383233,140.57936877383233,140.57936877383233,140.57936877383233
solana,2025-03-26,143.93305133739045,73627601377.65034,4141256445.109851,293.31,0.500801,143.93305133739045,143.93305133739045,143.93305133739045,143.93305133739045
solana,2025-03-27,137.09334253160864,70000923888.07939,3544853266.965955,293.31,0.500801,137.09334253160864,137.09334253160864,137.09334253160864,137.09334253160864
solana,2025-03-28,138.37897933357002,70778661497.74887,3091328527.031395,293.31,0.500801,138.37897933357002,138.37897933357002,138.37897933357002,138.37897933357002
solana,2025-03-29,129.44621681849003,66247008410.83447,3970975243.7690816,293.31,0.500801,129.44621681849003,129.44621681849003,129.44621681849003,129.44621681849003
solana,2025-03-30,124.50189658068513,63588827540.6773,2655617262.6764107,293.31,0.500801,124.50189658068513,124.50189658068513,124.50189658068513,124.50189658068513
solana,2025-03-31,124.5806499329744,63769548570.98089,1878569311.0322552,293.31,0.500801,124.5806499329744,124.5806499329744,124.5806499329744,124.5806499329744
solana,2025-04-01,124.86617842858315,64041752306.38457,3728330337.9255114,293.31,0.500801,124.86617842858315,124.86617842858315,124.86617842858315,124.86617842858315
solana,2025-04-02,126.80693682115113,65013471543.10781,3477738068.3977413,293.31,0.500801,126.80693682115113,126.80693682115113,126.80693682115113,126.80693682115113
solana,2025-04-03,118.08550586157003,60554316318.78751,6220758262.820647,293.31,0.500801,118.08550586157003,118.08550586157003,118.08550586157003,118.08550586157003
solana,2025-04-04,117.1929518844708,60114820903.14578,5474729959.575941,293.31,0.500801,117.1929518844708,117.1929518844708,117.1929518844708,117.1929518844708
solana,2025-04-05,122.71307466195722,63119906836.25052,6141157658.850645,293.31,0.500801,122.71307466195722,122.71307466195722,122.71307466195722,122.71307466195722
solana,2025-04-06,120.16838205477265,61612075005.753624,1955824996.8725355,293.31,0.500801,120.16838205477265,120.16838205477265,120.16838205477265,120.16838205477265
solana,2025-04-07,105.76515013740064,54407017309.8724,4396294752.456149,293.31,0.500801,105.76515013740064,105.76515013740064,105.76515013740064,105.76515013740064
solana,2025-04-08,106.7967654056102,55287675172.0351,9917012343.481733,293.31,0.500801,106.7967654056102,106.7967654056102,106.7967654056102,106.7967654056102
solana,2025-04-09,105.48654682895575,54362173273.33906,6176838846.398615,293.31,0.500801,105.48654682895575,105.48654682895575,105.48654682895575,105.48654682895575
solana,2025-04-10,118.96288063114291,61346961564.26659,8239588242.375064,293.31,0.500801,118.96288063114291,118.96288063114291,118.96288063114291,118.96288063114291
solana,2025-04-11,112.88616853404648,58222992351.23841,4925583853.038068,293.31,0.500801,112.88616853404648,112.88616853404648,112.88616853404648,112.88616853404648
solana,2025-04-12,121.39249540173658,62579152124.32843,4490645224.532262,293.31,0.500801,121.39249540173658,121.39249540173658,121.39249540173658,121.39249540173658
solana,2025-04-13,132.15438529607428,68213237375.70017,4651920909.779958,293.31,0.500801,132.15438529607428,132.15438529607428,132.15438529607428,132.15438529607428
solana,2025-04-14,128.2347432835372,66179248512.52756,4291450492.451211,293.31,0.500801,128.2347432835372,128.2347432835372,128.2347432835372,128.2347432835372
solana,2025-04-15,129.42181202590046,66819953237.06392,5081658904.236963,293.31,0.500801,129.42181202590046,129.42181202590046,129.42181202590046,129.42181202590046
solana,2025-04-16,126.3038818388089,65196188092.34004,3719787998.9004683,293.31,0.500801,126.3038818388089,126.3038818388089,126.3038818388089,126.3038818388089
solana,2025-04-17,131.4761427933663,67870163137.17048,5101503918.076568,293.31,0.500801,131.4761427933663,131.4761427933663,131.4761427933663,131.4761427933663
solana,2025-04-18,134.6151648808524,69481783520.11879,4018737660.8549724,293.31,0.500801,134.6151648808524,134.6151648808524,134.6151648808524,134.6151648808524
solana,2025-04-19,133.9760882871713,69200358044.81024,2480801560.1936097,293.31,0.500801,133.9760882871713,133.9760882871713,133.9760882871713,133.9760882871713
solana,2025-04-20,139.64248014652355,72126425869.29272,2834667466.059489,293.31,0.500801,139.64248014652355,139.64248014652355,139.64248014652355,139.64248014652355
solana,2025-04-21,137.6315829179827,71115714800.43887,3092429798.991093,293.31,0.500801,137.6315829179827,137.6315829179827,137.6315829179827,137.6315829179827
solana,2025-04-22,136.3303974884886,70377196884.15381,4783795038.828256,293.31,0.500801,136.3303974884886,136.3303974884886,136.3303974884886,136.3303974884886
solana,2025-04-23,148.80397504642707,76994272929.58481,5472749483.478719,293.31,0.500801,148.80397504642707,148.80397504642707,148.80397504642707,148.80397504642707
solana,2025-04-24,150.9999108899842,78136958296.32701,5423865832.324091,293.31,0.500801,150.9999108899842,150.9999108899842,150.9999108899842,150.9999108899842
solana,2025-04-25,152.3299363576059,78834813870.53423,4515150018.575274,293.31,0.500801,152.3299363576059,152.3299363576059,152.3299363576059,152.3299363576059
solana,2025-04-26,150.92008896105446,78095157984.68939,5066838746.453711,293.31,0.500801,150.92008896105446,150.92008896105446,150.92008896105446,150.92008896105446
solana,2025-04-27,149.14633083954075,77171380425.34795,2422656520.389346,293.31,0.500801,149.14633083954075,149.14633083954075,149.14633083954075,149.14633083954075
solana,2025-04-28,148.2466719511348,76723146261.05916,2296538427.6507287,293.31,0.500801,148.2466719511348,148.2466719511348,148.2466719511348,148.2466719511348
solana,2025-04-29,147.99083303267335,76624350441.35915,4344220983.973297,293.31,0.500801,147.99083303267335,147.99083303267335,147.99083303267335,147.99083303267335
solana,2025-04-30,146.49305755147196,75781317345.75404,3236163761.820636,293.31,0.500801,146.49305755147196,146.49305755147196,146.49305755147196,146.49305755147196
solana,2025-05-01,147.73348327834748,76523027843.31308,3339352715.472854,293.31,0.500801,147.73348327834748,147.73348327834748,147.73348327834748,147.73348327834748
solana,2025-05-02,150.76046702861854,78031497674.26257,3739901458.503681,293.31,0.500801,150.76046702861854,150.76046702861854,150.76046702861854,150.76046702861854
solana,2025-05-03,147.97213909446802,76659566565.3345,3193090564.1996865,293.31,0.500801,147.97213909446802,147.97213909446802,147.97213909446802,147.97213909446802
solana,2025-05-04,146.79754814764868,76050416304.2383,1777312803.7801025,293.31,0.500801,146.79754814764868,146.79754814764868,146.79754814764868,146.79754814764868
solana,2025-05-05,143.9823040324787,74610364597.26736,1839075329.597307,293.31,0.500801,143.9823040324787,143.9823040324787,143.9823040324787,143.9823040324787
solana,2025-05-06,146.81070557078957,76081780962.32152,2594552533.4757075,293.31,0.500801,146.81070557078957,146.81070557078957,146.81070557078957,146.81070557078957
solana,2025-05-07,146.90938773866714,76171920683.02298,3138354742.93678,293.31,0.500801,146.90938773866714,146.90938773866714,146.90938773866714,146.90938773866714
solana,2025-05-08,147.20059726659957,76417534983.0677,4811988060.661323,293.31,0.500801,147.20059726659957,147.20059726659957,147.20059726659957,147.20059726659957
solana,2025-05-09,163.41627317514832,84778096844.96829,7618036777.599004,293.31,0.500801,163.41627317514832,163.41627317514832,163.41627317514832,163.41627317514832
solana,2025-05-10,172.6970765026263,89635021353.66832,8703440319.327112,293.31,0.500801,172.6970765026263,172.6970765026263,172.6970765026263,172.6970765026263
solana,2025-05-11,177.3428319704922,92013963177.5248,4641291512.67865,293.31,0.500801,177.3428319704922,177.3428319704922,177.3428319704922,177.3428319704922
solana,2025-05-12,172.85779222329435,89780630397.80266,4733142340.016698,293.31,0.500801,172.85779222329435,172.85779222329435,172.85779222329435,172.85779222329435
solana,2025-05-13,174.41950190990173,90653796121.97777,8002629811.569619,293.31,0.500801,174.41950190990173,174.41950190990173,174.41950190990173,174.41950190990173
solana,2025-05-14,184.05379777179434,95581040460.8069,6287498118.264789,293.31,0.500801,184.05379777179434,184.05379777179434,184.05379777179434,184.05379777179434
solana,2025-05-15,176.45507175799847,91672812384.26955,5807895946.602451,293.31,0.500801,176.45507175799847,176.45507175799847,176.45507175799847,176.45507175799847
solana,2025-05-16,168.75269732863256,87703070136.71524,5419257075.786196,293.31,0.500801,168.75269732863256,168.75269732863256,168.75269732863256,168.75269732863256
solana,2025-05-17,167.76812404954248,87324065441.59238,4389549581.69855,293.31,0.500801,167.76812404954248,167.76812404954248,167.76812404954248,167.76812404954248
solana,2025-05-18,165.9394166641985,86258046849.37544,3269429713.7712717,293.31,0.500801,165.9394166641985,165.9394166641985,165.9394166641985,165.9394166641985
solana,2025-05-19,171.54067495745267,89156663000.20357,4719647862.73409,293.31,0.500801,171.54067495745267,171.54067495745267,171.54067495745267,171.54067495745267
solana,2025-05-20,166.7148813421899,86660180885.53973,4917489419.353307,293.31,0.500801,166.7148813421899,166.7148813421899,166.7148813421899,166.7148813421899
solana,2025-05-21,168.38572912424627,87567636791.65742,4723025924.7160635,293.31,0.500801,168.38572912424627,168.38572912424627,168.38572912424627,168.38572912424627
solana,2025-05-22,173.96771434765478,90506196649.11792,6215139156.977671,293.31,0.500801,173.96771434765478,173.96771434765478,173.96771434765478,173.96771434765478
solana,2025-05-23,179.57884486750282,93401318404.66599,5820960214.759074,293.31,0.500801,179.57884486750282,179.57884486750282,179.57884486750282,179.57884486750282
solana,2025-05-24,174.43566967519817,90766229737.02824,8631193319.547667,293.31,0.500801,174.43566967519817,174.43566967519817,174.43566967519817,174.43566967519817
solana,2025-05-25,175.9976176396849,91595150534.4116,3543822748.1900992,293.31,0.500801,175.9976176396849,175.9976176396849,175.9976176396849,175.9976176396849
solana,2025-05-26,175.13203918726265,91110205286.38454,3915382381.155895,293.31,0.500801,175.13203918726265,175.13203918726265,175.13203918726265,175.13203918726265
solana,2025-05-27,174.71672204451494,90921624705.8187,3202505989.7881603,293.31,0.500801,174.71672204451494,174.71672204451494,174.71672204451494,174.71672204451494
solana,2025-05-28,176.57784495904014,91885206177.41884,4151034839.0818906,293.31,0.500801,176.57784495904014,176.57784495904014,176.57784495904014,176.57784495904014
solana,2025-05-29,172.12073410994773,89626729703.32722,3798038676.2862353,293.31,0.500801,172.12073410994773,172.12073410994773,172.12073410994773,172.12073410994773
solana,2025-05-30,166.83894593726552,86843428994.42337,3849498974.469161,293.31,0.500801,166.83894593726552,166.83894593726552,166.83894593726552,166.83894593726552
solana,2025-05-31,156.51262963204462,81757475086.86885,4811893138.165595,293.31,0.500801,156.51262963204462,156.51262963204462,156.51262963204462,156.51262963204462
solana,2025-06-01,156.86968538083693,81936330847.34436,3067057498.6570454,293.31,0.500801,156.86968538083693,156.86968538083693,156.86968538083693,156.86968538083693
solana,2025-06-02,157.63092185153255,82343946258.36638,2744309615.2839994,293.31,0.500801,157.63092185153255,157.63092185153255,157.63092185153255,157.63092185153255
solana,2025-06-03,156.97126157615844,81999316408.5183,3295032805.67504,293.31,0.500801,156.97126157615844,156.97126157615844,156.97126157615844,156.97126157615844
solana,2025-06-04,155.57609294535118,81296707387.07445,4001215457.270695,293.31,0.500801,155.57609294535118,155.57609294535118,155.57609294535118,155.57609294535118
solana,2025-06-05,153.52933334658826,80445464948.66203,2894328554.847466,293.31,0.500801,153.52933334658826,153.52933334658826,153.52933334658826,153.52933334658826
solana,2025-06-06,144.54778524030908,75763092323.77681,5147783563.002369,293.31,0.500801,144.54778524030908,144.54778524030908,144.54778524030908,144.54778524030908
solana,2025-06-07,148.27289869882955,77715710807.20976,3081994292.815606,293.31,0.500801,148.27289869882955,148.27289869882955,148.27289869882955,148.27289869882955
solana,2025-06-08,150.07536034230216,78768382382.38567,2061571442.4994385,293.31,0.500801,150.07536034230216,150.07536034230216,150.07536034230216,150.07536034230216
solana,2025-06-09,152.50446458828966,80043272922.8385,2132215310.9007103,293.31,0.500801,152.50446458828966,152.50446458828966,152.50446458828966,152.50446458828966
solana,2025-06-10,161.15980951265985,84589937775.16258,4008837628.698958,293.31,0.500801,161.15980951265985,161.15980951265985,161.15980951265985,161.15980951265985
solana,2025-06-11,164.9644225697288,86571332860.45332,5347282400.770432,293.31,0.500801,164.9644225697288,164.9644225697288,164.9644225697288,164.9644225697288
solana,2025-06-12,161.01986639557893,84533356127.98843,5796688364.492554,293.31,0.500801,161.01986639557893,161.01986639557893,161.01986639557893,161.01986639557893
solana,2025-06-13,152.6604566097001,80285894233.06946,3971540185.958896,293.31,0.500801,152.6604566097001,152.6604566097001,152.6604566097001,152.6604566097001
solana,2025-06-14,148.53042859104298,78374298079.131,6899166919.424324,293.31,0.500801,148.53042859104298,148.53042859104298,148.53042859104298,148.53042859104298
solana,2025-06-15,144.75154594223267,76395263029.6604,2347896839.3558106,293.31,0.500801,144.75154594223267,144.75154594223267,144.75154594223267,144.75154594223267
solana,2025-06-16,152.684889859998,80585766786.45044,3899774764.538459,293.31,0.500801,152.684889859998,152.684889859998,152.684889859998,152.684889859998
solana,2025-06-17,151.43554856186984,79959725924.2985,5091508004.197791,293.31,0.500801,151.43554856186984,151.43554856186984,151.43554856186984,151.43554856186984
solana,2025-06-18,147.99188434299543,78146853122.15833,5049196750.599356,293.31,0.500801,147.99188434299543,147.99188434299543,147.99188434299543,147.99188434299543
solana,2025-06-19,146.27697674399295,77197222250.09135,4140075680.6693616,293.31,0.500801,146.27697674399295,146.27697674399295,146.27697674399295,146.27697674399295
solana,2025-06-20,147.09924520457085,77672175553.78215,3317445622.022612,293.31,0.500801,147.09924520457085,147.09924520457085,147.09924520457085,147.09924520457085
solana,2025-06-21,140.04009054961782,74352627907.47485,4927733598.47951,293.31,0.500801,140.04009054961782,140.04009054961782,140.04009054961782,140.04009054961782
solana,2025-06-22,133.71000196412658,70788027179.84511,3965117683.287045,293.31,0.500801,133.71000196412658,133.71000196412658,133.71000196412658,133.71000196412658
solana,2025-06-23,131.8134744866569,70035052662.1332,6034851129.188091,293.31,0.500801,131.8134744866569,131.8134744866569,131.8134744866569,131.8134744866569
solana,2025-06-24,144.7815680115998,76913532127.43575,6803245546.166264,293.31,0.500801,144.7815680115998,144.7815680115998,144.7815680115998,144.7815680115998
solana,2025-06-25,145.8019507474219,77418435219.14531,4365577695.258674,293.31,0.500801,145.8019507474219,145.8019507474219,145.8019507474219,145.8019507474219
solana,2025-06-26,143.37011953879949,76592225935.41951,3632253966.777613,293.31,0.500801,143.37011953879949,143.37011953879949,143.37011953879949,143.37011953879949
solana,2025-06-27,138.97799072607012,74258601216.09717,4094443190.4828176,293.31,0.500801,138.97799072607012,138.97799072607012,138.97799072607012,138.97799072607012
solana,2025-06-28,142.12675809713753,75946935362.85362,3884472749.8418827,293.31,0.500801,142.12675809713753,142.12675809713753,142.12675809713753,142.12675809713753
solana,2025-06-29,150.7812372563586,80534347465.08652,3480663753.86231,293.31,0.500801,150.7812372563586,150.7812372563586,150.7812372563586,150.7812372563586
solana,2025-06-30,153.31879559308874,81941734208.35605,3034669713.0257177,293.31,0.500801,153.31879559308874,153.31879559308874,153.31879559308874,153.31879559308874
solana,2025-07-01,154.9374500694811,82818070628.0388,5839631136.997528,293.31,0.500801,154.9374500694811,154.9374500694811,154.9374500694811,154.9374500694811
solana,2025-07-02,146.84115991278014,78488996165.02196,4180937195.699031,293.31,0.500801,146.84115991278014,146.84115991278014,146.84115991278014,146.84115991278014
solana,2025-07-03,152.1680329188485,81356182087.82619,4586707670.749116,293.31,0.500801,152.1680329188485,152.1680329188485,152.1680329188485,152.1680329188485
solana,2025-07-04,152.28063806980848,81414932798.53902,4481298325.462197,293.31,0.500801,152.28063806980848,152.28063806980848,152.28063806980848,152.28063806980848
solana,2025-07-05,147.76302956048175,79002678553.63802,4122205670.4260592,293.31,0.500801,147.76302956048175,147.76302956048175,147.76302956048175,147.76302956048175
solana,2025-07-06,147.60067170952217,78946152630.50418,1854457228.577465,293.31,0.500801,147.60067170952217,147.60067170952217,147.60067170952217,147.60067170952217
solana,2025-07-07,151.92103968743746,81209567201.79767,3555730137.1277676,293.31,0.500801,151.92103968743746,151.92103968743746,151.92103968743746,151.92103968743746
solana,2025-07-08,148.79005045485957,79678109116.42232,4159999387.584406,293.31,0.500801,148.79005045485957,148.79005045485957,148.79005045485957,148.79005045485957
solana,2025-07-09,151.83083400485827,81344510607.36617,4528768718.257452,293.31,0.500801,151.83083400485827,151.83083400485827,151.83083400485827,151.83083400485827
solana,2025-07-10,157.20772193763892,84264481217.45757,5340601044.883773,293.31,0.500801,157.20772193763892,157.20772193763892,157.20772193763892,157.20772193763892
solana,2025-07-11,163.85821380442644,87651094464.58328,10873010259.89518,293.31,0.500801,163.85821380442644,163.85821380442644,163.85821380442644,163.85821380442644
solana,2025-07-12,162.75319398002793,87228696845.69495,15000208185.36994,293.31,0.500801,162.75319398002793,162.75319398002793,162.75319398002793,162.75319398002793
solana,2025-07-13,160.46917812212587,85990922452.45544,7427115213.712982,293.31,0.500801,160.46917812212587,160.46917812212587,160.46917812212587,160.46917812212587
solana,2025-07-14,161.2426294578984,86379646790.38098,7216327088.3555765,293.31,0.500801,161.2426294578984,161.2426294578984,161.2426294578984,161.2426294578984
solana,2025-07-15,162.28222240485653,87012722669.01315,14500503326.7985,293.31,0.500801,162.28222240485653,162.28222240485653,162.28222240485653,162.28222240485653
solana,2025-07-16,163.96583057213138,87943386177.56264,12915906103.683296,293.31,0.500801,163.96583057213138,163.96583057213138,163.96583057213138,163.96583057213138
solana,2025-07-17,173.8289647474319,93485435152.36853,17811143762.30818,293.31,0.500801,173.8289647474319,173.8289647474319,173.8289647474319,173.8289647474319
solana,2025-07-18,176.0976453468298,94705914575.06302,16421519782.114107,293.31,0.500801,176.0976453468298,176.0976453468298,176.0976453468298,176.0976453468298
solana,2025-07-19,177.36979874415755,95389053896.84322,18801332820.737236,293.31,0.500801,177.36979874415755,177.36979874415755,177.36979874415755,177.36979874415755
solana,2025-07-20,176.91082733883786,95159016657.7261,8109077838.043139,293.31,0.500801,176.91082733883786,176.91082733883786,176.91082733883786,176.91082733883786
solana,2025-07-21,180.99223128612934,97369774805.6155,13879156359.595356,293.31,0.500801,180.99223128612934,180.99223128612934,180.99223128612934,180.99223128612934
solana,2025-07-22,196.42381167802614,105726477497.21577,23536247199.551838,293.31,0.500801,196.42381167802614,196.42381167802614,196.42381167802614,196.42381167802614
solana,2025-07-23,205.2909062553001,110388822982.47327,33288976911.758366,293.31,0.500801,205.2909062553001,205.2909062553001,205.2909062553001,205.2909062553001
solana,2025-07-24,189.5923023530127,102009512597.66689,22842746849.566635,293.31,0.500801,189.5923023530127,189.5923023530127,189.5923023530127,189.5923023530127
solana,2025-07-25,182.56084286755046,98288901831.98495,19515303060.801735,293.31,0.500801,182.56084286755046,182.56084286755046,182.56084286755046,182.56084286755046
solana,2025-07-26,186.17182549934944,100191430260.7939,17804092124.295223,293.31,0.500801,186.17182549934944,186.17182549934944,186.17182549934944,186.17182549934944
solana,2025-07-27,184.9395837508933,99537260340.7252,6066268600.664028,293.31,0.500801,184.9395837508933,184.9395837508933,184.9395837508933,184.9395837508933
solana,2025-07-28,188.5758287219798,101416340780.40605,7055013487.194188,293.31,0.500801,188.5758287219798,188.5758287219798,188.5758287219798,188.5758287219798
solana,2025-07-29,183.03025266261037,98532622033.55843,11859569057.897078,293.31,0.500801,183.03025266261037,183.03025266261037,183.03025266261037,183.03025266261037
solana,2025-07-30,181.16776459533068,97454126235.82953,5784849447.910539,293.31,0.500801,181.16776459533068,181.16776459533068,181.16776459533068,181.16776459533068
solana,2025-07-31,177.8780960276323,95607702499.41104,6340104641.556541,293.31,0.500801,177.8780960276323,177.8780960276323,177.8780960276323,177.8780960276323
solana,2025-08-01,172.1630467364299,92708865239.70064,5648090381.562077,293.31,0.500801,172.1630467364299,172.1630467364299,172.1630467364299,172.1630467364299
solana,2025-08-02,162.79127248081605,87608862241.09743,8524308824.141164,293.31,0.500801,162.79127248081605,162.79127248081605,162.79127248081605,162.79127248081605
solana,2025-08-03,158.53125175932496,85419275441.3688,3493829006.1178837,293.31,0.500801,158.53125175932496,158.53125175932496,158.53125175932496,158.53125175932496
solana,2025-08-04,161.90312387611363,87127911992.51938,3799213534.622081,293.31,0.500801,161.90312387611363,161.90312387611363,161.90312387611363,161.90312387611363
solana,2025-08-05,169.41522028427192,91187068515.65497,5184477262.429844,293.31,0.500801,169.41522028427192,169.41522028427192,169.41522028427192,169.41522028427192
solana,2025-08-06,164.08356857308905,88366756321.06778,4990165298.964871,293.31,0.500801,164.08356857308905,164.08356857308905,164.08356857308905,164.08356857308905
solana,2025-08-07,168.1731958529984,90602300378.89859,3925170891.2100515,293.31,0.500801,168.1731958529984,168.1731958529984,168.1731958529984,168.1731958529984
solana,2025-08-08,175.3851480311338,94555506562.20601,4922490352.0849,293.31,0.500801,175.3851480311338,175.3851480311338,175.3851480311338,175.3851480311338
solana,2025-08-09,176.79535226118225,95358552408.13701,6314967732.267661,293.31,0.500801,176.79535226118225,176.79535226118225,176.79535226118225,176.79535226118225
solana,2025-08-10,180.38638312645054,97273757979.29631,5151414730.8922,293.31,0.500801,180.38638312645054,180.38638312645054,180.38638312645054,180.38638312645054
solana,2025-08-11,182.9089507475702,98680797069.32025,6526899522.845935,293.31,0.500801,182.9089507475702,182.9089507475702,182.9089507475702,182.9089507475702
solana,2025-08-12,175.04512640796176,94446838456.51955,7218575660.657902,293.31,0.500801,175.04512640796176,175.04512640796176,175.04512640796176,175.04512640796176
solana,2025-08-13,192.59412792428108,103958446553.55505,8241598209.651322,293.31,0.500801,192.59412792428108,192.59412792428108,192.59412792428108,192.59412792428108
solana,2025-08-14,201.8186877395025,109040519317.65358,12032742881.340282,293.31,0.500801,201.8186877395025,201.8186877395025,201.8186877395025,201.8186877395025
solana,2025-08-15,192.75680405400084,104086483120.68985,14504164931.300503,293.31,0.500801,192.75680405400084,192.75680405400084,192.75680405400084,192.75680405400084
solana,2025-08-16,185.5996951638033,100133112662.54547,8453295249.345534,293.31,0.500801,185.5996951638033,185.5996951638033,185.5996951638033,185.5996951638033
solana,2025-08-17,189.76942306167987,102341194195.00087,4463139739.111394,293.31,0.500801,189.76942306167987,189.76942306167987,189.76942306167987,189.76942306167987
solana,2025-08-18,191.64098987374877,103498590849.65073,4337337967.245784,293.31,0.500801,191.64098987374877,191.64098987374877,191.64098987374877,191.64098987374877
solana,2025-08-19,183.0130381229085,98839575359.52385,6404055055.139721,293.31,0.500801,183.0130381229085,183.0130381229085,183.0130381229085,183.0130381229085
solana,2025-08-20,176.4002245667356,95269629007.20668,6012864665.830554,293.31,0.500801,176.4002245667356,176.4002245667356,176.4002245667356,176.4002245667356
solana,2025-08-21,187.2669439751863,101153138629.37645,6232892656.027937,293.31,0.500801,187.2669439751863,187.2669439751863,187.2669439751863,187.2669439751863
solana,2025-08-22,180.24297051206173,97284344052.61475,5352469255.969752,293.31,0.500801,180.24297051206173,180.24297051206173,180.24297051206173,180.24297051206173
solana,2025-08-23,200.2605865005056,108194143822.4916,10127448099.982841,293.31,0.500801,200.2605865005056,200.2605865005056,200.2605865005056,200.2605865005056
solana,2025-08-24,204.01931609622184,110265793443.07309,7707066769.148663,293.31,0.500801,204.01931609622184,204.01931609622184,204.01931609622184,204.01931609622184
solana,2025-08-25,205.88090746426144,111293086915.60172,11192452947.414183,293.31,0.500801,205.88090746426144,205.88090746426144,205.88090746426144,205.88090746426144
solana,2025-08-26,187.18525315161807,101136116915.87978,12382673799.15369,293.31,0.500801,187.18525315161807,187.18525315161807,187.18525315161807,187.18525315161807
solana,2025-08-27,195.9857969070515,105940691853.63528,8074057190.355703,293.31,0.500801,195.9857969070515,195.9857969070515,195.9857969070515,195.9857969070515
solana,2025-08-28,203.29341765413957,109858006061.39355,12654160502.675875,293.31,0.500801,203.29341765413957,203.29341765413957,203.29341765413957,203.29341765413957
solana,2025-08-29,214.54958917125032,116004977345.01314,12259075336.968056,293.31,0.500801,214.54958917125032,214.54958917125032,214.54958917125032,214.54958917125032
solana,2025-08-30,205.08335316941142,110856000021.0619,13457457307.813232,293.31,0.500801,205.08335316941142,205.08335316941142,205.08335316941142,205.08335316941142
solana,2025-08-31,202.71014197799335,109624145394.8024,5916828358.740077,293.31,0.500801,202.71014197799335,202.71014197799335,202.71014197799335,202.71014197799335
solana,2025-09-01,200.90099462282365,108641493698.23297,5119565154.109434,293.31,0.500801,200.90099462282365,200.90099462282365,200.90099462282365,200.90099462282365
solana,2025-09-02,196.88381950999033,106414197827.8846,7408407557.527862,293.31,0.500801,196.88381950999033,196.88381950999033,196.88381950999033,196.88381950999033
solana,2025-09-03,209.23036715955652,113196213823.18475,8803333414.35032,293.31,0.500801,209.23036715955652,209.23036715955652,209.23036715955652,209.23036715955652
solana,2025-09-04,210.678785187558,113974936294.58269,6956952790.247085,293.31,0.500801,210.678785187558,210.678785187558,210.678785187558,210.678785187558
solana,2025-09-05,202.68556246131902,109721137208.39746,5057527125.787553,293.31,0.500801,202.68556246131902,202.68556246131902,202.68556246131902,202.68556246131902
solana,2025-09-06,203.47913677981902,110114510867.43683,7547177831.7062235,293.31,0.500801,203.47913677981902,203.47913677981902,203.47913677981902,203.47913677981902
solana,2025-09-07,200.18665937035894,108362930311.83084,2968164693.6168056,293.31,0.500801,200.18665937035894,200.18665937035894,200.18665937035894,200.18665937035894
solana,2025-09-08,206.51848846856373,111936108428.27112,4213958987.249966,293.31,0.500801,206.51848846856373,206.51848846856373,206.51848846856373,206.51848846856373
solana,2025-09-09,214.08956690665315,116026061901.42412,9970745423.357145,293.31,0.500801,214.08956690665315,214.08956690665315,214.08956690665315,214.08956690665315
solana,2025-09-10,217.38518604767611,117845247298.93935,9082166653.74413,293.31,0.500801,217.38518604767611,217.38518604767611,217.38518604767611,217.38518604767611
solana,2025-09-11,223.9996568751895,121443927715.77182,9538303334.00484,293.31,0.500801,223.9996568751895,223.9996568751895,223.9996568751895,223.9996568751895
solana,2025-09-12,228.6994803098487,123996407786.3184,10115240805.136227,293.31,0.500801,228.6994803098487,228.6994803098487,228.6994803098487,228.6994803098487
solana,2025-09-13,242.25824628845254,131451215438.38591,13331440399.44534,293.31,0.500801,242.25824628845254,242.25824628845254,242.25824628845254,242.25824628845254
solana,2025-09-14,242.6675990847208,131625546341.2104,7460431580.746429,293.31,0.500801,242.6675990847208,242.6675990847208,242.6675990847208,242.6675990847208
solana,2025-09-15,240.51910214123612,130492671181.8851,9641527089.213789,293.31,0.500801,240.51910214123612,240.51910214123612,240.51910214123612,240.51910214123612
solana,2025-09-16,233.8358169548661,126723030988.81142,10189245912.076498,293.31,0.500801,233.8358169548661,233.8358169548661,233.8358169548661,233.8358169548661
solana,2025-09-17,237.00322352946304,128913223473.07257,7606193246.926102,293.31,0.500801,237.00322352946304,237.00322352946304,237.00322352946304,237.00322352946304
solana,2025-09-18,244.94703055919837,133012651049.5734,10904096063.20618,293.31,0.500801,244.94703055919837,244.94703055919837,244.94703055919837,244.94703055919837
solana,2025-09-19,247.55626201820508,134328267645.0745,9525238920.41541,293.31,0.500801,247.55626201820508,247.55626201820508,247.55626201820508,247.55626201820508
solana,2025-09-20,238.33823551145915,129345335675.59085,7795423019.894011,293.31,0.500801,238.33823551145915,238.33823551145915,238.33823551145915,238.33823551145915
solana,2025-09-21,239.46337999355012,130034859270.97707,3643828369.3949914,293.31,0.500801,239.46337999355012,239.46337999355012,239.46337999355012,239.46337999355012
solana,2025-09-22,236.64867854250417,128569320517.27148,3625096944.4525175,293.31,0.500801,236.64867854250417,236.64867854250417,236.64867854250417,236.64867854250417
solana,2025-09-23,220.33692191838946,119686369996.93573,12282736836.312027,293.31,0.500801,220.33692191838946,220.33692191838946,220.33692191838946,220.33692191838946
solana,2025-09-24,214.17925267896382,116518133817.56525,7575651795.115867,293.31,0.500801,214.17925267896382,214.17925267896382,214.17925267896382,214.17925267896382
solana,2025-09-25,211.59608812684968,115032433454.73328,8445521212.739207,293.31,0.500801,211.59608812684968,211.59608812684968,211.59608812684968,211.59608812684968
solana,2025-09-26,192.18165357078567,104476128475.99643,12016864135.347467,293.31,0.500801,192.18165357078567,192.18165357078567,192.18165357078567,192.18165357078567
solana,2025-09-27,205.1199454921513,111442276251.7605,10264035473.466131,293.31,0.500801,205.1199454921513,205.1199454921513,205.1199454921513,205.1199454921513
solana,2025-09-28,203.5749247337909,110625886749.88844,4017566336.8666024,293.31,0.500801,203.5749247337909,203.5749247337909,203.5749247337909,203.5749247337909
solana,2025-09-29,210.7450481378904,114541266794.95769,4489384967.131298,293.31,0.500801,210.7450481378904,210.7450481378904,210.7450481378904,210.7450481378904
solana,2025-09-30,212.92955681530267,115729984092.68108,6935052896.50192,293.31,0.500801,212.92955681530267,212.92955681530267,212.92955681530267,212.92955681530267
solana,2025-10-01,208.6992944881733,113428586887.75471,7027033380.102042,293.31,0.500801,208.6992944881733,208.6992944881733,208.6992944881733,208.6992944881733
solana,2025-10-02,221.2188833389755,120044760192.73802,8473857082.585505,293.31,0.500801,221.2188833389755,221.2188833389755,221.2188833389755,221.2188833389755
solana,2025-10-03,234.61674360916186,127362028246.18869,10240423698.713894,293.31,0.500801,234.61674360916186,234.61674360916186,234.61674360916186,234.61674360916186
solana,2025-10-04,233.06458024680495,127150990208.83511,9409846313.93892,293.31,0.500801,233.06458024680495,233.06458024680495,233.06458024680495,233.06458024680495
solana,2025-10-05,227.93905953905113,124310880122.60092,4629724693.376066,293.31,0.500801,227.93905953905113,227.93905953905113,227.93905953905113,227.93905953905113
solana,2025-10-06,228.5443211026712,124722639864.9079,7161162365.904725,293.31,0.500801,228.5443211026712,228.5443211026712,228.5443211026712,228.5443211026712
solana,2025-10-07,232.5968012360869,126917886067.39793,7565905967.514749,293.31,0.500801,232.5968012360869,232.5968012360869,232.5968012360869,232.5968012360869
solana,2025-10-08,220.92325353514107,120651918153.05309,9428620255.995054,293.31,0.500801,220.92325353514107,220.92325353514107,220.92325353514107,220.92325353514107
solana,2025-10-09,229.06280907281337,125078490889.53381,7378938614.697137,293.31,0.500801,229.06280907281337,229.06280907281337,229.06280907281337,229.06280907281337
solana,2025-10-10,220.8065008190006,120565130574.60735,7926447520.068074,293.31,0.500801,220.8065008190006,220.8065008190006,220.8065008190006,220.8065008190006
solana,2025-10-11,189.8912952568837,104753731395.58649,16979196402.761215,293.31,0.500801,189.8912952568837,189.8912952568837,189.8912952568837,189.8912952568837
solana,2025-10-12,178.3062307703534,97463291611.22887,12825283650.402828,293.31,0.500801,178.3062307703534,178.3062307703534,178.3062307703534,178.3062307703534
solana,2025-10-13,197.03997380287893,107553280810.07175,12182439886.806627,293.31,0.500801,197.03997380287893,197.03997380287893,197.03997380287893,197.03997380287893
solana,2025-10-14,207.92928081408232,113600150801.75488,11548480550.997688,293.31,0.500801,207.92928081408232,207.92928081408232,207.92928081408232,207.92928081408232
solana,2025-10-15,202.77828792883702,111004502175.88118,13553378827.238491,293.31,0.500801,202.77828792883702,202.77828792883702,202.77828792883702,202.77828792883702
solana,2025-10-16,193.96279214560616,106135409373.7695,9764892301.796349,293.31,0.500801,193.96279214560616,193.96279214560616,193.96279214560616,193.96279214560616
solana,2025-10-17,184.57406686923576,100920180313.75322,9925743378.18117,293.31,0.500801,184.57406686923576,184.57406686923576,184.57406686923576,184.57406686923576
solana,2025-10-18,182.07052141400303,99584853701.89706,10314262292.923399,293.31,0.500801,182.07052141400303,182.07052141400303,182.07052141400303,182.07052141400303
solana,2025-10-19,187.55870371602296,102547391633.91815,4080705643.636593,293.31,0.500801,187.55870371602296,187.55870371602296,187.55870371602296,187.55870371602296
solana,2025-10-20,187.62095813065147,102473799864.32953,4866494598.220849,293.31,0.500801,187.62095813065147,187.62095813065147,187.62095813065147,187.62095813065147
solana,2025-10-21,189.83490809801577,103759163273.00163,6130975032.123,293.31,0.500801,189.83490809801577,189.83490809801577,189.83490809801577,189.83490809801577
solana,2025-10-22,185.78992071057104,101503754154.96838,8140307547.666378,293.31,0.500801,185.78992071057104,185.78992071057104,185.78992071057104,185.78992071057104
solana,2025-10-23,180.02645418265774,98365559775.72266,7331527656.706337,293.31,0.500801,180.02645418265774,180.02645418265774,180.02645418265774,180.02645418265774
solana,2025-10-24,191.42417371185576,105126704771.48363,6328717665.982079,293.31,0.500801,191.42417371185576,191.42417371185576,191.42417371185576,191.42417371185576
solana,2025-10-25,193.47566388653937,106277703611.5622,5836419855.507742,293.31,0.500801,193.47566388653937,193.47566388653937,193.47566388653937,193.47566388653937
solana,2025-10-26,194.011016152678,106640787914.34056,3143145861.3248463,293.31,0.500801,194.011016152678,194.011016152678,194.011016152678,194.011016152678
solana,2025-10-27,200.07095684438153,110015344814.02438,4807959121.519227,293.31,0.500801,200.07095684438153,200.07095684438153,200.07095684438153,200.07095684438153
solana,2025-10-28,198.81130112961708,109185355497.74608,6699989320.198287,293.31,0.500801,198.81130112961708,198.81130112961708,198.81130112961708,198.81130112961708
solana,2025-10-29,194.40531681984675,106812830000.23653,8022554748.305202,293.31,0.500801,194.40531681984675,194.40531681984675,194.40531681984675,194.40531681984675
solana,2025-10-30,194.22060377742542,106654590061.0207,8179014087.802186,293.31,0.500801,194.22060377742542,194.22060377742542,194.22060377742542,194.22060377742542
solana,2025-10-31,184.28637111326051,101142410783.16473,8507378052.630039,293.31,0.500801,184.28637111326051,184.28637111326051,184.28637111326051,184.28637111326051
solana,2025-11-01,187.2627467672827,103442974150.53136,5793893051.801109,293.31,0.500801,187.2627467672827,187.2627467672827,187.2627467672827,187.2627467672827
solana,2025-11-02,186.3556506725306,102961761123.6358,2712449199.879818,293.31,0.500801,186.3556506725306,186.3556506725306,186.3556506725306,186.3556506725306
solana,2025-11-03,187.19632465985816,103265155078.90247,3242429378.753831,293.31,0.500801,187.19632465985816,187.19632465985816,187.19632465985816,187.19632465985816
solana,2025-11-04,165.92718959407298,91638592574.92229,9778486257.676378,293.31,0.500801,165.92718959407298,165.92718959407298,165.92718959407298,165.92718959407298
solana,2025-11-05,155.5134380549323,85947115263.93896,11455410012.209955,293.31,0.500801,155.5134380549323,155.5134380549323,155.5134380549323,155.5134380549323
solana,2025-11-06,162.64616988523213,89955932106.81238,6883947244.13202,293.31,0.500801,162.64616988523213,162.64616988523213,162.64616988523213,162.64616988523213
solana,2025-11-07,154.84889388443324,85562556342.39645,5556988830.548565,293.31,0.500801,154.84889388443324,154.84889388443324,154.84889388443324,154.84889388443324
solana,2025-11-08,161.87760775808556,89680212829.84552,6640253853.035683,293.31,0.500801,161.87760775808556,161.87760775808556,161.87760775808556,161.87760775808556
solana,2025-11-09,158.15618865832252,87566175479.22525,3787812871.602458,293.31,0.500801,158.15618865832252,158.15618865832252,158.15618865832252,158.15618865832252
solana,2025-11-10,164.26842094537048,90880757292.08119,4600362342.428592,293.31,0.500801,164.26842094537048,164.26842094537048,164.26842094537048,164.26842094537048
solana,2025-11-11,167.54840917926455,92866398678.98384,5572975599.617281,293.31,0.500801,167.54840917926455,167.54840917926455,167.54840917926455,167.54840917926455
solana,2025-11-12,154.34628754698477,85546876438.37358,6119928731.138143,293.31,0.500801,154.34628754698477,154.34628754698477,154.34628754698477,154.34628754698477
solana,2025-11-13,153.19515043362588,84852474992.51434,5898647664.686135,293.31,0.500801,153.19515043362588,153.19515043362588,153.19515043362588,153.19515043362588
solana,2025-11-14,145.15580784802805,80581216086.66986,7303794089.642745,293.31,0.500801,145.15580784802805,145.15580784802805,145.15580784802805,145.15580784802805
solana,2025-11-15,139.00276447047776,77119490344.96066,8537259511.224628,293.31,0.500801,139.00276447047776,139.00276447047776,139.00276447047776,139.00276447047776
solana,2025-11-16,139.59145707175173,77375030096.27234,3515375946.078547,293.31,0.500801,139.59145707175173,139.59145707175173,139.59145707175173,139.59145707175173
solana,2025-11-17,137.4975729739525,76214849400.6984,4915090778.811192,293.31,0.500801,137.4975729739525,137.4975729739525,137.4975729739525,137.4975729739525
solana,2025-11-18,130.68858764032888,72426094213.65282,7514441110.728822,293.31,0.500801,130.68858764032888,130.68858764032888,130.68858764032888,130.68858764032888
solana,2025-11-19,140.60155456478054,77934016916.19258,7721886683.591121,293.31,0.500801,140.60155456478054,140.60155456478054,140.60155456478054,140.60155456478054
solana,2025-11-20,136.43470513687834,75584893191.21877,6188944241.966924,293.31,0.500801,136.43470513687834,136.43470513687834,136.43470513687834,136.43470513687834
solana,2025-11-21,133.60337500165332,74844768194.70718,8684394409.126163,293.31,0.500801,133.60337500165332,133.60337500165332,133.60337500165332,133.60337500165332
solana,2025-11-22,128.48401421465474,71848950731.73575,10313891229.218143,293.31,0.500801,128.48401421465474,128.48401421465474,128.48401421465474,128.48401421465474
solana,2025-11-23,127.62806806856854,71349952756.82495,3630542144.0941753,293.31,0.500801,127.62806806856854,127.62806806856854,127.62806806856854,127.62806806856854
solana,2025-11-24,130.84897517738048,73167233648.17833,3991552010.3336043,293.31,0.500801,130.84897517738048,130.84897517738048,130.84897517738048,130.84897517738048
solana,2025-11-25,138.3677130507636,77367322523.65762,6431600335.735572,293.31,0.500801,138.3677130507636,138.3677130507636,138.3677130507636,138.3677130507636
solana,2025-11-26,139.0062092062614,77771514073.10704,4808709077.41163,293.31,0.500801,139.0062092062614,139.0062092062614,139.0062092062614,139.0062092062614
solana,2025-11-27,142.92252259467037,79924794823.57224,5998548898.056817,293.31,0.500801,142.92252259467037,142.92252259467037,142.92252259467037,142.92252259467037
solana,2025-11-28,140.8298940142595,78777617550.5348,3819216595.133187,293.31,0.500801,140.8298940142595,140.8298940142595,140.8298940142595,140.8298940142595
solana,2025-11-29,137.46833804153275,76938097243.95398,5365486933.184003,293.31,0.500801,137.46833804153275,137.46833804153275,137.46833804153275,137.46833804153275
solana,2025-11-30,136.08875145366935,76118417197.87218,2718227800.811016,293.31,0.500801,136.08875145366935,136.08875145366935,136.08875145366935,136.08875145366935
solana,2025-12-01,134.57716421907872,75637190873.42696,3460372072.935849,293.31,0.500801,134.57716421907872,134.57716421907872,134.57716421907872,134.57716421907872
solana,2025-12-02,126.74719818442522,70966196633.84346,6851062003.639887,293.31,0.500801,126.74719818442522,126.74719818442522,126.74719818442522,126.74719818442522
solana,2025-12-03,138.68381774415911,77653527014.84753,6918508704.607495,293.31,0.500801,138.68381774415911,138.68381774415911,138.68381774415911,138.68381774415911
solana,2025-12-04,145.03241215787318,81208229329.41095,6455831919.236613,293.31,0.500801,145.03241215787318,145.03241215787318,145.03241215787318,145.03241215787318
solana,2025-12-05,139.0035856702843,77830815983.02031,4788215430.254418,293.31,0.500801,139.0035856702843,139.0035856702843,139.0035856702843,139.0035856702843
solana,2025-12-06,133.19940782316152,74566520034.03679,4920570364.5913,293.31,0.500801,133.19940782316152,133.19940782316152,133.19940782316152,133.19940782316152
solana,2025-12-07,132.21332316930986,73993239897.54666,2360842992.9684343,293.31,0.500801,132.21332316930986,132.21332316930986,132.21332316930986,132.21332316930986
solana,2025-12-08,131.63667798299971,73739848612.42871,4308900064.808368,293.31,0.500801,131.63667798299971,131.63667798299971,131.63667798299971,131.63667798299971
solana,2025-12-09,133.2876975493966,74811646828.87148,5265200020.040177,293.31,0.500801,133.2876975493966,133.2876975493966,133.2876975493966,133.2876975493966
solana,2025-12-10,138.01268988378362,77575668532.51553,6612919737.71527,293.31,0.500801,138.01268988378362,138.01268988378362,138.01268988378362,138.01268988378362
solana,2025-12-11,136.51252974936924,76726311580.65881,6601409509.828041,293.31,0.500801,136.51252974936924,136.51252974936924,136.51252974936924,136.51252974936924
solana,2025-12-12,136.44042727909604,76743870887.65125,6531004549.074007,293.31,0.500801,136.44042727909604,136.44042727909604,136.44042727909604,136.44042727909604
solana,2025-12-13,132.4674041542392,74491666029.22806,5827290706.453272,293.31,0.500801,132.4674041542392,132.4674041542392,132.4674041542392,132.4674041542392
solana,2025-12-14,133.22106900469535,74841360307.62788,2259785741.0493307,293.31,0.500801,133.22106900469535,133.22106900469535,133.22106900469535,133.22106900469535
solana,2025-12-15,129.57660231376835,72771108472.71634,2811466749.906449,293.31,0.500801,129.57660231376835,129.57660231376835,129.57660231376835,129.57660231376835
solana,2025-12-16,127.70162570713056,71761324664.35858,5664789139.597919,293.31,0.500801,127.70162570713056,127.70162570713056,127.70162570713056,127.70162570713056
solana,2025-12-17,128.8095625908113,72352928471.43684,4471455535.338424,293.31,0.500801,128.8095625908113,128.8095625908113,128.8095625908113,128.8095625908113
solana,2025-12-18,123.08121963590442,69190855101.13805,5991785692.616783,293.31,0.500801,123.08121963590442,123.08121963590442,123.08121963590442,123.08121963590442
solana,2025-12-19,119.47102833526988,67164501569.46828,6429346461.74471,293.31,0.500801,119.47102833526988,119.47102833526988,119.47102833526988,119.47102833526988
solana,2025-12-20,126.1879023223493,70945765444.8513,5616521064.824057,293.31,0.500801,126.1879023223493,126.1879023223493,126.1879023223493,126.1879023223493
solana,2025-12-21,125.78919713672443,70712904180.67732,1874498407.279519,293.31,0.500801,125.78919713672443,125.78919713672443,125.78919713672443,125.78919713672443
solana,2025-12-22,126.01866473018241,70866740448.0251,2593618351.5364947,293.31,0.500801,126.01866473018241,126.01866473018241,126.01866473018241,126.01866473018241
solana,2025-12-23,125.76066206540068,70709712071.75928,4107959590.6911936,293.31,0.500801,125.76066206540068,125.76066206540068,125.76066206540068,125.76066206540068
solana,2025-12-24,123.9193038826096,69704070559.22852,3449135611.6053176,293.31,0.500801,123.9193038826096,123.9193038826096,123.9193038826096,123.9193038826096
solana,2025-12-25,122.56774375278773,68951067341.39406,2590460582.9893656,293.31,0.500801,122.56774375278773,122.56774375278773,122.56774375278773,122.56774375278773
solana,2025-12-26,120.09013792486492,67601569093.48973,2449069367.6865826,293.31,0.500801,120.09013792486492,120.09013792486492,120.09013792486492,120.09013792486492
solana,2025-12-27,122.18760348085107,68749899193.13757,4206343443.092035,293.31,0.500801,122.18760348085107,122.18760348085107,122.18760348085107,122.18760348085107
solana,2025-12-28,124.63847125670826,70060705784.7345,1903845564.1442995,293.31,0.500801,124.63847125670826,124.63847125670826,124.63847125670826,124.63847125670826
solana,2025-12-29,125.19116108131975,70417541311.5998,2274998025.866254,293.31,0.500801,125.19116108131975,125.19116108131975,125.19116108131975,125.19116108131975
solana,2025-12-30,123.09934938681572,69294749014.9203,5206138693.770085,293.31,0.500801,123.09934938681572,123.09934938681572,123.09934938681572,123.09934938681572
solana,2025-12-31,124.85607450703749,70258329328.96147,3452065269.058434,293.31,0.500801,124.85607450703749,124.85607450703749,124.85607450703749,124.85607450703749
solana,2026-01-01,124.5164171836461,70088211901.36029,3867698668.3454027,293.31,0.500801,124.5164171836461,124.5164171836461,124.5164171836461,124.5164171836461
solana,2026-01-02,126.73481257128296,71412464990.55157,2664879770.7789636,293.31,0.500801,126.73481257128296,126.73481257128296,126.73481257128296,126.73481257128296
solana,2026-01-03,132.0483994914527,74386824319.36295,4974468671.385098,293.31,0.500801,132.0483994914527,132.0483994914527,132.0483994914527,132.0483994914527
solana,2026-01-04,133.28816839764232,75096961115.17924,2744139511.4650235,293.31,0.500801,133.28816839764232,133.28816839764232,133.28816839764232,133.28816839764232
solana,2026-01-05,133.86037430010327,75408109505.69249,3302730567.102762,293.31,0.500801,133.86037430010327,133.86037430010327,133.86037430010327,133.86037430010327
solana,2026-01-06,138.14624626670062,77857193610.8887,5820371010.09981,293.31,0.500801,138.14624626670062,138.14624626670062,138.14624626670062,138.14624626670062
solana,2026-01-07,141.10228180261717,79507408301.68976,6358691083.473678,293.31,0.500801,141.10228180261717,141.10228180261717,141.10228180261717,141.10228180261717
solana,2026-01-08,136.27267880262593,76895122140.73372,4282729414.3858867,293.31,0.500801,136.27267880262593,136.27267880262593,136.27267880262593,136.27267880262593
solana,2026-01-09,138.2946068711558,78034797749.35843,5391114708.492818,293.31,0.500801,138.2946068711558,138.2946068711558,138.2946068711558,138.2946068711558
solana,2026-01-10,135.84243943306166,76695827990.03171,5480506163.955695,293.31,0.500801,135.84243943306166,135.84243943306166,135.84243943306166,135.84243943306166
solana,2026-01-11,135.80170404935623,76641936890.79468,1741084690.0364935,293.31,0.500801,135.80170404935623,135.80170404935623,135.80170404935623,135.80170404935623
solana,2026-01-12,139.4276268849873,78706698603.54521,3419018211.6660347,293.31,0.500801,139.4276268849873,139.4276268849873,139.4276268849873,139.4276268849873
solana,2026-01-13,139.1103423634471,78613645403.17773,6620955216.998631,293.31,0.500801,139.1103423634471,139.1103423634471,139.1103423634471,139.1103423634471
solana,2026-01-14,145.09717589746134,81981991346.90428,8047083050.044898,293.31,0.500801,145.09717589746134,145.09717589746134,145.09717589746134,145.09717589746134
solana,2026-01-15,146.70846905618052,82880393448.86893,6912090068.388402,293.31,0.500801,146.70846905618052,146.70846905618052,146.70846905618052,146.70846905618052
solana,2026-01-16,142.27295549504774,80415403334.71544,4997355899.443064,293.31,0.500801,142.27295549504774,142.27295549504774,142.27295549504774,142.27295549504774
solana,2026-01-17,144.82360113807155,81862130037.57964,3957207958.6767917,293.31,0.500801,144.82360113807155,144.82360113807155,144.82360113807155,144.82360113807155
solana,2026-01-18,143.70920085761944,81270466792.49619,2020461664.9235215,293.31,0.500801,143.70920085761944,143.70920085761944,143.70920085761944,143.70920085761944
solana,2026-01-19,138.5946736566872,78436917528.54514,3109392767.1241255,293.31,0.500801,138.5946736566872,138.5946736566872,138.5946736566872,138.5946736566872
solana,2026-01-20,133.43360509528503,75486541005.88855,5368206627.398914,293.31,0.500801,133.43360509528503,133.43360509528503,133.43360509528503,133.43360509528503
solana,2026-01-21,125.81062416788743,71176869803.27257,6120599149.8276615,293.31,0.500801,125.81062416788743,125.81062416788743,125.81062416788743,125.81062416788743
solana,2026-01-22,129.33791858850012,73152926025.99269,5920873768.451463,293.31,0.500801,129.33791858850012,129.33791858850012,129.33791858850012,129.33791858850012
solana,2026-01-23,128.22398381822603,72553217774.92729,3474685432.7283425,293.31,0.500801,128.22398381822603,128.22398381822603,128.22398381822603,128.22398381822603
solana,2026-01-24,127.24900586659474,72000257943.84181,4037508318.9055634,293.31,0.500801,127.24900586659474,127.24900586659474,127.24900586659474,127.24900586659474
solana,2026-01-25,127.04951352257324,71902047449.9125,1718383638.1534047,293.31,0.500801,127.04951352257324,127.04951352257324,127.04951352257324,127.04951352257324
solana,2026-01-26,118.89050038610903,67334139605.105606,5664989178.023534,293.31,0.500801,118.89050038610903,118.89050038610903,118.89050038610903,118.89050038610903
solana,2026-01-27,124.20384054241987,70367463149.6183,4633082596.320432,293.31,0.500801,124.20384054241987,124.20384054241987,124.20384054241987,124.20384054241987
solana,2026-01-28,127.1523419223292,72041920240.84569,3973148773.7933435,293.31,0.500801,127.1523419223292,127.1523419223292,127.1523419223292,127.1523419223292
solana,2026-01-29,125.04471508843886,70790637621.48843,3822310928.6863894,293.31,0.500801,125.04471508843886,125.04471508843886,125.04471508843886,125.04471508843886
solana,2026-01-30,117.61753429620335,66594694435.65673,6228789001.774594,293.31,0.500801,117.61753429620335,117.61753429620335,117.61753429620335,117.61753429620335
solana,2026-01-31,117.30168147280109,66428162827.350426,7242419430.231638,293.31,0.500801,117.30168147280109,117.30168147280109,117.30168147280109,117.30168147280109
solana,2026-02-01,105.3546472133961,59663224525.85884,10199780344.194159,293.31,0.500801,105.3546472133961,105.3546472133961,105.3546472133961,105.3546472133961
solana,2026-02-02,100.89974142414994,57210056897.21557,5980726033.0707655,293.31,0.500801,100.89974142414994,100.89974142414994,100.89974142414994,100.89974142414994
solana,2026-02-03,104.51783551612739,59201126282.56551,7782942955.704701,293.31,0.500801,104.51783551612739,104.51783551612739,104.51783551612739,104.51783551612739
solana,2026-02-04,97.61983239747126,55336080662.992,6137256412.2257185,293.31,0.500801,97.61983239747126,97.61983239747126,97.61983239747126,97.61983239747126
tron,2025-02-06,0.22272512627622412,19179715250.796516,783629120.7797918,0.431288,0.00180434,0.22272512627622412,0.22272512627622412,0.22272512627622412,0.22272512627622412
tron,2025-02-07,0.23169313898086838,19919595419.732365,1026423148.9630975,0.431288,0.00180434,0.23169313898086838,0.23169313898086838,0.23169313898086838,0.23169313898086838
tron,2025-02-08,0.23010046029958314,19791103900.99376,855814326.7000961,0.431288,0.00180434,0.23010046029958314,0.23010046029958314,0.23010046029958314,0.23010046029958314
tron,2025-02-09,0.23188542735898757,19969744453.766857,528176200.8041592,0.431288,0.00180434,0.23188542735898757,0.23188542735898757,0.23188542735898757,0.23188542735898757
tron,2025-02-10,0.2336362649273569,20125682016.580616,551758250.3259277,0.431288,0.00180434,0.2336362649273569,0.2336362649273569,0.2336362649273569,0.2336362649273569
tron,2025-02-11,0.24639943316017532,21223585572.678432,885234443.758314,0.431288,0.00180434,0.24639943316017532,0.24639943316017532,0.24639943316017532,0.24639943316017532
tron,2025-02-12,0.24106370358573187,20763495560.994358,697414243.13483,0.431288,0.00180434,0.24106370358573187,0.24106370358573187,0.24106370358573187,0.24106370358573187
tron,2025-02-13,0.24345533249633838,20946528275.312614,868341544.4184209,0.431288,0.00180434,0.24345533249633838,0.24345533249633838,0.24345533249633838,0.24345533249633838
tron,2025-02-14,0.2340963440197885,20156724399.295067,687757035.1473049,0.431288,0.00180434,0.2340963440197885,0.2340963440197885,0.2340963440197885,0.2340963440197885
tron,2025-02-15,0.23144357905549046,19923436775.66335,654373721.4685903,0.431288,0.00180434,0.23144357905549046,0.23144357905549046,0.23144357905549046,0.23144357905549046
tron,2025-02-16,0.2373651741061693,20437569128.312294,455614678.4886887,0.431288,0.00180434,0.2373651741061693,0.2373651741061693,0.2373651741061693,0.2373651741061693
tron,2025-02-17,0.2428245303085009,20900818577.448593,523880954.3232223,0.431288,0.00180434,0.2428245303085009,0.2428245303085009,0.2428245303085009,0.2428245303085009
tron,2025-02-18,0.23860833545741922,20544519781.66654,838437879.4637233,0.431288,0.00180434,0.23860833545741922,0.23860833545741922,0.23860833545741922,0.23860833545741922
tron,2025-02-19,0.23916494666305754,20589741615.73053,760160944.0349988,0.431288,0.00180434,0.23916494666305754,0.23916494666305754,0.23916494666305754,0.23916494666305754
tron,2025-02-20,0.24222399938426087,20853652601.619534,560177147.5438198,0.431288,0.00180434,0.24222399938426087,0.24222399938426087,0.24222399938426087,0.24222399938426087
tron,2025-02-21,0.24648544622754026,21215342803.86086,564413548.705717,0.431288,0.00180434,0.24648544622754026,0.24648544622754026,0.24648544622754026,0.24648544622754026
tron,2025-02-22,0.23760251072208932,20455418762.884983,823662284.8697006,0.431288,0.00180434,0.23760251072208932,0.23760251072208932,0.23760251072208932,0.23760251072208932
tron,2025-02-23,0.23751993898501417,20423526745.307625,469365123.30963534,0.431288,0.00180434,0.23751993898501417,0.23751993898501417,0.23751993898501417,0.23751993898501417
tron,2025-02-24,0.2461196195874351,21188376184.328743,519109598.6019738,0.431288,0.00180434,0.2461196195874351,0.2461196195874351,0.2461196195874351,0.2461196195874351
tron,2025-02-25,0.2394319474376237,20614436844.16432,1097691214.7529118,0.431288,0.00180434,0.2394319474376237,0.2394319474376237,0.2394319474376237,0.2394319474376237
tron,2025-02-26,0.23097141111650482,19899789010.282204,2112037478.1430032,0.431288,0.00180434,0.23097141111650482,0.23097141111650482,0.23097141111650482,0.23097141111650482
tron,2025-02-27,0.2268176168766114,19533335515.402905,1176700288.5451384,0.431288,0.00180434,0.2268176168766114,0.2268176168766114,0.2268176168766114,0.2268176168766114
tron,2025-02-28,0.22812005325519485,19631767604.750675,636322531.5696326,0.431288,0.00180434,0.22812005325519485,0.22812005325519485,0.22812005325519485,0.22812005325519485
tron,2025-03-01,0.23324222326842628,20073673560.180847,1367142990.074111,0.431288,0.00180434,0.23324222326842628,0.23324222326842628,0.23324222326842628,0.23324222326842628
tron,2025-03-02,0.2339507659897262,20123873365.39505,560419003.6444077,0.431288,0.00180434,0.2339507659897262,0.2339507659897262,0.2339507659897262,0.2339507659897262
tron,2025-03-03,0.24375719693726378,20964287408.991154,779128807.8788173,0.431288,0.00180434,0.24375719693726378,0.24375719693726378,0.24375719693726378,0.24375719693726378
tron,2025-03-04,0.23059892366163082,19845153664.694317,1161580491.9698458,0.431288,0.00180434,0.23059892366163082,0.23059892366163082,0.23059892366163082,0.23059892366163082
tron,2025-03-05,0.242198839464595,20842825951.031822,1352949085.1532748,0.431288,0.00180434,0.242198839464595,0.242198839464595,0.242198839464595,0.242198839464595
tron,2025-03-06,0.24345883575730254,20953796168.73494,673950854.9485055,0.431288,0.00180434,0.24345883575730254,0.24345883575730254,0.24345883575730254,0.24345883575730254
tron,2025-03-07,0.23985935032394398,20636425918.285988,670893221.1620197,0.431288,0.00180434,0.23985935032394398,0.23985935032394398,0.23985935032394398,0.23985935032394398
tron,2025-03-08,0.2439607490253464,20993279782.840942,890351290.2891537,0.431288,0.00180434,0.2439607490253464,0.2439607490253464,0.2439607490253464,0.2439607490253464
tron,2025-03-09,0.24391085310085017,20985356323.458324,728503234.5112454,0.431288,0.00180434,0.24391085310085017,0.24391085310085017,0.24391085310085017,0.24391085310085017
tron,2025-03-10,0.23226443542964603,22074889133.502396,673900039.7104883,0.431288,0.00180434,0.23226443542964603,0.23226443542964603,0.23226443542964603,0.23226443542964603
tron,2025-03-11,0.22927163850185825,21800998848.132385,1079596594.5397818,0.431288,0.00180434,0.22927163850185825,0.22927163850185825,0.22927163850185825,0.22927163850185825
tron,2025-03-12,0.22464287700989222,21344074108.496838,1080861424.2591698,0.431288,0.00180434,0.22464287700989222,0.22464287700989222,0.22464287700989222,0.22464287700989222
tron,2025-03-13,0.22322804938197205,21213389031.63153,892510037.818532,0.431288,0.00180434,0.22322804938197205,0.22322804938197205,0.22322804938197205,0.22322804938197205
tron,2025-03-14,0.22514568990315095,21385156877.57371,761715456.4450018,0.431288,0.00180434,0.22514568990315095,0.22514568990315095,0.22514568990315095,0.22514568990315095
tron,2025-03-15,0.2223590908263819,21126374451.232124,619091755.2417074,0.431288,0.00180434,0.2223590908263819,0.2223590908263819,0.2223590908263819,0.2223590908263819
tron,2025-03-16,0.22177095108444164,21080421525.934044,595997305.9043024,0.431288,0.00180434,0.22177095108444164,0.22177095108444164,0.22177095108444164,0.22177095108444164
tron,2025-03-17,0.21213537865168489,20159437791.612183,682850589.2695035,0.431288,0.00180434,0.21213537865168489,0.21213537865168489,0.21213537865168489,0.21213537865168489
tron,2025-03-18,0.22062064393880235,20968797966.399673,741145906.5561948,0.431288,0.00180434,0.22062064393880235,0.22062064393880235,0.22062064393880235,0.22062064393880235
tron,2025-03-19,0.23686806256565804,22509790590.10867,1053233410.5023338,0.431288,0.00180434,0.23686806256565804,0.23686806256565804,0.23686806256565804,0.23686806256565804
tron,2025-03-20,0.23121804766750118,21971168737.859795,1415035615.633173,0.431288,0.00180434,0.23121804766750118,0.23121804766750118,0.23121804766750118,0.23121804766750118
tron,2025-03-21,0.23474483205878477,22305068451.78315,823946603.2579818,0.431288,0.00180434,0.23474483205878477,0.23474483205878477,0.23474483205878477,0.23474483205878477
tron,2025-03-22,0.23337741718078026,22156139394.575584,606363099.4403447,0.431288,0.00180434,0.23337741718078026,0.23337741718078026,0.23337741718078026,0.23337741718078026
tron,2025-03-23,0.2372098577182286,22541952669.52295,466615210.20717424,0.431288,0.00180434,0.2372098577182286,0.2372098577182286,0.2372098577182286,0.2372098577182286
tron,2025-03-24,0.22991999084098838,21844644086.55831,593096424.5703949,0.431288,0.00180434,0.22991999084098838,0.22991999084098838,0.22991999084098838,0.22991999084098838
tron,2025-03-25,0.2280886886101586,21662303242.19246,751232193.20614,0.431288,0.00180434,0.2280886886101586,0.2280886886101586,0.2280886886101586,0.2280886886101586
tron,2025-03-26,0.22733251589909614,21597561933.05866,433468648.81787264,0.431288,0.00180434,0.22733251589909614,0.22733251589909614,0.22733251589909614,0.22733251589909614
tron,2025-03-27,0.23145386466335327,21983944659.61045,515012834.06139845,0.431288,0.00180434,0.23145386466335327,0.23145386466335327,0.23145386466335327,0.23145386466335327
tron,2025-03-28,0.2349152997916879,22311963863.719593,566156352.4689364,0.431288,0.00180434,0.2349152997916879,0.2349152997916879,0.2349152997916879,0.2349152997916879
tron,2025-03-29,0.23246685982410384,22078024892.031635,574215316.3786612,0.431288,0.00180434,0.23246685982410384,0.23246685982410384,0.23246685982410384,0.23246685982410384
tron,2025-03-30,0.2324312910534407,22100266523.02679,609703237.1307535,0.431288,0.00180434,0.2324312910534407,0.2324312910534407,0.2324312910534407,0.2324312910534407
tron,2025-03-31,0.23131035603485786,21958920161.016357,438762826.8538932,0.431288,0.00180434,0.23131035603485786,0.23131035603485786,0.23131035603485786,0.23131035603485786
tron,2025-04-01,0.23887546016560515,22679837522.036743,592797623.4504267,0.431288,0.00180434,0.23887546016560515,0.23887546016560515,0.23887546016560515,0.23887546016560515
tron,2025-04-02,0.2376660102370331,22590529539.732998,527064516.5004017,0.431288,0.00180434,0.2376660102370331,0.2376660102370331,0.2376660102370331,0.2376660102370331
tron,2025-04-03,0.23356857656210364,22182449879.63584,803835108.0560424,0.431288,0.00180434,0.23356857656210364,0.23356857656210364,0.23356857656210364,0.23356857656210364
tron,2025-04-04,0.23769761707515197,22610519208.689,589413089.7110376,0.431288,0.00180434,0.23769761707515197,0.23769761707515197,0.23769761707515197,0.23769761707515197
tron,2025-04-05,0.23912737993678282,22712737796.195297,592398861.7756766,0.431288,0.00180434,0.23912737993678282,0.23912737993678282,0.23912737993678282,0.23912737993678282
tron,2025-04-06,0.23808053181092378,22579317489.582813,335142572.5192653,0.431288,0.00180434,0.23808053181092378,0.23808053181092378,0.23808053181092378,0.23808053181092378
tron,2025-04-07,0.22954723959905665,21846560513.82215,605950548.6003953,0.431288,0.00180434,0.22954723959905665,0.22954723959905665,0.22954723959905665,0.22954723959905665
tron,2025-04-08,0.22803858365532606,21688257882.56148,1236651912.094282,0.431288,0.00180434,0.22803858365532606,0.22803858365532606,0.22803858365532606,0.22803858365532606
tron,2025-04-09,0.2303552679246285,21867008017.07952,835449161.918658,0.431288,0.00180434,0.2303552679246285,0.2303552679246285,0.2303552679246285,0.2303552679246285
tron,2025-04-10,0.23860673538557972,22662283250.932476,1000448707.8747544,0.431288,0.00180434,0.23860673538557972,0.23860673538557972,0.23860673538557972,0.23860673538557972
tron,2025-04-11,0.23623898663098675,22435118383.161686,955180922.8243665,0.431288,0.00180434,0.23623898663098675,0.23623898663098675,0.23623898663098675,0.23623898663098675
tron,2025-04-12,0.2433485177617492,23109286013.746864,625677183.658026,0.431288,0.00180434,0.2433485177617492,0.2433485177617492,0.2433485177617492,0.2433485177617492
tron,2025-04-13,0.2462992201503765,23391551977.100582,708805541.4739335,0.431288,0.00180434,0.2462992201503765,0.2462992201503765,0.2462992201503765,0.2462992201503765
tron,2025-04-14,0.2543224349568003,24136377739.31845,747795195.0431354,0.431288,0.00180434,0.2543224349568003,0.2543224349568003,0.2543224349568003,0.2543224349568003
tron,2025-04-15,0.251810919263817,23905712569.995277,898017759.5354246,0.431288,0.00180434,0.251810919263817,0.251810919263817,0.251810919263817,0.251810919263817
tron,2025-04-16,0.2504415313627749,23782315321.808052,727807952.5657426,0.431288,0.00180434,0.2504415313627749,0.2504415313627749,0.2504415313627749,0.2504415313627749
tron,2025-04-17,0.2478342979014942,23542455448.220703,788325821.37743,0.431288,0.00180434,0.2478342979014942,0.2478342979014942,0.2478342979014942,0.2478342979014942
tron,2025-04-18,0.24785767955171717,23535986163.356472,825347146.472208,0.431288,0.00180434,0.24785767955171717,0.24785767955171717,0.24785767955171717,0.24785767955171717
tron,2025-04-19,0.23979790295085376,22774555909.260406,546912155.7134851,0.431288,0.00180434,0.23979790295085376,0.23979790295085376,0.23979790295085376,0.23979790295085376
tron,2025-04-20,0.24413514416563126,23187019019.23289,404799629.55893296,0.431288,0.00180434,0.24413514416563126,0.24413514416563126,0.24413514416563126,0.24413514416563126
tron,2025-04-21,0.2442308035769932,23189994574.073746,476293008.581459,0.431288,0.00180434,0.2442308035769932,0.2442308035769932,0.2442308035769932,0.2442308035769932
tron,2025-04-22,0.24630980497882635,23376609594.161167,722856466.5923489,0.431288,0.00180434,0.24630980497882635,0.24630980497882635,0.24630980497882635,0.24630980497882635
tron,2025-04-23,0.2482472106061884,23570481525.86896,823814014.3337659,0.431288,0.00180434,0.2482472106061884,0.2482472106061884,0.2482472106061884,0.2482472106061884
tron,2025-04-24,0.24622153960541757,23375863226.08253,766978734.2407514,0.431288,0.00180434,0.24622153960541757,0.24622153960541757,0.24622153960541757,0.24622153960541757
tron,2025-04-25,0.24558431547441567,23314645808.78061,655480257.2250688,0.431288,0.00180434,0.24558431547441567,0.24558431547441567,0.24558431547441567,0.24558431547441567
tron,2025-04-26,0.24192727928387675,22967151860.83575,620257447.9386828,0.431288,0.00180434,0.24192727928387675,0.24192727928387675,0.24192727928387675,0.24192727928387675
tron,2025-04-27,0.2518465093808551,23915791130.9888,786407629.2238811,0.431288,0.00180434,0.2518465093808551,0.2518465093808551,0.2518465093808551,0.2518465093808551
tron,2025-04-28,0.2454982933243726,23307590087.98816,633942309.3586521,0.431288,0.00180434,0.2454982933243726,0.2454982933243726,0.2454982933243726,0.2454982933243726
tron,2025-04-29,0.2482547677290521,23566695147.99344,631742250.5009118,0.431288,0.00180434,0.2482547677290521,0.2482547677290521,0.2482547677290521,0.2482547677290521
tron,2025-04-30,0.24363695986317063,23122074305.837982,493243867.15573186,0.431288,0.00180434,0.24363695986317063,0.24363695986317063,0.24363695986317063,0.24363695986317063
tron,2025-05-01,0.2468280963022558,23430176156.762554,526291095.61092144,0.431288,0.00180434,0.2468280963022558,0.2468280963022558,0.2468280963022558,0.2468280963022558
tron,2025-05-02,0.24471183716891964,23229508252.308727,477971321.5590135,0.431288,0.00180434,0.24471183716891964,0.24471183716891964,0.24471183716891964,0.24471183716891964
tron,2025-05-03,0.24802385762067275,23542670098.02349,448831672.8486404,0.431288,0.00180434,0.24802385762067275,0.24802385762067275,0.24802385762067275,0.24802385762067275
tron,2025-05-04,0.24561114695368766,23315123670.77908,443642871.00258255,0.431288,0.00180434,0.24561114695368766,0.24561114695368766,0.24561114695368766,0.24561114695368766
tron,2025-05-05,0.24678405539411483,23412059472.79524,420638285.86585385,0.431288,0.00180434,0.24678405539411483,0.24678405539411483,0.24678405539411483,0.24678405539411483
tron,2025-05-06,0.24832703546130677,23572896462.384857,573358254.0901303,0.431288,0.00180434,0.24832703546130677,0.24832703546130677,0.24832703546130677,0.24832703546130677
tron,2025-05-07,0.24589351847527516,23340145894.84995,495935469.8066802,0.431288,0.00180434,0.24589351847527516,0.24589351847527516,0.24589351847527516,0.24589351847527516
tron,2025-05-08,0.2488214983780042,23623131726.584427,530959654.8780622,0.431288,0.00180434,0.2488214983780042,0.2488214983780042,0.2488214983780042,0.2488214983780042
tron,2025-05-09,0.2570014262562132,24392804977.27518,867688692.2665831,0.431288,0.00180434,0.2570014262562132,0.2570014262562132,0.2570014262562132,0.2570014262562132
tron,2025-05-10,0.2600432029043901,24680406959.021915,1563904879.579183,0.431288,0.00180434,0.2600432029043901,0.2600432029043901,0.2600432029043901,0.2600432029043901
tron,2025-05-11,0.2659355605908974,25207280710.36169,1114140257.549258,0.431288,0.00180434,0.2659355605908974,0.2659355605908974,0.2659355605908974,0.2659355605908974
tron,2025-05-12,0.26492690289529264,25147523494.9519,1156470055.2530103,0.431288,0.00180434,0.26492690289529264,0.26492690289529264,0.26492690289529264,0.26492690289529264
tron,2025-05-13,0.2718098521316238,25803014489.943336,2343517899.648751,0.431288,0.00180434,0.2718098521316238,0.2718098521316238,0.2718098521316238,0.2718098521316238
tron,2025-05-14,0.27096467218714226,25716737206.336067,1221869495.8942285,0.431288,0.00180434,0.27096467218714226,0.27096467218714226,0.27096467218714226,0.27096467218714226
tron,2025-05-15,0.274955862518479,26092114024.951744,1228515592.8005478,0.431288,0.00180434,0.274955862518479,0.274955862518479,0.274955862518479,0.274955862518479
tron,2025-05-16,0.2730093343336774,25888362662.419144,1263351667.3329585,0.431288,0.00180434,0.2730093343336774,0.2730093343336774,0.2730093343336774,0.2730093343336774
tron,2025-05-17,0.27232995821749456,25843335116.15495,890233046.1102557,0.431288,0.00180434,0.27232995821749456,0.27232995821749456,0.27232995821749456,0.27232995821749456
tron,2025-05-18,0.2695874988055995,25581930997.45842,723789874.9540437,0.431288,0.00180434,0.2695874988055995,0.2695874988055995,0.2695874988055995,0.2695874988055995
tron,2025-05-19,0.2668470019927119,25309127759.801956,825096470.3253044,0.431288,0.00180434,0.2668470019927119,0.2668470019927119,0.2668470019927119,0.2668470019927119
tron,2025-05-20,0.2666169998303391,25296678869.019627,839949133.7371085,0.431288,0.00180434,0.2666169998303391,0.2666169998303391,0.2666169998303391,0.2666169998303391
tron,2025-05-21,0.26892906095832025,25510963937.07823,980626421.6165088,0.431288,0.00180434,0.26892906095832025,0.26892906095832025,0.26892906095832025,0.26892906095832025
tron,2025-05-22,0.2686237106666943,25487870862.517612,967479585.4507858,0.431288,0.00180434,0.2686237106666943,0.2686237106666943,0.2686237106666943,0.2686237106666943
tron,2025-05-23,0.2749718227400453,26083409139.398594,1189322113.465057,0.431288,0.00180434,0.2749718227400453,0.2749718227400453,0.2749718227400453,0.2749718227400453
tron,2025-05-24,0.2684823878080289,25474511484.823322,1084292524.8305993,0.431288,0.00180434,0.2684823878080289,0.2684823878080289,0.2684823878080289,0.2684823878080289
tron,2025-05-25,0.2704209504806316,25660564753.614086,533954273.6540516,0.431288,0.00180434,0.2704209504806316,0.2704209504806316,0.2704209504806316,0.2704209504806316
tron,2025-05-26,0.27158735036809767,25767617514.086372,563656452.9524626,0.431288,0.00180434,0.27158735036809767,0.27158735036809767,0.27158735036809767,0.27158735036809767
tron,2025-05-27,0.27422800457743124,26016788974.875233,504722270.438711,0.431288,0.00180434,0.27422800457743124,0.27422800457743124,0.27422800457743124,0.27422800457743124
tron,2025-05-28,0.27754273237268634,26331186935.45824,626090566.1473542,0.431288,0.00180434,0.27754273237268634,0.27754273237268634,0.27754273237268634,0.27754273237268634
tron,2025-05-29,0.27365856803976113,25963364697.212856,520854075.6189289,0.431288,0.00180434,0.27365856803976113,0.27365856803976113,0.27365856803976113,0.27365856803976113
tron,2025-05-30,0.27414324912514104,26006583998.667904,612063224.466419,0.431288,0.00180434,0.27414324912514104,0.27414324912514104,0.27414324912514104,0.27414324912514104
tron,2025-05-31,0.26737924630378745,25356992563.62504,789797960.7805513,0.431288,0.00180434,0.26737924630378745,0.26737924630378745,0.26737924630378745,0.26737924630378745
tron,2025-06-01,0.2657554589765505,25210722156.29336,595846039.4961544,0.431288,0.00180434,0.2657554589765505,0.2657554589765505,0.2657554589765505,0.2657554589765505
tron,2025-06-02,0.2712154352682821,25728284107.3728,365887242.581726,0.431288,0.00180434,0.2712154352682821,0.2712154352682821,0.2712154352682821,0.2712154352682821
tron,2025-06-03,0.26889934896058726,25508167893.01176,434769149.4152825,0.431288,0.00180434,0.26889934896058726,0.26889934896058726,0.26889934896058726,0.26889934896058726
tron,2025-06-04,0.2704524040358083,25655585215.07466,400989018.8440385,0.431288,0.00180434,0.2704524040358083,0.2704524040358083,0.2704524040358083,0.2704524040358083
tron,2025-06-05,0.27441546201489336,26026346314.252525,480155861.6623462,0.431288,0.00180434,0.27441546201489336,0.27441546201489336,0.27441546201489336,0.27441546201489336
tron,2025-06-06,0.2818476267757467,26711488001.7707,802679594.1975852,0.431288,0.00180434,0.2818476267757467,0.2818476267757467,0.2818476267757467,0.2818476267757467
tron,2025-06-07,0.2774609984325865,26316876846.839096,631045772.7067589,0.431288,0.00180434,0.2774609984325865,0.2774609984325865,0.2774609984325865,0.2774609984325865
tron,2025-06-08,0.28682053571712274,27191404976.13467,465893306.87326944,0.431288,0.00180434,0.28682053571712274,0.28682053571712274,0.28682053571712274,0.28682053571712274
tron,2025-06-09,0.2818930103559471,26739410738.117638,489240234.71376777,0.431288,0.00180434,0.2818930103559471,0.2818930103559471,0.2818930103559471,0.2818930103559471
tron,2025-06-10,0.2873297911425129,27257608152.538857,597954451.4953103,0.431288,0.00180434,0.2873297911425129,0.2873297911425129,0.2873297911425129,0.2873297911425129
tron,2025-06-11,0.291746665855355,27654794448.644897,747025219.4282794,0.431288,0.00180434,0.291746665855355,0.291746665855355,0.291746665855355,0.291746665855355
tron,2025-06-12,0.2792760638375791,26487503371.526882,944380071.5543337,0.431288,0.00180434,0.2792760638375791,0.2792760638375791,0.2792760638375791,0.2792760638375791
tron,2025-06-13,0.2721159586819218,25810058345.194008,911994140.8061014,0.431288,0.00180434,0.2721159586819218,0.2721159586819218,0.2721159586819218,0.2721159586819218
tron,2025-06-14,0.26988474553119557,25605638398.548344,885356879.3512914,0.431288,0.00180434,0.26988474553119557,0.26988474553119557,0.26988474553119557,0.26988474553119557
tron,2025-06-15,0.2711595792639646,25718688941.511013,336092609.542398,0.431288,0.00180434,0.2711595792639646,0.2711595792639646,0.2711595792639646,0.2711595792639646
tron,2025-06-16,0.2739313744082881,25981595756.036503,302518711.97775424,0.431288,0.00180434,0.2739313744082881,0.2739313744082881,0.2739313744082881,0.2739313744082881
tron,2025-06-17,0.2752037806082002,26140470051.376274,1609798612.8140903,0.431288,0.00180434,0.2752037806082002,0.2752037806082002,0.2752037806082002,0.2752037806082002
tron,2025-06-18,0.27175778021495983,25777574433.979168,930519762.7168931,0.431288,0.00180434,0.27175778021495983,0.27175778021495983,0.27175778021495983,0.27175778021495983
tron,2025-06-19,0.27306675786016266,25893206288.979183,630717861.0183463,0.431288,0.00180434,0.27306675786016266,0.27306675786016266,0.27306675786016266,0.27306675786016266
tron,2025-06-20,0.27468505823901745,26046504803.771496,455456091.7465055,0.431288,0.00180434,0.27468505823901745,0.27468505823901745,0.27468505823901745,0.27468505823901745
tron,2025-06-21,0.2724830316650161,25838509317.93426,633204572.6811169,0.431288,0.00180434,0.2724830316650161,0.2724830316650161,0.2724830316650161,0.2724830316650161
tron,2025-06-22,0.2702894368035224,25598012133.523613,498435799.20223886,0.431288,0.00180434,0.2702894368035224,0.2702894368035224,0.2702894368035224,0.2702894368035224
tron,2025-06-23,0.263611631487203,25009684733.44627,1367578859.0880268,0.431288,0.00180434,0.263611631487203,0.263611631487203,0.263611631487203,0.263611631487203
tron,2025-06-24,0.2730232193601509,25886345965.061146,1027063518.0778301,0.431288,0.00180434,0.2730232193601509,0.2730232193601509,0.2730232193601509,0.2730232193601509
tron,2025-06-25,0.27392177531884115,25969748154.362373,576160414.7490343,0.431288,0.00180434,0.27392177531884115,0.27392177531884115,0.27392177531884115,0.27392177531884115
tron,2025-06-26,0.2732589018590674,25908459395.821995,531497333.55704975,0.431288,0.00180434,0.2732589018590674,0.2732589018590674,0.2732589018590674,0.2732589018590674
tron,2025-06-27,0.2709609913526723,25687572022.71724,596916528.521066,0.431288,0.00180434,0.2709609913526723,0.2709609913526723,0.2709609913526723,0.2709609913526723
tron,2025-06-28,0.27343999929594703,25921960953.522438,422494373.78271306,0.431288,0.00180434,0.27343999929594703,0.27343999929594703,0.27343999929594703,0.27343999929594703
tron,2025-06-29,0.2746064781259435,26024264337.042526,395047121.5205198,0.431288,0.00180434,0.2746064781259435,0.2746064781259435,0.2746064781259435,0.2746064781259435
tron,2025-06-30,0.2767978003291782,26239386595.98597,299099583.82994956,0.431288,0.00180434,0.2767978003291782,0.2767978003291782,0.2767978003291782,0.2767978003291782
tron,2025-07-01,0.27992342537790493,26547220076.375427,465456154.93200827,0.431288,0.00180434,0.27992342537790493,0.27992342537790493,0.27992342537790493,0.27992342537790493
tron,2025-07-02,0.27876274798844525,26424271025.700676,402523292.5378099,0.431288,0.00180434,0.27876274798844525,0.27876274798844525,0.27876274798844525,0.27876274798844525
tron,2025-07-03,0.2847542448403162,27004456666.086075,511979595.041119,0.431288,0.00180434,0.2847542448403162,0.2847542448403162,0.2847542448403162,0.2847542448403162
tron,2025-07-04,0.2869670763396903,27193238782.334045,587770890.5990992,0.431288,0.00180434,0.2869670763396903,0.2869670763396903,0.2869670763396903,0.2869670763396903
tron,2025-07-05,0.2824469303709134,26768742150.567074,505433119.7682496,0.431288,0.00180434,0.2824469303709134,0.2824469303709134,0.2824469303709134,0.2824469303709134
tron,2025-07-06,0.2831933450038669,26841471958.646965,305641967.4733831,0.431288,0.00180434,0.2831933450038669,0.2831933450038669,0.2831933450038669,0.2831933450038669
tron,2025-07-07,0.2872268381961474,27224725392.05192,305956380.3465466,0.431288,0.00180434,0.2872268381961474,0.2872268381961474,0.2872268381961474,0.2872268381961474
tron,2025-07-08,0.2866642974571126,27168677988.768833,361901015.37765354,0.431288,0.00180434,0.2866642974571126,0.2866642974571126,0.2866642974571126,0.2866642974571126
tron,2025-07-09,0.2875078203556196,27248215752.793903,339777890.18478394,0.431288,0.00180434,0.2875078203556196,0.2875078203556196,0.2875078203556196,0.2875078203556196
tron,2025-07-10,0.2899289921064955,27476960142.76683,464450883.31475407,0.431288,0.00180434,0.2899289921064955,0.2899289921064955,0.2899289921064955,0.2899289921064955
tron,2025-07-11,0.29360059816219525,27819147264.38183,1062171709.0115641,0.431288,0.00180434,0.29360059816219525,0.29360059816219525,0.29360059816219525,0.29360059816219525
tron,2025-07-12,0.3009812325370712,28521370447.023052,2767893281.941993,0.431288,0.00180434,0.3009812325370712,0.3009812325370712,0.3009812325370712,0.3009812325370712
tron,2025-07-13,0.3024152293004515,28657438461.684555,3248601575.9676185,0.431288,0.00180434,0.3024152293004515,0.3024152293004515,0.3024152293004515,0.3024152293004515
tron,2025-07-14,0.3030558478933525,28717380071.972733,1399627063.8995788,0.431288,0.00180434,0.3030558478933525,0.3030558478933525,0.3030558478933525,0.3030558478933525
tron,2025-07-15,0.30253144900488677,28667918519.73473,2553640872.584355,0.431288,0.00180434,0.30253144900488677,0.30253144900488677,0.30253144900488677,0.30253144900488677
tron,2025-07-16,0.30045158496637425,28479365923.295006,2360450786.753967,0.431288,0.00180434,0.30045158496637425,0.30045158496637425,0.30045158496637425,0.30045158496637425
tron,2025-07-17,0.3091808334782015,29296543081.56767,1809949445.558734,0.431288,0.00180434,0.3091808334782015,0.3091808334782015,0.3091808334782015,0.3091808334782015
tron,2025-07-18,0.31599469810655373,29939659605.523743,3964267910.555216,0.431288,0.00180434,0.31599469810655373,0.31599469810655373,0.31599469810655373,0.31599469810655373
tron,2025-07-19,0.325760894211019,30864002085.124203,6776309927.265031,0.431288,0.00180434,0.325760894211019,0.325760894211019,0.325760894211019,0.325760894211019
tron,2025-07-20,0.3178788228009875,30115657965.99854,3349200738.4132504,0.431288,0.00180434,0.3178788228009875,0.3178788228009875,0.3178788228009875,0.3178788228009875
tron,2025-07-21,0.3142223332120416,29734248756.72286,2573662205.645113,0.431288,0.00180434,0.3142223332120416,0.3142223332120416,0.3142223332120416,0.3142223332120416
tron,2025-07-22,0.31447757048379,29793411830.58851,3503304005.6906724,0.431288,0.00180434,0.31447757048379,0.31447757048379,0.31447757048379,0.31447757048379
tron,2025-07-23,0.31593581772366347,29931569309.051334,3801107680.7941227,0.431288,0.00180434,0.31593581772366347,0.31593581772366347,0.31593581772366347,0.31593581772366347
tron,2025-07-24,0.30976212129465536,29344920455.607155,4901021631.585891,0.431288,0.00180434,0.30976212129465536,0.30976212129465536,0.30976212129465536,0.30976212129465536
tron,2025-07-25,0.31413689411136114,29757955279.18882,4655125107.742303,0.431288,0.00180434,0.31413689411136114,0.31413689411136114,0.31413689411136114,0.31413689411136114
tron,2025-07-26,0.3167773472664433,30005500201.07861,4441342809.50266,0.431288,0.00180434,0.3167773472664433,0.3167773472664433,0.3167773472664433,0.3167773472664433
tron,2025-07-27,0.3200365160613963,30315282745.70695,1221434270.3678236,0.431288,0.00180434,0.3200365160613963,0.3200365160613963,0.3200365160613963,0.3200365160613963
tron,2025-07-28,0.32005545896853366,30318306242.64053,1151974104.74676,0.431288,0.00180434,0.32005545896853366,0.32005545896853366,0.32005545896853366,0.32005545896853366
tron,2025-07-29,0.3220308662855735,30499796765.035946,2286525408.8004923,0.431288,0.00180434,0.3220308662855735,0.3220308662855735,0.3220308662855735,0.3220308662855735
tron,2025-07-30,0.33804084795857753,32008762766.41399,3256705559.6742716,0.431288,0.00180434,0.33804084795857753,0.33804084795857753,0.33804084795857753,0.33804084795857753
tron,2025-07-31,0.3275810251017437,31036230471.317867,1777642368.1483161,0.431288,0.00180434,0.3275810251017437,0.3275810251017437,0.3275810251017437,0.3275810251017437
tron,2025-08-01,0.3247402589315751,30763686036.140926,1029593096.7152303,0.431288,0.00180434,0.3247402589315751,0.3247402589315751,0.3247402589315751,0.3247402589315751
tron,2025-08-02,0.32352336351856387,30642159429.356827,1823550731.5905495,0.431288,0.00180434,0.32352336351856387,0.32352336351856387,0.32352336351856387,0.32352336351856387
tron,2025-08-03,0.3219125764797236,30487485408.399513,1404244257.394032,0.431288,0.00180434,0.3219125764797236,0.3219125764797236,0.3219125764797236,0.3219125764797236
tron,2025-08-04,0.32758525255481685,31024716765.357685,790550847.0102693,0.431288,0.00180434,0.32758525255481685,0.32758525255481685,0.32758525255481685,0.32758525255481685
tron,2025-08-05,0.3329283686094329,31531877053.197113,667963761.0495163,0.431288,0.00180434,0.3329283686094329,0.3329283686094329,0.3329283686094329,0.3329283686094329
tron,2025-08-06,0.3334077807576774,31574500800.64621,923403081.7282262,0.431288,0.00180434,0.3334077807576774,0.3334077807576774,0.3334077807576774,0.3334077807576774
tron,2025-08-07,0.33709771098786573,31929542201.29288,868607024.9077688,0.431288,0.00180434,0.33709771098786573,0.33709771098786573,0.33709771098786573,0.33709771098786573
tron,2025-08-08,0.3384508005168367,32051558790.976185,922713039.0949199,0.431288,0.00180434,0.3384508005168367,0.3384508005168367,0.3384508005168367,0.3384508005168367
tron,2025-08-09,0.3381234799093417,32028621545.741394,1082038785.348676,0.431288,0.00180434,0.3381234799093417,0.3381234799093417,0.3381234799093417,0.3381234799093417
tron,2025-08-10,0.3353376598858483,31756618427.548435,558421444.5821104,0.431288,0.00180434,0.3353376598858483,0.3353376598858483,0.3353376598858483,0.3353376598858483
tron,2025-08-11,0.33824179955426087,32031511720.222553,795724914.8293207,0.431288,0.00180434,0.33824179955426087,0.33824179955426087,0.33824179955426087,0.33824179955426087
tron,2025-08-12,0.34548821930762463,32719048717.1361,940545005.7818505,0.431288,0.00180434,0.34548821930762463,0.34548821930762463,0.34548821930762463,0.34548821930762463
tron,2025-08-13,0.35237962410475315,33355364167.206596,1242969717.1782334,0.431288,0.00180434,0.35237962410475315,0.35237962410475315,0.35237962410475315,0.35237962410475315
tron,2025-08-14,0.3622438172723649,34296357764.649097,1368732479.4910495,0.431288,0.00180434,0.3622438172723649,0.3622438172723649,0.3622438172723649,0.3622438172723649
tron,2025-08-15,0.35847844836295145,33935511046.086178,2468366991.311557,0.431288,0.00180434,0.35847844836295145,0.35847844836295145,0.35847844836295145,0.35847844836295145
tron,2025-08-16,0.35216795572137427,33339053894.815147,1792370035.0396276,0.431288,0.00180434,0.35216795572137427,0.35216795572137427,0.35216795572137427,0.35216795572137427
tron,2025-08-17,0.34803218534365904,32949877690.329235,1043166659.6748949,0.431288,0.00180434,0.34803218534365904,0.34803218534365904,0.34803218534365904,0.34803218534365904
tron,2025-08-18,0.3538787478876827,33505328770.897945,885351505.5314045,0.431288,0.00180434,0.3538787478876827,0.3538787478876827,0.3538787478876827,0.3538787478876827
tron,2025-08-19,0.35028800725752646,33174102466.9137,1135859342.630818,0.431288,0.00180434,0.35028800725752646,0.35028800725752646,0.35028800725752646,0.35028800725752646
tron,2025-08-20,0.3481243053991994,32959646921.080605,1254391281.9404817,0.431288,0.00180434,0.3481243053991994,0.3481243053991994,0.3481243053991994,0.3481243053991994
tron,2025-08-21,0.35430913080545784,33548524002.65449,1187834106.5771146,0.431288,0.00180434,0.35430913080545784,0.35430913080545784,0.35430913080545784,0.35430913080545784
tron,2025-08-22,0.35342731073850764,33440416569.53647,1056113339.6394396,0.431288,0.00180434,0.35342731073850764,0.35342731073850764,0.35342731073850764,0.35342731073850764
tron,2025-08-23,0.36638052329053367,34686804431.22905,1379794066.1485689,0.431288,0.00180434,0.36638052329053367,0.36638052329053367,0.36638052329053367,0.36638052329053367
tron,2025-08-24,0.3622783333321292,34306664316.72351,853333540.4369107,0.431288,0.00180434,0.3622783333321292,0.3622783333321292,0.3622783333321292,0.3622783333321292
tron,2025-08-25,0.36152271264269925,34233430583.918987,1097494057.4797208,0.431288,0.00180434,0.36152271264269925,0.36152271264269925,0.36152271264269925,0.36152271264269925
tron,2025-08-26,0.34233808012627936,32429521492.990837,1607041544.063011,0.431288,0.00180434,0.34233808012627936,0.34233808012627936,0.34233808012627936,0.34233808012627936
tron,2025-08-27,0.35189208883171325,33312469423.403847,1256888298.8939438,0.431288,0.00180434,0.35189208883171325,0.35189208883171325,0.35189208883171325,0.35189208883171325
tron,2025-08-28,0.3452697845906336,32683981116.1928,951065156.0661619,0.431288,0.00180434,0.3452697845906336,0.3452697845906336,0.3452697845906336,0.3452697845906336
tron,2025-08-29,0.344844697835766,32642907849.55975,725775461.1678146,0.431288,0.00180434,0.344844697835766,0.344844697835766,0.344844697835766,0.344844697835766
tron,2025-08-30,0.3388324981742838,32096553128.754303,1102690200.9892066,0.431288,0.00180434,0.3388324981742838,0.3388324981742838,0.3388324981742838,0.3388324981742838
tron,2025-08-31,0.3390956558376899,32096601534.358036,500442446.61184376,0.431288,0.00180434,0.3390956558376899,0.3390956558376899,0.3390956558376899,0.3390956558376899
tron,2025-09-01,0.34076736489394194,32256431725.30664,461354039.17813873,0.431288,0.00180434,0.34076736489394194,0.34076736489394194,0.34076736489394194,0.34076736489394194
tron,2025-09-02,0.33722881539948474,31931434219.451706,912926181.0467689,0.431288,0.00180434,0.33722881539948474,0.33722881539948474,0.33722881539948474,0.33722881539948474
tron,2025-09-03,0.33794303032832773,31977474003.12844,871411323.4446533,0.431288,0.00180434,0.33794303032832773,0.33794303032832773,0.33794303032832773,0.33794303032832773
tron,2025-09-04,0.3407082815258368,32250212331.73386,611434177.7551236,0.431288,0.00180434,0.3407082815258368,0.3407082815258368,0.3407082815258368,0.3407082815258368
tron,2025-09-05,0.3346362672061652,31683791301.73779,725060396.7908237,0.431288,0.00180434,0.3346362672061652,0.3346362672061652,0.3346362672061652,0.3346362672061652
tron,2025-09-06,0.33123665362118054,31356010329.679096,934216608.6248589,0.431288,0.00180434,0.33123665362118054,0.33123665362118054,0.33123665362118054,0.33123665362118054
tron,2025-09-07,0.314521276349756,29759587627.06786,1241853666.678928,0.431288,0.00180434,0.314521276349756,0.314521276349756,0.314521276349756,0.314521276349756
tron,2025-09-08,0.3308409210738297,31349895667.9741,1546376252.7708192,0.431288,0.00180434,0.3308409210738297,0.3308409210738297,0.3308409210738297,0.3308409210738297
tron,2025-09-09,0.3313207200289712,31359707565.136894,746111026.044714,0.431288,0.00180434,0.3313207200289712,0.3313207200289712,0.3313207200289712,0.3313207200289712
tron,2025-09-10,0.3351309800330985,31724847314.399952,890026087.2944216,0.431288,0.00180434,0.3351309800330985,0.3351309800330985,0.3351309800330985,0.3351309800330985
tron,2025-09-11,0.33862542126265444,32060061202.59777,590533079.9860557,0.431288,0.00180434,0.33862542126265444,0.33862542126265444,0.33862542126265444,0.33862542126265444
tron,2025-09-12,0.34634639511220033,32802875088.340622,852676353.8244447,0.431288,0.00180434,0.34634639511220033,0.34634639511220033,0.34634639511220033,0.34634639511220033
tron,2025-09-13,0.3524889999662988,33362247200.372166,751366031.3556114,0.431288,0.00180434,0.3524889999662988,0.3524889999662988,0.3524889999662988,0.3524889999662988
tron,2025-09-14,0.34973965629029224,33105231233.694366,674623907.8408741,0.431288,0.00180434,0.34973965629029224,0.34973965629029224,0.34973965629029224,0.34973965629029224
tron,2025-09-15,0.34837133703322304,32971499691.575466,570922689.1721485,0.431288,0.00180434,0.34837133703322304,0.34837133703322304,0.34837133703322304,0.34837133703322304
tron,2025-09-16,0.34464889707108687,32621745659.80228,813391976.2330981,0.431288,0.00180434,0.34464889707108687,0.34464889707108687,0.34464889707108687,0.34464889707108687
tron,2025-09-17,0.34229944103127424,32399750416.981144,724245434.4503787,0.431288,0.00180434,0.34229944103127424,0.34229944103127424,0.34229944103127424,0.34229944103127424
tron,2025-09-18,0.34333571107458655,32502010327.49836,877358806.5331876,0.431288,0.00180434,0.34333571107458655,0.34333571107458655,0.34333571107458655,0.34333571107458655
tron,2025-09-19,0.35048989303336675,33166460962.584694,845374653.5580616,0.431288,0.00180434,0.35048989303336675,0.35048989303336675,0.35048989303336675,0.35048989303336675
tron,2025-09-20,0.34379422299826834,32533424071.73559,800092953.0267925,0.431288,0.00180434,0.34379422299826834,0.34379422299826834,0.34379422299826834,0.34379422299826834
tron,2025-09-21,0.3467340391361453,32820915301.19228,619960830.7544062,0.431288,0.00180434,0.3467340391361453,0.3467340391361453,0.3467340391361453,0.3467340391361453
tron,2025-09-22,0.34287542948709726,32461379875.220726,546856335.2062747,0.431288,0.00180434,0.34287542948709726,0.34287542948709726,0.34287542948709726,0.34287542948709726
tron,2025-09-23,0.33983526149390264,32160879771.92339,1186502650.446825,0.431288,0.00180434,0.33983526149390264,0.33983526149390264,0.33983526149390264,0.33983526149390264
tron,2025-09-24,0.336173114537701,31832500319.552578,741681579.4291588,0.431288,0.00180434,0.336173114537701,0.336173114537701,0.336173114537701,0.336173114537701
tron,2025-09-25,0.3382548145676761,32022580258.95423,591074219.5651019,0.431288,0.00180434,0.3382548145676761,0.3382548145676761,0.3382548145676761,0.3382548145676761
tron,2025-09-26,0.33191725894630747,31423562755.05147,963065556.815747,0.431288,0.00180434,0.33191725894630747,0.33191725894630747,0.33191725894630747,0.33191725894630747
tron,2025-09-27,0.3384856951919412,32041644594.42966,727778390.5340201,0.431288,0.00180434,0.3384856951919412,0.3384856951919412,0.3384856951919412,0.3384856951919412
tron,2025-09-28,0.3368034073603116,31884793982.35065,405391036.02852505,0.431288,0.00180434,0.3368034073603116,0.3368034073603116,0.3368034073603116,0.3368034073603116
tron,2025-09-29,0.33577695757544457,31790087787.528038,358786993.0053547,0.431288,0.00180434,0.33577695757544457,0.33577695757544457,0.33577695757544457,0.33577695757544457
tron,2025-09-30,0.3369955760609834,31900087192.02934,497625054.1537011,0.431288,0.00180434,0.3369955760609834,0.3369955760609834,0.3369955760609834,0.3369955760609834
tron,2025-10-01,0.33350015726978827,31567210788.18072,612912337.4117038,0.431288,0.00180434,0.33350015726978827,0.33350015726978827,0.33350015726978827,0.33350015726978827
tron,2025-10-02,0.34179171679185144,32364660686.682182,708940455.2211267,0.431288,0.00180434,0.34179171679185144,0.34179171679185144,0.34179171679185144,0.34179171679185144
tron,2025-10-03,0.342995223983128,32465052562.884914,650976968.2978272,0.431288,0.00180434,0.342995223983128,0.342995223983128,0.342995223983128,0.342995223983128
tron,2025-10-04,0.3420628777428887,32366399517.46116,731208417.408246,0.431288,0.00180434,0.3420628777428887,0.3420628777428887,0.3420628777428887,0.3420628777428887
tron,2025-10-05,0.34039225290282016,32216018001.390125,459534594.79615855,0.431288,0.00180434,0.34039225290282016,0.34039225290282016,0.34039225290282016,0.34039225290282016
tron,2025-10-06,0.34137667589996307,32314773339.297478,584954672.3496709,0.431288,0.00180434,0.34137667589996307,0.34137667589996307,0.34137667589996307,0.34137667589996307
tron,2025-10-07,0.34626810311993705,32782937765.734394,747413001.4418571,0.431288,0.00180434,0.34626810311993705,0.34626810311993705,0.34626810311993705,0.34626810311993705
tron,2025-10-08,0.33805873087864763,32004991520.802513,792743276.399546,0.431288,0.00180434,0.33805873087864763,0.33805873087864763,0.33805873087864763,0.33805873087864763
tron,2025-10-09,0.34213255933202885,32389029377.33013,770958497.0835528,0.431288,0.00180434,0.34213255933202885,0.34213255933202885,0.34213255933202885,0.34213255933202885
tron,2025-10-10,0.336305794822918,31830705139.832386,758191066.4303643,0.431288,0.00180434,0.336305794822918,0.336305794822918,0.336305794822918,0.336305794822918
tron,2025-10-11,0.32113727745459086,30403450073.146545,1532851312.105116,0.431288,0.00180434,0.32113727745459086,0.32113727745459086,0.32113727745459086,0.32113727745459086
tron,2025-10-12,0.3146579875214297,29794076875.86188,1019995683.8196437,0.431288,0.00180434,0.3146579875214297,0.3146579875214297,0.3146579875214297,0.3146579875214297
tron,2025-10-13,0.32296286182382394,30568181853.10252,1008044674.1144596,0.431288,0.00180434,0.32296286182382394,0.32296286182382394,0.32296286182382394,0.32296286182382394
tron,2025-10-14,0.32292104721731557,30576185493.960144,816556204.6299553,0.431288,0.00180434,0.32292104721731557,0.32292104721731557,0.32292104721731557,0.32292104721731557
tron,2025-10-15,0.31698026717667405,30006204204.52626,1363287386.5478122,0.431288,0.00180434,0.31698026717667405,0.31698026717667405,0.31698026717667405,0.31698026717667405
tron,2025-10-16,0.3193973406431426,30234469219.41816,1021157139.1881987,0.431288,0.00180434,0.3193973406431426,0.3193973406431426,0.3193973406431426,0.3193973406431426
tron,2025-10-17,0.3153249898465541,29845709139.735016,1012388041.9817182,0.431288,0.00180434,0.3153249898465541,0.3153249898465541,0.3153249898465541,0.3153249898465541
tron,2025-10-18,0.3090961607093191,29261175841.560757,1049390903.7868099,0.431288,0.00180434,0.3090961607093191,0.3090961607093191,0.3090961607093191,0.3090961607093191
tron,2025-10-19,0.3131122998179381,29640169932.404694,467289295.9150966,0.431288,0.00180434,0.3131122998179381,0.3131122998179381,0.3131122998179381,0.3131122998179381
tron,2025-10-20,0.3203781198101525,30323502472.567886,447351563.7687389,0.431288,0.00180434,0.3203781198101525,0.3203781198101525,0.3203781198101525,0.3203781198101525
tron,2025-10-21,0.3227036854602169,30553187245.849403,623652835.6723917,0.431288,0.00180434,0.3227036854602169,0.3227036854602169,0.3227036854602169,0.3227036854602169
tron,2025-10-22,0.32180162618801994,30465016165.716377,784408874.2735732,0.431288,0.00180434,0.32180162618801994,0.32180162618801994,0.32180162618801994,0.32180162618801994
tron,2025-10-23,0.32204883636298254,30482019681.528233,1039992612.6678394,0.431288,0.00180434,0.32204883636298254,0.32204883636298254,0.32204883636298254,0.32204883636298254
tron,2025-10-24,0.3138918296729994,29713281084.616974,778284674.1130224,0.431288,0.00180434,0.3138918296729994,0.3138918296729994,0.3138918296729994,0.3138918296729994
tron,2025-10-25,0.303833633942651,28759169160.40104,971313780.9773058,0.431288,0.00180434,0.303833633942651,0.303833633942651,0.303833633942651,0.303833633942651
tron,2025-10-26,0.2970217617282691,28134082739.480816,994561153.6649991,0.431288,0.00180434,0.2970217617282691,0.2970217617282691,0.2970217617282691,0.2970217617282691
tron,2025-10-27,0.30061279866991836,28470929466.0175,820928684.9686987,0.431288,0.00180434,0.30061279866991836,0.30061279866991836,0.30061279866991836,0.30061279866991836
tron,2025-10-28,0.2983308542743809,28242544875.088734,699176972.850856,0.431288,0.00180434,0.2983308542743809,0.2983308542743809,0.2983308542743809,0.2983308542743809
tron,2025-10-29,0.29574792686212165,27997469588.195793,732072857.0080968,0.431288,0.00180434,0.29574792686212165,0.29574792686212165,0.29574792686212165,0.29574792686212165
tron,2025-10-30,0.2961124600773365,28032615114.110302,833024849.3415955,0.431288,0.00180434,0.2961124600773365,0.2961124600773365,0.2961124600773365,0.2961124600773365
tron,2025-10-31,0.2923822538696929,27674040029.11594,1214266453.7267494,0.431288,0.00180434,0.2923822538696929,0.2923822538696929,0.2923822538696929,0.2923822538696929
tron,2025-11-01,0.2962018205231519,28039079424.813942,577248314.2450672,0.431288,0.00180434,0.2962018205231519,0.2962018205231519,0.2962018205231519,0.2962018205231519
tron,2025-11-02,0.29745002240496504,28158517442.930325,384107197.8612037,0.431288,0.00180434,0.29745002240496504,0.29745002240496504,0.29745002240496504,0.29745002240496504
tron,2025-11-03,0.29817964236899297,28217923401.928272,372434786.8379245,0.431288,0.00180434,0.29817964236899297,0.29817964236899297,0.29817964236899297,0.29817964236899297
tron,2025-11-04,0.2810600665200644,26608529157.221016,1522475914.912795,0.431288,0.00180434,0.2810600665200644,0.2810600665200644,0.2810600665200644,0.2810600665200644
tron,2025-11-05,0.28539505692237627,27012192499.671818,1634271108.3937776,0.431288,0.00180434,0.28539505692237627,0.28539505692237627,0.28539505692237627,0.28539505692237627
tron,2025-11-06,0.288991896602045,27359257304.37514,749213927.7080177,0.431288,0.00180434,0.288991896602045,0.288991896602045,0.288991896602045,0.288991896602045
tron,2025-11-07,0.283551726330624,26834140282.617496,556516368.9541119,0.431288,0.00180434,0.283551726330624,0.283551726330624,0.283551726330624,0.283551726330624
tron,2025-11-08,0.29216875121908314,27671955677.897015,878093204.72204,0.431288,0.00180434,0.29216875121908314,0.29216875121908314,0.29216875121908314,0.29216875121908314
tron,2025-11-09,0.29124444444917663,27571156662.21019,493879675.502906,0.431288,0.00180434,0.29124444444917663,0.29124444444917663,0.29124444444917663,0.29124444444917663
tron,2025-11-10,0.2906534858510195,27512405534.39507,412363165.95032716,0.431288,0.00180434,0.2906534858510195,0.2906534858510195,0.2906534858510195,0.2906534858510195
tron,2025-11-11,0.2961714168564367,28037850601.1374,581947699.6000831,0.431288,0.00180434,0.2961714168564367,0.2961714168564367,0.2961714168564367,0.2961714168564367
tron,2025-11-12,0.29705002507397993,28146245156.988934,732122724.1504567,0.431288,0.00180434,0.29705002507397993,0.29705002507397993,0.29705002507397993,0.29705002507397993
tron,2025-11-13,0.2945003326803488,27883744860.857513,707878535.1918795,0.431288,0.00180434,0.2945003326803488,0.2945003326803488,0.2945003326803488,0.2945003326803488
tron,2025-11-14,0.2931165106047888,27772950975.96394,904450656.7266369,0.431288,0.00180434,0.2931165106047888,0.2931165106047888,0.2931165106047888,0.2931165106047888
tron,2025-11-15,0.2925436645634017,27710752727.675663,1221190828.6991367,0.431288,0.00180434,0.2925436645634017,0.2925436645634017,0.2925436645634017,0.2925436645634017
tron,2025-11-16,0.29432637627705555,27857946216.4858,544649952.4040104,0.431288,0.00180434,0.29432637627705555,0.29432637627705555,0.29432637627705555,0.29432637627705555
tron,2025-11-17,0.29237552679868434,27675026803.94583,940823226.5187356,0.431288,0.00180434,0.29237552679868434,0.29237552679868434,0.29237552679868434,0.29237552679868434
tron,2025-11-18,0.2912500376602943,27558212398.979996,987864222.9473106,0.431288,0.00180434,0.2912500376602943,0.2912500376602943,0.2912500376602943,0.2912500376602943
tron,2025-11-19,0.2901221317668322,27466448988.376984,1022970221.8070331,0.431288,0.00180434,0.2901221317668322,0.2901221317668322,0.2901221317668322,0.2901221317668322
tron,2025-11-20,0.28644200661091285,27113205495.00337,893410330.4616383,0.431288,0.00180434,0.28644200661091285,0.28644200661091285,0.28644200661091285,0.28644200661091285
tron,2025-11-21,0.28032335772644085,26551517350.8233,876637489.7406825,0.431288,0.00180434,0.28032335772644085,0.28032335772644085,0.28032335772644085,0.28032335772644085
tron,2025-11-22,0.2762722799123385,26147529940.505283,1497331716.6269262,0.431288,0.00180434,0.2762722799123385,0.2762722799123385,0.2762722799123385,0.2762722799123385
tron,2025-11-23,0.2741760125262849,25958525314.977585,743578767.2464076,0.431288,0.00180434,0.2741760125262849,0.2741760125262849,0.2741760125262849,0.2741760125262849
tron,2025-11-24,0.2750856497664001,26040313125.33179,504727416.90159136,0.431288,0.00180434,0.2750856497664001,0.2750856497664001,0.2750856497664001,0.2750856497664001
tron,2025-11-25,0.27476887107113523,26015843533.78115,740055861.9786764,0.431288,0.00180434,0.27476887107113523,0.27476887107113523,0.27476887107113523,0.27476887107113523
tron,2025-11-26,0.27419166294403785,25961088518.405964,695824754.1279752,0.431288,0.00180434,0.27419166294403785,0.27419166294403785,0.27419166294403785,0.27419166294403785
tron,2025-11-27,0.2764228062545464,26165913044.135868,518541429.177679,0.431288,0.00180434,0.2764228062545464,0.2764228062545464,0.2764228062545464,0.2764228062545464
tron,2025-11-28,0.2802319893231524,26533666664.688526,500411719.28885067,0.431288,0.00180434,0.2802319893231524,0.2802319893231524,0.2802319893231524,0.2802319893231524
tron,2025-11-29,0.28103014094955364,26607123108.780373,591763819.1364689,0.431288,0.00180434,0.28103014094955364,0.28103014094955364,0.28103014094955364,0.28103014094955364
tron,2025-11-30,0.28096843175179154,26599714856.299335,348240189.30325186,0.431288,0.00180434,0.28096843175179154,0.28096843175179154,0.28096843175179154,0.28096843175179154
tron,2025-12-01,0.28171872721797364,26678722678.476337,394969621.66539323,0.431288,0.00180434,0.28171872721797364,0.28171872721797364,0.28171872721797364,0.28171872721797364
tron,2025-12-02,0.27716467354832547,26277244819.797283,983841642.0608227,0.431288,0.00180434,0.27716467354832547,0.27716467354832547,0.27716467354832547,0.27716467354832547
tron,2025-12-03,0.28110591337518914,26613980296.072227,683804275.0823792,0.431288,0.00180434,0.28110591337518914,0.28110591337518914,0.28110591337518914,0.28110591337518914
tron,2025-12-04,0.280580603056481,26563920316.237587,600881754.5067172,0.431288,0.00180434,0.280580603056481,0.280580603056481,0.280580603056481,0.280580603056481
tron,2025-12-05,0.2860009671519755,27069603377.21872,623775454.2880518,0.431288,0.00180434,0.2860009671519755,0.2860009671519755,0.2860009671519755,0.2860009671519755
tron,2025-12-06,0.2855062668417237,27029310521.61557,760021811.9769664,0.431288,0.00180434,0.2855062668417237,0.2855062668417237,0.2855062668417237,0.2855062668417237
tron,2025-12-07,0.2875103409700632,27225327588.60716,529471115.12419116,0.431288,0.00180434,0.2875103409700632,0.2875103409700632,0.2875103409700632,0.2875103409700632
tron,2025-12-08,0.28685675114633585,27160291546.18634,566085157.7762649,0.431288,0.00180434,0.28685675114633585,0.28685675114633585,0.28685675114633585,0.28685675114633585
tron,2025-12-09,0.28142939737116873,26649199495.521458,548640998.1466143,0.431288,0.00180434,0.28142939737116873,0.28142939737116873,0.28142939737116873,0.28142939737116873
tron,2025-12-10,0.2822370881348536,26723677906.61841,662570473.8792315,0.431288,0.00180434,0.2822370881348536,0.2822370881348536,0.2822370881348536,0.2822370881348536
tron,2025-12-11,0.28018711084105147,26525962691.484158,656409929.8101044,0.431288,0.00180434,0.28018711084105147,0.28018711084105147,0.28018711084105147,0.28018711084105147
tron,2025-12-12,0.28066785238013015,26575898856.652336,606774229.8691964,0.431288,0.00180434,0.28066785238013015,0.28066785238013015,0.28066785238013015,0.28066785238013015
tron,2025-12-13,0.2737307350459508,25920181365.638466,536935600.3108186,0.431288,0.00180434,0.2737307350459508,0.2737307350459508,0.2737307350459508,0.2737307350459508
tron,2025-12-14,0.27099918226025815,25660282015.77089,407039142.6050616,0.431288,0.00180434,0.27099918226025815,0.27099918226025815,0.27099918226025815,0.27099918226025815
tron,2025-12-15,0.2771285067096691,26236583967.298935,554019621.2075351,0.431288,0.00180434,0.2771285067096691,0.2771285067096691,0.2771285067096691,0.2771285067096691
tron,2025-12-16,0.27814197990099837,26343849451.62298,823188061.1373701,0.431288,0.00180434,0.27814197990099837,0.27814197990099837,0.27814197990099837,0.27814197990099837
tron,2025-12-17,0.2802901173558677,26534351824.414658,564603493.1654899,0.431288,0.00180434,0.2802901173558677,0.2802901173558677,0.2802901173558677,0.2802901173558677
tron,2025-12-18,0.27926185405285064,26441110966.13669,619087462.347645,0.431288,0.00180434,0.27926185405285064,0.27926185405285064,0.27926185405285064,0.27926185405285064
tron,2025-12-19,0.27941760063520077,26454335158.0482,612100812.0392854,0.431288,0.00180434,0.27941760063520077,0.27941760063520077,0.27941760063520077,0.27941760063520077
tron,2025-12-20,0.2799983408608792,26512635435.976036,587839889.0425403,0.431288,0.00180434,0.2799983408608792,0.2799983408608792,0.2799983408608792,0.2799983408608792
tron,2025-12-21,0.28128327084952043,26617926366.055492,412534506.54728323,0.431288,0.00180434,0.28128327084952043,0.28128327084952043,0.28128327084952043,0.28128327084952043
tron,2025-12-22,0.28820708739465084,27289218293.959843,584677685.8857541,0.431288,0.00180434,0.28820708739465084,0.28820708739465084,0.28820708739465084,0.28820708739465084
tron,2025-12-23,0.28429297162254574,26918213118.7684,632426271.2348518,0.431288,0.00180434,0.28429297162254574,0.28429297162254574,0.28429297162254574,0.28429297162254574
tron,2025-12-24,0.2833670770930408,26831349805.488132,450804857.6422162,0.431288,0.00180434,0.2833670770930408,0.2833670770930408,0.2833670770930408,0.2833670770930408
tron,2025-12-25,0.2801955149765627,26535930965.6229,564015869.5519067,0.431288,0.00180434,0.2801955149765627,0.2801955149765627,0.2801955149765627,0.2801955149765627
tron,2025-12-26,0.27853752901437023,26373676674.058235,432864667.42403996,0.431288,0.00180434,0.27853752901437023,0.27853752901437023,0.27853752901437023,0.27853752901437023
tron,2025-12-27,0.27953925127721946,26471777099.47492,440197981.13507277,0.431288,0.00180434,0.27953925127721946,0.27953925127721946,0.27953925127721946,0.27953925127721946
tron,2025-12-28,0.28451512884091995,26940887159.38013,455499389.390052,0.431288,0.00180434,0.28451512884091995,0.28451512884091995,0.28451512884091995,0.28451512884091995
tron,2025-12-29,0.2848908525100736,26976578096.484463,437973802.328797,0.431288,0.00180434,0.2848908525100736,0.2848908525100736,0.2848908525100736,0.2848908525100736
tron,2025-12-30,0.28456734702486347,26946505098.144924,601758499.7303604,0.431288,0.00180434,0.28456734702486347,0.28456734702486347,0.28456734702486347,0.28456734702486347
tron,2025-12-31,0.28615609930335045,27100437106.66173,476568993.5152326,0.431288,0.00180434,0.28615609930335045,0.28615609930335045,0.28615609930335045,0.28615609930335045
tron,2026-01-01,0.2843529185433732,26926567678.6245,442849572.7881778,0.431288,0.00180434,0.2843529185433732,0.2843529185433732,0.2843529185433732,0.2843529185433732
tron,2026-01-02,0.2864516260592263,27117321731.27179,378160932.799459,0.431288,0.00180434,0.2864516260592263,0.2864516260592263,0.2864516260592263,0.2864516260592263
tron,2026-01-03,0.28866343590381316,27336476523.309998,511880965.5158885,0.431288,0.00180434,0.28866343590381316,0.28866343590381316,0.28866343590381316,0.28866343590381316
tron,2026-01-04,0.29518205749608245,27952401865.63866,512651595.263559,0.431288,0.00180434,0.29518205749608245,0.29518205749608245,0.29518205749608245,0.29518205749608245
tron,2026-01-05,0.29381118624226293,27822867561.342937,509288526.4339793,0.431288,0.00180434,0.29381118624226293,0.29381118624226293,0.29381118624226293,0.29381118624226293
tron,2026-01-06,0.292064443437862,27661606104.94256,623057945.880306,0.431288,0.00180434,0.292064443437862,0.292064443437862,0.292064443437862,0.292064443437862
tron,2026-01-07,0.2939681371575773,27841317593.79885,567088904.9379557,0.431288,0.00180434,0.2939681371575773,0.2939681371575773,0.2939681371575773,0.2939681371575773
tron,2026-01-08,0.29789257318990164,28204317191.188366,661279816.7513957,0.431288,0.00180434,0.29789257318990164,0.29789257318990164,0.29789257318990164,0.29789257318990164
tron,2026-01-09,0.2947084228882212,27907221102.98502,626898944.9313267,0.431288,0.00180434,0.2947084228882212,0.2947084228882212,0.2947084228882212,0.2947084228882212
tron,2026-01-10,0.2978436167968023,28200984953.76776,618692268.3739455,0.431288,0.00180434,0.2978436167968023,0.2978436167968023,0.2978436167968023,0.2978436167968023
tron,2026-01-11,0.30167180353471507,28568701144.0134,506344368.98929894,0.431288,0.00180434,0.30167180353471507,0.30167180353471507,0.30167180353471507,0.30167180353471507
tron,2026-01-12,0.29916406331448087,28328253699.496773,581848350.1158981,0.431288,0.00180434,0.29916406331448087,0.29916406331448087,0.29916406331448087,0.29916406331448087
tron,2026-01-13,0.29948982797435697,28366028755.779274,525705808.46421695,0.431288,0.00180434,0.29948982797435697,0.29948982797435697,0.29948982797435697,0.29948982797435697
tron,2026-01-14,0.3070988788932358,29077501750.608166,731646081.522839,0.431288,0.00180434,0.3070988788932358,0.3070988788932358,0.3070988788932358,0.3070988788932358
tron,2026-01-15,0.30458242872761854,28838921062.83708,698897696.9607044,0.431288,0.00180434,0.30458242872761854,0.30458242872761854,0.30458242872761854,0.30458242872761854
tron,2026-01-16,0.3118058634977161,29526782007.71031,913461140.2356002,0.431288,0.00180434,0.3118058634977161,0.3118058634977161,0.3118058634977161,0.3118058634977161
tron,2026-01-17,0.3091997693032059,29286219188.20771,590695489.2981066,0.431288,0.00180434,0.3091997693032059,0.3091997693032059,0.3091997693032059,0.3091997693032059
tron,2026-01-18,0.3183448183235925,30158737335.316784,1516680831.409103,0.431288,0.00180434,0.3183448183235925,0.3183448183235925,0.3183448183235925,0.3183448183235925
tron,2026-01-19,0.3182782758976558,30161188831.85959,674582111.3960726,0.431288,0.00180434,0.3182782758976558,0.3182782758976558,0.3182782758976558,0.3182782758976558
tron,2026-01-20,0.31179518040042803,29536412957.811874,854076938.5352635,0.431288,0.00180434,0.31179518040042803,0.31179518040042803,0.31179518040042803,0.31179518040042803
tron,2026-01-21,0.29692475378395466,28126138168.938374,831856245.3237351,0.431288,0.00180434,0.29692475378395466,0.29692475378395466,0.29692475378395466,0.29692475378395466
tron,2026-01-22,0.2990831722070233,28326907810.836212,769177416.1303644,0.431288,0.00180434,0.2990831722070233,0.2990831722070233,0.2990831722070233,0.2990831722070233
tron,2026-01-23,0.3050603342473167,28897675068.525345,664329789.941263,0.431288,0.00180434,0.3050603342473167,0.3050603342473167,0.3050603342473167,0.3050603342473167
tron,2026-01-24,0.2973939792447422,28159168005.012497,763366401.1917365,0.431288,0.00180434,0.2973939792447422,0.2973939792447422,0.2973939792447422,0.2973939792447422
tron,2026-01-25,0.2950376173021198,27947939333.299397,482237204.7898229,0.431288,0.00180434,0.2950376173021198,0.2950376173021198,0.2950376173021198,0.2950376173021198
tron,2026-01-26,0.2953043604473472,27965620214.702435,551350432.8218583,0.431288,0.00180434,0.2953043604473472,0.2953043604473472,0.2953043604473472,0.2953043604473472
tron,2026-01-27,0.2965207531211118,28088266473.211185,490345693.4302194,0.431288,0.00180434,0.2965207531211118,0.2965207531211118,0.2965207531211118,0.2965207531211118
tron,2026-01-28,0.29427942900026594,27872718597.94899,479364140.0113818,0.431288,0.00180434,0.29427942900026594,0.29427942900026594,0.29427942900026594,0.29427942900026594
tron,2026-01-29,0.29494820141388145,27940216940.957375,599187257.94012,0.431288,0.00180434,0.29494820141388145,0.29494820141388145,0.29494820141388145,0.29494820141388145
tron,2026-01-30,0.2945226989800552,27896038764.62274,742062707.6028433,0.431288,0.00180434,0.2945226989800552,0.2945226989800552,0.2945226989800552,0.2945226989800552
tron,2026-01-31,0.29371839650035664,27817521048.598408,934714533.8101015,0.431288,0.00180434,0.29371839650035664,0.29371839650035664,0.29371839650035664,0.29371839650035664
tron,2026-02-01,0.2863275176382668,27119046711.053753,883696888.2576615,0.431288,0.00180434,0.2863275176382668,0.2863275176382668,0.2863275176382668,0.2863275176382668
tron,2026-02-02,0.2846380315974083,26960457249.930225,724319157.2075576,0.431288,0.00180434,0.2846380315974083,0.2846380315974083,0.2846380315974083,0.2846380315974083
tron,2026-02-03,0.2830563262871221,26809750668.84549,936703988.5819008,0.431288,0.00180434,0.2830563262871221,0.2830563262871221,0.2830563262871221,0.2830563262871221
tron,2026-02-04,0.2854891017030939,27046183925.712727,780137551.2932882,0.431288,0.00180434,0.2854891017030939,0.2854891017030939,0.2854891017030939,0.2854891017030939
dogecoin,2025-02-06,0.2563093131836389,37875608481.94618,1748873845.3140545,0.731578,8.69e-05,0.2563093131836389,0.2563093131836389,0.2563093131836389,0.2563093131836389
dogecoin,2025-02-07,0.24769940269332982,36634998711.53493,1849400952.683781,0.731578,8.69e-05,0.24769940269332982,0.24769940269332982,0.24769940269332982,0.24769940269332982
dogecoin,2025-02-08,0.2466117141109805,36425572489.014,1955547140.0705724,0.731578,8.69e-05,0.2466117141109805,0.2466117141109805,0.2466117141109805,0.2466117141109805
dogecoin,2025-02-09,0.2531578984892705,37467768586.07184,947251264.8896627,0.731578,8.69e-05,0.2531578984892705,0.2531578984892705,0.2531578984892705,0.2531578984892705
dogecoin,2025-02-10,0.24934929346601817,36877324693.481384,1210322937.821886,0.731578,8.69e-05,0.24934929346601817,0.24934929346601817,0.24934929346601817,0.24934929346601817
dogecoin,2025-02-11,0.2548535882592439,37702629308.77336,1302577373.9580026,0.731578,8.69e-05,0.2548535882592439,0.2548535882592439,0.2548535882592439,0.2548535882592439
dogecoin,2025-02-12,0.2531467447359887,37524755444.79603,1681519859.8011022,0.731578,8.69e-05,0.2531467447359887,0.2531467447359887,0.2531467447359887,0.2531467447359887
dogecoin,2025-02-13,0.26404355183974915,39019744666.11137,1931125154.46359,0.731578,8.69e-05,0.26404355183974915,0.26404355183974915,0.26404355183974915,0.26404355183974915
dogecoin,2025-02-14,0.2623153388562416,38837304059.83588,1479090094.109654,0.731578,8.69e-05,0.2623153388562416,0.2623153388562416,0.2623153388562416,0.2623153388562416
dogecoin,2025-02-15,0.27198537773510917,40240694263.196144,2264906099.4838147,0.731578,8.69e-05,0.27198537773510917,0.27198537773510917,0.27198537773510917,0.27198537773510917
dogecoin,2025-02-16,0.2716411696946587,40217862491.33837,1562393659.5496552,0.731578,8.69e-05,0.2716411696946587,0.2716411696946587,0.2716411696946587,0.2716411696946587
dogecoin,2025-02-17,0.2654573454413017,39283644109.89832,931181654.4444188,0.731578,8.69e-05,0.2654573454413017,0.2654573454413017,0.2654573454413017,0.2654573454413017
dogecoin,2025-02-18,0.25808675861016434,38181261511.72696,1334819066.6629684,0.731578,8.69e-05,0.25808675861016434,0.25808675861016434,0.25808675861016434,0.25808675861016434
dogecoin,2025-02-19,0.25084961511077464,37105544732.75667,1568385561.1678038,0.731578,8.69e-05,0.25084961511077464,0.25084961511077464,0.25084961511077464,0.25084961511077464
dogecoin,2025-02-20,0.254536611908942,37664544800.29522,1002221875.0777956,0.731578,8.69e-05,0.254536611908942,0.254536611908942,0.254536611908942,0.254536611908942
dogecoin,2025-02-21,0.25489783180588915,37726962768.86737,1128230681.7987843,0.731578,8.69e-05,0.25489783180588915,0.25489783180588915,0.25489783180588915,0.25489783180588915
dogecoin,2025-02-22,0.23944458984135766,35481966450.88804,2027962912.4843552,0.731578,8.69e-05,0.23944458984135766,0.23944458984135766,0.23944458984135766,0.23944458984135766
dogecoin,2025-02-23,0.24678169113005893,36553261422.55376,926901594.978119,0.731578,8.69e-05,0.24678169113005893,0.24678169113005893,0.24678169113005893,0.24678169113005893
dogecoin,2025-02-24,0.2431098393793032,35993016889.55571,695340046.2485528,0.731578,8.69e-05,0.2431098393793032,0.2431098393793032,0.2431098393793032,0.2431098393793032
dogecoin,2025-02-25,0.2101870624303527,31057933809.529675,2386904163.7483587,0.731578,8.69e-05,0.2101870624303527,0.2101870624303527,0.2101870624303527,0.2101870624303527
dogecoin,2025-02-26,0.21132376439777223,31297049624.810658,3294992146.5006976,0.731578,8.69e-05,0.21132376439777223,0.21132376439777223,0.21132376439777223,0.21132376439777223
dogecoin,2025-02-27,0.2025677647833549,30005439354.273045,2010954339.9928348,0.731578,8.69e-05,0.2025677647833549,0.2025677647833549,0.2025677647833549,0.2025677647833549
dogecoin,2025-02-28,0.20687435148382985,30625263535.15811,1358019956.56816,0.731578,8.69e-05,0.20687435148382985,0.20687435148382985,0.20687435148382985,0.20687435148382985
dogecoin,2025-03-01,0.202090703165187,29923842132.369896,2576697271.018344,0.731578,8.69e-05,0.202090703165187,0.202090703165187,0.202090703165187,0.202090703165187
dogecoin,2025-03-02,0.2063643318249469,30553755358.248043,1157646034.496794,0.731578,8.69e-05,0.2063643318249469,0.2063643318249469,0.2063643318249469,0.2063643318249469
dogecoin,2025-03-03,0.23984826270128182,35490734904.304985,3097274702.4251013,0.731578,8.69e-05,0.23984826270128182,0.23984826270128182,0.23984826270128182,0.23984826270128182
dogecoin,2025-03-04,0.1992080202369079,29478814181.84413,2740809895.9767084,0.731578,8.69e-05,0.1992080202369079,0.1992080202369079,0.1992080202369079,0.1992080202369079
dogecoin,2025-03-05,0.19921021819753496,29486719912.765648,2339671816.89161,0.731578,8.69e-05,0.19921021819753496,0.19921021819753496,0.19921021819753496,0.19921021819753496
dogecoin,2025-03-06,0.2047254361049545,30372562019.722427,1407399493.6843045,0.731578,8.69e-05,0.2047254361049545,0.2047254361049545,0.2047254361049545,0.2047254361049545
dogecoin,2025-03-07,0.20179543870507013,29909473228.63224,1745673856.792128,0.731578,8.69e-05,0.20179543870507013,0.20179543870507013,0.20179543870507013,0.20179543870507013
dogecoin,2025-03-08,0.19818899754056155,29344409114.79347,1799280522.9607399,0.731578,8.69e-05,0.19818899754056155,0.19818899754056155,0.19818899754056155,0.19818899754056155
dogecoin,2025-03-09,0.1920085565173097,28463472615.689545,920959171.3325987,0.731578,8.69e-05,0.1920085565173097,0.1920085565173097,0.1920085565173097,0.1920085565173097
dogecoin,2025-03-10,0.16781880397573898,24907553213.57859,1740953627.9304154,0.731578,8.69e-05,0.16781880397573898,0.16781880397573898,0.16781880397573898,0.16781880397573898
dogecoin,2025-03-11,0.1547380234116144,22967908412.457058,2314515671.2670493,0.731578,8.69e-05,0.1547380234116144,0.1547380234116144,0.1547380234116144,0.1547380234116144
dogecoin,2025-03-12,0.16453862742792452,24423796970.680458,2372987953.769865,0.731578,8.69e-05,0.16453862742792452,0.16453862742792452,0.16453862742792452,0.16453862742792452
dogecoin,2025-03-13,0.17243693431666607,25550714731.497646,1624350642.4645834,0.731578,8.69e-05,0.17243693431666607,0.17243693431666607,0.17243693431666607,0.17243693431666607
dogecoin,2025-03-14,0.1649488685474606,24473177707.891407,1450396811.6367147,0.731578,8.69e-05,0.1649488685474606,0.1649488685474606,0.1649488685474606,0.1649488685474606
dogecoin,2025-03-15,0.1718195561000062,25500418386.69835,1034276360.1389003,0.731578,8.69e-05,0.1718195561000062,0.1718195561000062,0.1718195561000062,0.1718195561000062
dogecoin,2025-03-16,0.1761459784539959,26145240613.72014,720298076.7908576,0.731578,8.69e-05,0.1761459784539959,0.1761459784539959,0.1761459784539959,0.1761459784539959
dogecoin,2025-03-17,0.16830195397278094,24983784095.335926,927114505.6414578,0.731578,8.69e-05,0.16830195397278094,0.16830195397278094,0.16830195397278094,0.16830195397278094
dogecoin,2025-03-18,0.1736204186748998,25780933531.33528,1018336232.4544977,0.731578,8.69e-05,0.1736204186748998,0.1736204186748998,0.1736204186748998,0.1736204186748998
dogecoin,2025-03-19,0.16827610995428421,24944528516.753197,1069389407.6757383,0.731578,8.69e-05,0.16827610995428421,0.16827610995428421,0.16827610995428421,0.16827610995428421
dogecoin,2025-03-20,0.17800348456939283,26442796451.105247,1320951169.9347699,0.731578,8.69e-05,0.17800348456939283,0.17800348456939283,0.17800348456939283,0.17800348456939283
dogecoin,2025-03-21,0.1695621495268066,25198496224.975834,1038017898.997562,0.731578,8.69e-05,0.1695621495268066,0.1695621495268066,0.1695621495268066,0.1695621495268066
dogecoin,2025-03-22,0.1670057513578968,24802337475.666485,762513837.5823433,0.731578,8.69e-05,0.1670057513578968,0.1670057513578968,0.1670057513578968,0.1670057513578968
dogecoin,2025-03-23,0.16721240679915322,24809123674.004166,436636928.7216825,0.731578,8.69e-05,0.16721240679915322,0.16721240679915322,0.16721240679915322,0.16721240679915322
dogecoin,2025-03-24,0.17217769230516256,25567291759.662663,571990345.4855789,0.731578,8.69e-05,0.17217769230516256,0.17217769230516256,0.17217769230516256,0.17217769230516256
dogecoin,2025-03-25,0.18261625231959078,27091109233.552685,1592931137.3506715,0.731578,8.69e-05,0.18261625231959078,0.18261625231959078,0.18261625231959078,0.18261625231959078
dogecoin,2025-03-26,0.19098207188312502,28357774760.5922,1696540510.903378,0.731578,8.69e-05,0.19098207188312502,0.19098207188312502,0.19098207188312502,0.19098207188312502
dogecoin,2025-03-27,0.19493224841665846,28936205832.28477,2258885477.8762884,0.731578,8.69e-05,0.19493224841665846,0.19493224841665846,0.19493224841665846,0.19493224841665846
dogecoin,2025-03-28,0.19074107097709586,28336140460.271873,1368405082.3626633,0.731578,8.69e-05,0.19074107097709586,0.19074107097709586,0.19074107097709586,0.19074107097709586
dogecoin,2025-03-29,0.18027688468027825,26786788253.431107,1384586893.3114476,0.731578,8.69e-05,0.18027688468027825,0.18027688468027825,0.18027688468027825,0.18027688468027825
dogecoin,2025-03-30,0.16955629560567131,25196649883.057045,1145772000.0759876,0.731578,8.69e-05,0.16955629560567131,0.16955629560567131,0.16955629560567131,0.16955629560567131
dogecoin,2025-03-31,0.16642492555953572,24723665521.268337,830307371.9494493,0.731578,8.69e-05,0.16642492555953572,0.16642492555953572,0.16642492555953572,0.16642492555953572
dogecoin,2025-04-01,0.16658416279748312,24715772966.690254,1345691695.4520378,0.731578,8.69e-05,0.16658416279748312,0.16658416279748312,0.16658416279748312,0.16658416279748312
dogecoin,2025-04-02,0.17426890464126327,25907094165.489334,1226397943.461258,0.731578,8.69e-05,0.17426890464126327,0.17426890464126327,0.17426890464126327,0.17426890464126327
dogecoin,2025-04-03,0.16424145213076016,24434984199.50534,1764099720.7163243,0.731578,8.69e-05,0.16424145213076016,0.16424145213076016,0.16424145213076016,0.16424145213076016
dogecoin,2025-04-04,0.16201946825238184,24103024324.683754,1222246072.0530603,0.731578,8.69e-05,0.16201946825238184,0.16201946825238184,0.16201946825238184,0.16201946825238184
dogecoin,2025-04-05,0.17105607575055004,25431701590.520325,1761401248.3904846,0.731578,8.69e-05,0.17105607575055004,0.17105607575055004,0.17105607575055004,0.17105607575055004
dogecoin,2025-04-06,0.16936834660585817,25118525002.33291,641157289.4817889,0.731578,8.69e-05,0.16936834660585817,0.16936834660585817,0.16936834660585817,0.16936834660585817
dogecoin,2025-04-07,0.1489432542832566,22189098484.344727,1301616555.750496,0.731578,8.69e-05,0.1489432542832566,0.1489432542832566,0.1489432542832566,0.1489432542832566
dogecoin,2025-04-08,0.14918497020443497,22253535629.205784,3584892367.483011,0.731578,8.69e-05,0.14918497020443497,0.14918497020443497,0.14918497020443497,0.14918497020443497
dogecoin,2025-04-09,0.14198151472944057,21106734800.421078,1942313541.7331955,0.731578,8.69e-05,0.14198151472944057,0.14198151472944057,0.14198151472944057,0.14198151472944057
dogecoin,2025-04-10,0.16055894504582743,23903967352.649323,2380965896.56504,0.731578,8.69e-05,0.16055894504582743,0.16055894504582743,0.16055894504582743,0.16055894504582743
dogecoin,2025-04-11,0.15390298849579126,22901498580.377064,1258486079.0766785,0.731578,8.69e-05,0.15390298849579126,0.15390298849579126,0.15390298849579126,0.15390298849579126
dogecoin,2025-04-12,0.15998899838417066,23803360358.75832,884950609.7365417,0.731578,8.69e-05,0.15998899838417066,0.15998899838417066,0.15998899838417066,0.15998899838417066
dogecoin,2025-04-13,0.1676649778139498,24955320227.91173,878035311.5158367,0.731578,8.69e-05,0.1676649778139498,0.1676649778139498,0.1676649778139498,0.1676649778139498
dogecoin,2025-04-14,0.16266937714088095,24195571585.229347,883332811.3620282,0.731578,8.69e-05,0.16266937714088095,0.16266937714088095,0.16266937714088095,0.16266937714088095
dogecoin,2025-04-15,0.15859949254254385,23606479057.263405,981131649.7028836,0.731578,8.69e-05,0.15859949254254385,0.15859949254254385,0.15859949254254385,0.15859949254254385
dogecoin,2025-04-16,0.15346609912402615,22838512654.26413,766817730.5676734,0.731578,8.69e-05,0.15346609912402615,0.15346609912402615,0.15346609912402615,0.15346609912402615
dogecoin,2025-04-17,0.15471755583387967,23025656395.115612,811820241.5800865,0.731578,8.69e-05,0.15471755583387967,0.15471755583387967,0.15471755583387967,0.15471755583387967
dogecoin,2025-04-18,0.15587153787530794,23201318598.79681,576830755.033105,0.731578,8.69e-05,0.15587153787530794,0.15587153787530794,0.15587153787530794,0.15587153787530794
dogecoin,2025-04-19,0.15761670017483884,23466473789.583706,463491541.12553006,0.731578,8.69e-05,0.15761670017483884,0.15761670017483884,0.15761670017483884,0.15761670017483884
dogecoin,2025-04-20,0.1573112204332398,23421890793.07413,465683707.3180399,0.731578,8.69e-05,0.1573112204332398,0.1573112204332398,0.1573112204332398,0.1573112204332398
dogecoin,2025-04-21,0.15502979487902038,23087095434.012623,627635503.5448277,0.731578,8.69e-05,0.15502979487902038,0.15502979487902038,0.15502979487902038,0.15502979487902038
dogecoin,2025-04-22,0.15908436227169534,23684115045.127453,1073037989.6116908,0.731578,8.69e-05,0.15908436227169534,0.15908436227169534,0.15908436227169534,0.15908436227169534
dogecoin,2025-04-23,0.17846828302254636,26545168244.012844,1711081936.272815,0.731578,8.69e-05,0.17846828302254636,0.17846828302254636,0.17846828302254636,0.17846828302254636
dogecoin,2025-04-24,0.178401008327384,26579717496.02347,1995530473.1645606,0.731578,8.69e-05,0.178401008327384,0.178401008327384,0.178401008327384,0.178401008327384
dogecoin,2025-04-25,0.1827667552587444,27250786093.915184,1582350788.3865557,0.731578,8.69e-05,0.1827667552587444,0.1827667552587444,0.1827667552587444,0.1827667552587444
dogecoin,2025-04-26,0.18203103968675263,27124340341.544304,1843701071.9974282,0.731578,8.69e-05,0.18203103968675263,0.18203103968675263,0.18203103968675263,0.18203103968675263
dogecoin,2025-04-27,0.1818819719415684,27079862224.42596,1565227653.8490603,0.731578,8.69e-05,0.1818819719415684,0.1818819719415684,0.1818819719415684,0.1818819719415684
dogecoin,2025-04-28,0.17961827119108673,26768202204.16714,1169887084.9933372,0.731578,8.69e-05,0.17961827119108673,0.17961827119108673,0.17961827119108673,0.17961827119108673
dogecoin,2025-04-29,0.17906901640129896,26679443869.89703,1425140393.9800472,0.731578,8.69e-05,0.17906901640129896,0.17906901640129896,0.17906901640129896,0.17906901640129896
dogecoin,2025-04-30,0.17439945720299668,25982850293.054985,1024411673.6699723,0.731578,8.69e-05,0.17439945720299668,0.17439945720299668,0.17439945720299668,0.17439945720299668
dogecoin,2025-05-01,0.1724103485197474,25701826438.560123,984673872.4637718,0.731578,8.69e-05,0.1724103485197474,0.1724103485197474,0.1724103485197474,0.1724103485197474
dogecoin,2025-05-02,0.18070374109047424,26930341143.843082,1082529407.4818537,0.731578,8.69e-05,0.18070374109047424,0.18070374109047424,0.18070374109047424,0.18070374109047424
dogecoin,2025-05-03,0.181388087156242,27035739554.81099,1034181805.0957793,0.731578,8.69e-05,0.181388087156242,0.181388087156242,0.181388087156242,0.181388087156242
dogecoin,2025-05-04,0.17576785161701966,26198617063.23001,588937633.3899407,0.731578,8.69e-05,0.17576785161701966,0.17576785161701966,0.17576785161701966,0.17576785161701966
dogecoin,2025-05-05,0.17071232656977398,25438315886.06924,630425272.9600186,0.731578,8.69e-05,0.17071232656977398,0.17071232656977398,0.17071232656977398,0.17071232656977398
dogecoin,2025-05-06,0.17065490621117071,25451467156.19953,692750494.2443322,0.731578,8.69e-05,0.17065490621117071,0.17065490621117071,0.17065490621117071,0.17065490621117071
dogecoin,2025-05-07,0.17232477779627986,25705289755.411777,858252275.6780319,0.731578,8.69e-05,0.17232477779627986,0.17232477779627986,0.17232477779627986,0.17232477779627986
dogecoin,2025-05-08,0.17211562672825226,25674779020.41389,712638970.1262684,0.731578,8.69e-05,0.17211562672825226,0.17211562672825226,0.17211562672825226,0.17211562672825226
dogecoin,2025-05-09,0.19718642657948848,29420458961.447674,2184563689.3913965,0.731578,8.69e-05,0.19718642657948848,0.19718642657948848,0.19718642657948848,0.19718642657948848
dogecoin,2025-05-10,0.20518315482145336,30600308505.99836,2680468298.856808,0.731578,8.69e-05,0.20518315482145336,0.20518315482145336,0.20518315482145336,0.20518315482145336
dogecoin,2025-05-11,0.24808618010965436,37006177667.7717,3646454138.724175,0.731578,8.69e-05,0.24808618010965436,0.24808618010965436,0.24808618010965436,0.24808618010965436
dogecoin,2025-05-12,0.23156210463126953,34547740638.35008,3947378387.2038565,0.731578,8.69e-05,0.23156210463126953,0.23156210463126953,0.23156210463126953,0.23156210463126953
dogecoin,2025-05-13,0.23141813764156494,34561842710.43985,5064612800.031126,0.731578,8.69e-05,0.23141813764156494,0.23141813764156494,0.23141813764156494,0.23141813764156494
dogecoin,2025-05-14,0.24063615504965347,35890356994.59683,3014744188.0036793,0.731578,8.69e-05,0.24063615504965347,0.24063615504965347,0.24063615504965347,0.24063615504965347
dogecoin,2025-05-15,0.2326880678038404,34731729857.53937,2454948301.1486807,0.731578,8.69e-05,0.2326880678038404,0.2326880678038404,0.2326880678038404,0.2326880678038404
dogecoin,2025-05-16,0.2188193912978982,32661581229.673786,2678224342.760629,0.731578,8.69e-05,0.2188193912978982,0.2188193912978982,0.2188193912978982,0.2188193912978982
dogecoin,2025-05-17,0.2225780495761936,33231331928.635384,1958996831.8259764,0.731578,8.69e-05,0.2225780495761936,0.2225780495761936,0.2225780495761936,0.2225780495761936
dogecoin,2025-05-18,0.21488311590610068,32078446831.646065,1513815302.0764408,0.731578,8.69e-05,0.21488311590610068,0.21488311590610068,0.21488311590610068,0.21488311590610068
dogecoin,2025-05-19,0.23064675587556407,34393197336.04474,2570476559.8316875,0.731578,8.69e-05,0.23064675587556407,0.23064675587556407,0.23064675587556407,0.23064675587556407
dogecoin,2025-05-20,0.22450514333500976,33514267920.599346,2376793956.561148,0.731578,8.69e-05,0.22450514333500976,0.22450514333500976,0.22450514333500976,0.22450514333500976
dogecoin,2025-05-21,0.2262524320952927,33775168048.661053,1922612443.9864995,0.731578,8.69e-05,0.2262524320952927,0.2262524320952927,0.2262524320952927,0.2262524320952927
dogecoin,2025-05-22,0.2341442300716922,34975336540.52911,3004714773.9630966,0.731578,8.69e-05,0.2341442300716922,0.2341442300716922,0.2341442300716922,0.2341442300716922
dogecoin,2025-05-23,0.24486878935117973,36543465183.708496,2941230875.1653132,0.731578,8.69e-05,0.24486878935117973,0.24486878935117973,0.24486878935117973,0.24486878935117973
dogecoin,2025-05-24,0.2256050681389216,33699141296.707493,3637150461.689047,0.731578,8.69e-05,0.2256050681389216,0.2256050681389216,0.2256050681389216,0.2256050681389216
dogecoin,2025-05-25,0.22526605771065214,33650993086.402634,1259477163.8986466,0.731578,8.69e-05,0.22526605771065214,0.22526605771065214,0.22526605771065214,0.22526605771065214
dogecoin,2025-05-26,0.22410051858731672,33473634384.500397,1545639564.3810167,0.731578,8.69e-05,0.22410051858731672,0.22410051858731672,0.22410051858731672,0.22410051858731672
dogecoin,2025-05-27,0.2257235127127771,33720067287.935783,1143793583.726899,0.731578,8.69e-05,0.2257235127127771,0.2257235127127771,0.2257235127127771,0.2257235127127771
dogecoin,2025-05-28,0.22613701089072946,33785799788.59822,1456507542.766112,0.731578,8.69e-05,0.22613701089072946,0.22613701089072946,0.22613701089072946,0.22613701089072946
dogecoin,2025-05-29,0.22106443772687143,33036485544.250744,1226851069.773066,0.731578,8.69e-05,0.22106443772687143,0.22106443772687143,0.22106443772687143,0.22106443772687143
dogecoin,2025-05-30,0.21583653318215457,32255789593.041676,1584406711.2735288,0.731578,8.69e-05,0.21583653318215457,0.21583653318215457,0.21583653318215457,0.21583653318215457
dogecoin,2025-05-31,0.19293898362115516,28833941358.602425,2378183690.790229,0.731578,8.69e-05,0.19293898362115516,0.19293898362115516,0.19293898362115516,0.19293898362115516
dogecoin,2025-06-01,0.19295707336811818,28832851074.892597,1504531665.3964663,0.731578,8.69e-05,0.19295707336811818,0.19295707336811818,0.19295707336811818,0.19295707336811818
dogecoin,2025-06-02,0.19396166511401375,29006673700.313576,911443941.2315271,0.731578,8.69e-05,0.19396166511401375,0.19396166511401375,0.19396166511401375,0.19396166511401375
dogecoin,2025-06-03,0.19561462907109173,29256077816.3805,978658402.706214,0.731578,8.69e-05,0.19561462907109173,0.19561462907109173,0.19561462907109173,0.19561462907109173
dogecoin,2025-06-04,0.1932015824493309,28890544653.101982,1022043262.7615937,0.731578,8.69e-05,0.1932015824493309,0.1932015824493309,0.1932015824493309,0.1932015824493309
dogecoin,2025-06-05,0.18839829903335972,28179133110.479073,747043585.3475871,0.731578,8.69e-05,0.18839829903335972,0.18839829903335972,0.18839829903335972,0.18839829903335972
dogecoin,2025-06-06,0.1718712124430595,25707965258.477955,1685747847.4578166,0.731578,8.69e-05,0.1718712124430595,0.1718712124430595,0.1718712124430595,0.1718712124430595
dogecoin,2025-06-07,0.1793030276082122,26816885117.12925,1265730397.487727,0.731578,8.69e-05,0.1793030276082122,0.1793030276082122,0.1793030276082122,0.1793030276082122
dogecoin,2025-06-08,0.18501664041068297,27675258392.52279,803511327.8148144,0.731578,8.69e-05,0.18501664041068297,0.18501664041068297,0.18501664041068297,0.18501664041068297
dogecoin,2025-06-09,0.18422270395966683,27555661512.425903,678570070.0225133,0.731578,8.69e-05,0.18422270395966683,0.18422270395966683,0.18422270395966683,0.18422270395966683
dogecoin,2025-06-10,0.19481978852801837,29147106420.01421,1210257482.7317545,0.731578,8.69e-05,0.19481978852801837,0.19481978852801837,0.19481978852801837,0.19481978852801837
dogecoin,2025-06-11,0.19785971093017923,29586646385.480976,1443670215.5619726,0.731578,8.69e-05,0.19785971093017923,0.19785971093017923,0.19785971093017923,0.19785971093017923
dogecoin,2025-06-12,0.1930335430982705,28877497977.748463,1615125585.5308516,0.731578,8.69e-05,0.1930335430982705,0.1930335430982705,0.1930335430982705,0.1930335430982705
dogecoin,2025-06-13,0.18169744621506415,27223347161.07496,1226127047.8703182,0.731578,8.69e-05,0.18169744621506415,0.18169744621506415,0.18169744621506415,0.18169744621506415
dogecoin,2025-06-14,0.18013678747049802,26964124795.371246,1845801962.6252491,0.731578,8.69e-05,0.18013678747049802,0.18013678747049802,0.18013678747049802,0.18013678747049802
dogecoin,2025-06-15,0.1784162711217158,26713671012.167526,769990081.9494456,0.731578,8.69e-05,0.1784162711217158,0.1784162711217158,0.1784162711217158,0.1784162711217158
dogecoin,2025-06-16,0.17577906724677725,26317930782.66883,738625978.9442667,0.731578,8.69e-05,0.17577906724677725,0.17577906724677725,0.17577906724677725,0.17577906724677725
dogecoin,2025-06-17,0.17378599934566444,26085591114.39921,1199123760.8001316,0.731578,8.69e-05,0.17378599934566444,0.17378599934566444,0.17378599934566444,0.17378599934566444
dogecoin,2025-06-18,0.16993733949907552,25444598270.93267,1280430419.7646747,0.731578,8.69e-05,0.16993733949907552,0.16993733949907552,0.16993733949907552,0.16993733949907552
dogecoin,2025-06-19,0.17037971945944577,25507393667.415367,1049946144.9695418,0.731578,8.69e-05,0.17037971945944577,0.17037971945944577,0.17037971945944577,0.17037971945944577
dogecoin,2025-06-20,0.17092098070802442,25595650404.66957,588664783.4255879,0.731578,8.69e-05,0.17092098070802442,0.17092098070802442,0.17092098070802442,0.17092098070802442
dogecoin,2025-06-21,0.16233193333616464,24308593118.583538,1237051244.9392583,0.731578,8.69e-05,0.16233193333616464,0.16233193333616464,0.16233193333616464,0.16233193333616464
dogecoin,2025-06-22,0.15308002215118727,22900923503.0541,917363601.712149,0.731578,8.69e-05,0.15308002215118727,0.15308002215118727,0.15308002215118727,0.15308002215118727
dogecoin,2025-06-23,0.15114781788974174,22627472217.535885,2107400665.563507,0.731578,8.69e-05,0.15114781788974174,0.15114781788974174,0.15114781788974174,0.15114781788974174
dogecoin,2025-06-24,0.16447256694307244,24642213767.01148,1476052213.0260837,0.731578,8.69e-05,0.16447256694307244,0.16447256694307244,0.16447256694307244,0.16447256694307244
dogecoin,2025-06-25,0.16561516104968574,24805507817.44763,1203882777.0264912,0.731578,8.69e-05,0.16561516104968574,0.16561516104968574,0.16561516104968574,0.16561516104968574
dogecoin,2025-06-26,0.16448390661542975,24645203761.557873,920508730.9793873,0.731578,8.69e-05,0.16448390661542975,0.16448390661542975,0.16448390661542975,0.16448390661542975
dogecoin,2025-06-27,0.1600423291811019,23970055920.15505,1004177048.9592903,0.731578,8.69e-05,0.1600423291811019,0.1600423291811019,0.1600423291811019,0.1600423291811019
dogecoin,2025-06-28,0.1610085986478116,24125832921.453415,689269157.2256726,0.731578,8.69e-05,0.1610085986478116,0.1610085986478116,0.1610085986478116,0.1610085986478116
dogecoin,2025-06-29,0.1637313288044104,24532171454.01609,431899971.54874885,0.731578,8.69e-05,0.1637313288044104,0.1637313288044104,0.1637313288044104,0.1637313288044104
dogecoin,2025-06-30,0.16954760970067637,25406787390.717094,610468369.8983374,0.731578,8.69e-05,0.16954760970067637,0.16954760970067637,0.16954760970067637,0.16954760970067637
dogecoin,2025-07-01,0.16513647959219713,24751800622.22817,945647952.4686167,0.731578,8.69e-05,0.16513647959219713,0.16513647959219713,0.16513647959219713,0.16513647959219713
dogecoin,2025-07-02,0.1575952425941886,23623051834.675014,740706410.3175782,0.731578,8.69e-05,0.1575952425941886,0.1575952425941886,0.1575952425941886,0.1575952425941886
dogecoin,2025-07-03,0.16892581001355808,25328625605.49418,1296201165.0491905,0.731578,8.69e-05,0.16892581001355808,0.16892581001355808,0.16892581001355808,0.16892581001355808
dogecoin,2025-07-04,0.17197045822677628,25786750120.98995,1460263401.587677,0.731578,8.69e-05,0.17197045822677628,0.17197045822677628,0.17197045822677628,0.17197045822677628
dogecoin,2025-07-05,0.1628779247346829,24420645261.485683,1166672769.5388994,0.731578,8.69e-05,0.1628779247346829,0.1628779247346829,0.1628779247346829,0.1628779247346829
dogecoin,2025-07-06,0.16431433970640547,24640061585.599083,504646523.890461,0.731578,8.69e-05,0.16431433970640547,0.16431433970640547,0.16431433970640547,0.16431433970640547
dogecoin,2025-07-07,0.1718463077672067,25766029799.43684,1283597162.6273847,0.731578,8.69e-05,0.1718463077672067,0.1718463077672067,0.1718463077672067,0.1718463077672067
dogecoin,2025-07-08,0.16786356600618882,25165540293.538612,1345775650.558815,0.731578,8.69e-05,0.16786356600618882,0.16786356600618882,0.16786356600618882,0.16786356600618882
dogecoin,2025-07-09,0.17098496244236958,25641522579.296265,914434551.8923894,0.731578,8.69e-05,0.17098496244236958,0.17098496244236958,0.17098496244236958,0.17098496244236958
dogecoin,2025-07-10,0.18082547920631353,27152485203.747025,1840121813.7065063,0.731578,8.69e-05,0.18082547920631353,0.18082547920631353,0.18082547920631353,0.18082547920631353
dogecoin,2025-07-11,0.19393383510790288,29078960216.77345,4680808041.302957,0.731578,8.69e-05,0.19393383510790288,0.19393383510790288,0.19393383510790288,0.19393383510790288
dogecoin,2025-07-12,0.20104732473533218,30166820631.87762,11922106373.55608,0.731578,8.69e-05,0.20104732473533218,0.20104732473533218,0.20104732473533218,0.20104732473533218
dogecoin,2025-07-13,0.1969316863516775,29548232450.111855,4736930630.668871,0.731578,8.69e-05,0.1969316863516775,0.1969316863516775,0.1969316863516775,0.1969316863516775
dogecoin,2025-07-14,0.1981830429850487,29741486928.41557,4047927478.517369,0.731578,8.69e-05,0.1981830429850487,0.1981830429850487,0.1981830429850487,0.1981830429850487
dogecoin,2025-07-15,0.19720159565229248,29594179812.646618,7958901487.951687,0.731578,8.69e-05,0.19720159565229248,0.19720159565229248,0.19720159565229248,0.19720159565229248
dogecoin,2025-07-16,0.1988073865760867,29792410672.68887,6150062246.882272,0.731578,8.69e-05,0.1988073865760867,0.1988073865760867,0.1988073865760867,0.1988073865760867
dogecoin,2025-07-17,0.21317019869379383,32001145359.94545,8703908987.238749,0.731578,8.69e-05,0.21317019869379383,0.21317019869379383,0.21317019869379383,0.21317019869379383
dogecoin,2025-07-18,0.21904854482534883,32889395094.371353,10686934874.27719,0.731578,8.69e-05,0.21904854482534883,0.21904854482534883,0.21904854482534883,0.21904854482534883
dogecoin,2025-07-19,0.23623310474250733,35439846209.562904,22595520295.463337,0.731578,8.69e-05,0.23623310474250733,0.23623310474250733,0.23623310474250733,0.23623310474250733
dogecoin,2025-07-20,0.24136273371397565,36204610445.715965,13194109287.318554,0.731578,8.69e-05,0.24136273371397565,0.24136273371397565,0.24136273371397565,0.24136273371397565
dogecoin,2025-07-21,0.27294634200835066,40991383553.3522,19568264636.543987,0.731578,8.69e-05,0.27294634200835066,0.27294634200835066,0.27294634200835066,0.27294634200835066
dogecoin,2025-07-22,0.2712676656637909,40733502344.68567,19724089022.900936,0.731578,8.69e-05,0.2712676656637909,0.2712676656637909,0.2712676656637909,0.2712676656637909
dogecoin,2025-07-23,0.26965305868671147,40487669061.57009,13570193608.69496,0.731578,8.69e-05,0.26965305868671147,0.26965305868671147,0.26965305868671147,0.26965305868671147
dogecoin,2025-07-24,0.24065455241490835,36137069321.204216,13277090960.170126,0.731578,8.69e-05,0.24065455241490835,0.24065455241490835,0.24065455241490835,0.24065455241490835
dogecoin,2025-07-25,0.23175612511358704,34797142588.62957,13115780350.729208,0.731578,8.69e-05,0.23175612511358704,0.23175612511358704,0.23175612511358704,0.23175612511358704
dogecoin,2025-07-26,0.23648246833968434,35519294456.5258,10617550354.59215,0.731578,8.69e-05,0.23648246833968434,0.23648246833968434,0.23648246833968434,0.23648246833968434
dogecoin,2025-07-27,0.23580457484737566,35429692150.38888,2550054072.1875014,0.731578,8.69e-05,0.23580457484737566,0.23580457484737566,0.23580457484737566,0.23580457484737566
dogecoin,2025-07-28,0.24051648808122306,36152403387.71565,2320603450.9149795,0.731578,8.69e-05,0.24051648808122306,0.24051648808122306,0.24051648808122306,0.24051648808122306
dogecoin,2025-07-29,0.2251397569003692,33929150743.176254,3724637353.297932,0.731578,8.69e-05,0.2251397569003692,0.2251397569003692,0.2251397569003692,0.2251397569003692
dogecoin,2025-07-30,0.22343167438710165,33549045657.114204,2278033222.709292,0.731578,8.69e-05,0.22343167438710165,0.22343167438710165,0.22343167438710165,0.22343167438710165
dogecoin,2025-07-31,0.2203174498049267,33066932447.72133,2167890918.319192,0.731578,8.69e-05,0.2203174498049267,0.2203174498049267,0.2203174498049267,0.2203174498049267
dogecoin,2025-08-01,0.2096463144206449,31526025321.554695,1805683883.5123882,0.731578,8.69e-05,0.2096463144206449,0.2096463144206449,0.2096463144206449,0.2096463144206449
dogecoin,2025-08-02,0.2010203069750151,30231874356.680836,3428039994.5355105,0.731578,8.69e-05,0.2010203069750151,0.2010203069750151,0.2010203069750151,0.2010203069750151
dogecoin,2025-08-03,0.1916269540469158,28882793410.111366,2210274745.363327,0.731578,8.69e-05,0.1916269540469158,0.1916269540469158,0.1916269540469158,0.1916269540469158
dogecoin,2025-08-04,0.19886328779242604,29900860825.737633,1336955076.0650904,0.731578,8.69e-05,0.19886328779242604,0.19886328779242604,0.19886328779242604,0.19886328779242604
dogecoin,2025-08-05,0.210479556777086,31670060362.72394,1782468201.5756187,0.731578,8.69e-05,0.210479556777086,0.210479556777086,0.210479556777086,0.210479556777086
dogecoin,2025-08-06,0.1996421893552106,30047384671.162437,1463965752.726498,0.731578,8.69e-05,0.1996421893552106,0.1996421893552106,0.1996421893552106,0.1996421893552106
dogecoin,2025-08-07,0.20524481678624307,30865821107.269722,1137499719.461071,0.731578,8.69e-05,0.20524481678624307,0.20524481678624307,0.20524481678624307,0.20524481678624307
dogecoin,2025-08-08,0.22242594906092986,33455136711.014084,1915221615.4491138,0.731578,8.69e-05,0.22242594906092986,0.22242594906092986,0.22242594906092986,0.22242594906092986
dogecoin,2025-08-09,0.23035201883070147,34646916521.967964,2514417767.505087,0.731578,8.69e-05,0.23035201883070147,0.23035201883070147,0.23035201883070147,0.23035201883070147
dogecoin,2025-08-10,0.24079107603339342,36227066784.67707,2862262009.5341763,0.731578,8.69e-05,0.24079107603339342,0.24079107603339342,0.24079107603339342,0.24079107603339342
dogecoin,2025-08-11,0.2339151503650981,35168371695.401855,2105690993.7302308,0.731578,8.69e-05,0.2339151503650981,0.2339151503650981,0.2339151503650981,0.2339151503650981
dogecoin,2025-08-12,0.22279669505434282,33496880094.120926,2650792083.358086,0.731578,8.69e-05,0.22279669505434282,0.22279669505434282,0.22279669505434282,0.22279669505434282
dogecoin,2025-08-13,0.23628639605846,35535037246.777435,2434867946.673603,0.731578,8.69e-05,0.23628639605846,0.23628639605846,0.23628639605846,0.23628639605846
dogecoin,2025-08-14,0.24549919437970946,36947749049.64795,3743269059.856254,0.731578,8.69e-05,0.24549919437970946,0.24549919437970946,0.24549919437970946,0.24549919437970946
dogecoin,2025-08-15,0.22418991808567507,33757164948.471878,5195154170.928724,0.731578,8.69e-05,0.22418991808567507,0.22418991808567507,0.22418991808567507,0.22418991808567507
dogecoin,2025-08-16,0.22821263671130274,34345153406.863113,4256951653.8378463,0.731578,8.69e-05,0.22821263671130274,0.22821263671130274,0.22821263671130274,0.22821263671130274
dogecoin,2025-08-17,0.23101920616038357,34771081095.047455,2650090531.492213,0.731578,8.69e-05,0.23101920616038357,0.23101920616038357,0.23101920616038357,0.23101920616038357
dogecoin,2025-08-18,0.23543563785814955,35452903348.14972,2391323803.13488,0.731578,8.69e-05,0.23543563785814955,0.23543563785814955,0.23543563785814955,0.23543563785814955
dogecoin,2025-08-19,0.22246056482373594,33478282489.925827,3164132782.1462517,0.731578,8.69e-05,0.22246056482373594,0.22246056482373594,0.22246056482373594,0.22246056482373594
dogecoin,2025-08-20,0.20911047499485522,31573443104.15069,2846325133.964973,0.731578,8.69e-05,0.20911047499485522,0.20911047499485522,0.20911047499485522,0.20911047499485522
dogecoin,2025-08-21,0.2215865077683421,33387849292.39222,3185686320.838252,0.731578,8.69e-05,0.2215865077683421,0.2215865077683421,0.2215865077683421,0.2215865077683421
dogecoin,2025-08-22,0.2146036803461823,32260557805.55944,2104104384.2466068,0.731578,8.69e-05,0.2146036803461823,0.2146036803461823,0.2146036803461823,0.2146036803461823
dogecoin,2025-08-23,0.24061883556812297,36227745500.387924,4456223342.6748,0.731578,8.69e-05,0.24061883556812297,0.24061883556812297,0.24061883556812297,0.24061883556812297
dogecoin,2025-08-24,0.2359037954047403,35513608232.83256,2481978240.0255656,0.731578,8.69e-05,0.2359037954047403,0.2359037954047403,0.2359037954047403,0.2359037954047403
dogecoin,2025-08-25,0.2317500228704948,34951792081.27878,3119480075.408564,0.731578,8.69e-05,0.2317500228704948,0.2317500228704948,0.2317500228704948,0.2317500228704948
dogecoin,2025-08-26,0.20977485568918428,31632558732.54899,3209114651.504627,0.731578,8.69e-05,0.20977485568918428,0.20977485568918428,0.20977485568918428,0.20977485568918428
dogecoin,2025-08-27,0.21848182440389716,32916880510.861656,2156426666.2800384,0.731578,8.69e-05,0.21848182440389716,0.21848182440389716,0.21848182440389716,0.21848182440389716
dogecoin,2025-08-28,0.2194773258086598,33080353873.51445,2129501447.3323112,0.731578,8.69e-05,0.2194773258086598,0.2194773258086598,0.2194773258086598,0.2194773258086598
dogecoin,2025-08-29,0.22436553868912731,33816305759.52067,1798100079.4822326,0.731578,8.69e-05,0.22436553868912731,0.22436553868912731,0.22436553868912731,0.22436553868912731
dogecoin,2025-08-30,0.21412824594263147,32276659317.000565,2262984917.085615,0.731578,8.69e-05,0.21412824594263147,0.21412824594263147,0.21412824594263147,0.21412824594263147
dogecoin,2025-08-31,0.2158248863195881,32538294439.509605,953490709.0340126,0.731578,8.69e-05,0.2158248863195881,0.2158248863195881,0.2158248863195881,0.2158248863195881
dogecoin,2025-09-01,0.2138121881539986,32224320280.031105,980742706.5821915,0.731578,8.69e-05,0.2138121881539986,0.2138121881539986,0.2138121881539986,0.2138121881539986
dogecoin,2025-09-02,0.21012014689720937,31677339106.6562,2610554715.582383,0.731578,8.69e-05,0.21012014689720937,0.21012014689720937,0.21012014689720937,0.21012014689720937
dogecoin,2025-09-03,0.21481484336477316,32372803711.979324,1960119906.0495563,0.731578,8.69e-05,0.21481484336477316,0.21481484336477316,0.21481484336477316,0.21481484336477316
dogecoin,2025-09-04,0.22060869712158182,33255648476.04051,1644323428.7362218,0.731578,8.69e-05,0.22060869712158182,0.22060869712158182,0.22060869712158182,0.22060869712158182
dogecoin,2025-09-05,0.21248433246322776,32048275139.63678,1348159815.400276,0.731578,8.69e-05,0.21248433246322776,0.21248433246322776,0.21248433246322776,0.21248433246322776
dogecoin,2025-09-06,0.21790522280347202,32875780028.216713,2080964319.0678818,0.731578,8.69e-05,0.21790522280347202,0.21790522280347202,0.21790522280347202,0.21790522280347202
dogecoin,2025-09-07,0.2160115789297136,32608992087.21966,1109021902.7686205,0.731578,8.69e-05,0.2160115789297136,0.2160115789297136,0.2160115789297136,0.2160115789297136
dogecoin,2025-09-08,0.22849209307593296,34458314811.968834,1803098275.17244,0.731578,8.69e-05,0.22849209307593296,0.22849209307593296,0.22849209307593296,0.22849209307593296
dogecoin,2025-09-09,0.24204451984067996,36577754981.82949,3499691101.119174,0.731578,8.69e-05,0.24204451984067996,0.24204451984067996,0.24204451984067996,0.24204451984067996
dogecoin,2025-09-10,0.24093291427061306,36350917047.21883,3983679513.3099904,0.731578,8.69e-05,0.24093291427061306,0.24093291427061306,0.24093291427061306,0.24093291427061306
dogecoin,2025-09-11,0.24543876456428945,37030135377.325455,2768174631.6824803,0.731578,8.69e-05,0.24543876456428945,0.24543876456428945,0.24543876456428945,0.24543876456428945
dogecoin,2025-09-12,0.25568309955896135,38606584437.57269,3698334549.8680463,0.731578,8.69e-05,0.25568309955896135,0.25568309955896135,0.25568309955896135,0.25568309955896135
dogecoin,2025-09-13,0.27551364279954654,41560744374.04719,4346151545.9657545,0.731578,8.69e-05,0.27551364279954654,0.27551364279954654,0.27551364279954654,0.27551364279954654
dogecoin,2025-09-14,0.28938440733977444,43675899265.001114,8814134295.680807,0.731578,8.69e-05,0.28938440733977444,0.28938440733977444,0.28938440733977444,0.28938440733977444
dogecoin,2025-09-15,0.2784558102769998,42023527524.17705,5536012339.200093,0.731578,8.69e-05,0.2784558102769998,0.2784558102769998,0.2784558102769998,0.2784558102769998
dogecoin,2025-09-16,0.2685387946986924,40481930858.13581,5596117361.866423,0.731578,8.69e-05,0.2685387946986924,0.2685387946986924,0.2685387946986924,0.2685387946986924
dogecoin,2025-09-17,0.2696531218328301,40724280359.04452,4041455928.527943,0.731578,8.69e-05,0.2696531218328301,0.2696531218328301,0.2696531218328301,0.2696531218328301
dogecoin,2025-09-18,0.282117441910369,42573398342.37777,4796448210.873294,0.731578,8.69e-05,0.282117441910369,0.282117441910369,0.282117441910369,0.282117441910369
dogecoin,2025-09-19,0.2787643266477094,42069107470.46425,4321656784.85898,0.731578,8.69e-05,0.2787643266477094,0.2787643266477094,0.2787643266477094,0.2787643266477094
dogecoin,2025-09-20,0.26530671371919323,40032519025.96664,3277904141.6950765,0.731578,8.69e-05,0.26530671371919323,0.26530671371919323,0.26530671371919323,0.26530671371919323
dogecoin,2025-09-21,0.26755567404153896,40392731465.23334,1792202405.1960874,0.731578,8.69e-05,0.26755567404153896,0.26755567404153896,0.26755567404153896,0.26755567404153896
dogecoin,2025-09-22,0.2613348265545181,39469421979.68826,1734698906.3081462,0.731578,8.69e-05,0.2613348265545181,0.2613348265545181,0.2613348265545181,0.2613348265545181
dogecoin,2025-09-23,0.24128386887273082,36450831846.15457,5203576972.387224,0.731578,8.69e-05,0.24128386887273082,0.24128386887273082,0.24128386887273082,0.24128386887273082
dogecoin,2025-09-24,0.23761019733597175,35926678207.284225,2774165344.545794,0.731578,8.69e-05,0.23761019733597175,0.23761019733597175,0.23761019733597175,0.23761019733597175
dogecoin,2025-09-25,0.2407374057852932,36364461609.58091,3202133565.311215,0.731578,8.69e-05,0.2407374057852932,0.2407374057852932,0.2407374057852932,0.2407374057852932
dogecoin,2025-09-26,0.22239388412703953,33580397207.15773,4145472954.1742296,0.731578,8.69e-05,0.22239388412703953,0.22239388412703953,0.22239388412703953,0.22239388412703953
dogecoin,2025-09-27,0.2324576489429464,35109246575.3974,2901374244.867177,0.731578,8.69e-05,0.2324576489429464,0.2324576489429464,0.2324576489429464,0.2324576489429464
dogecoin,2025-09-28,0.2308267057962403,34891694710.61898,1270819090.2145033,0.731578,8.69e-05,0.2308267057962403,0.2308267057962403,0.2308267057962403,0.2308267057962403
dogecoin,2025-09-29,0.2373584240120973,35868313143.92856,1503357189.300699,0.731578,8.69e-05,0.2373584240120973,0.2373584240120973,0.2373584240120973,0.2373584240120973
dogecoin,2025-09-30,0.23517093556073534,35551798520.39877,2294600863.467682,0.731578,8.69e-05,0.23517093556073534,0.23517093556073534,0.23517093556073534,0.23517093556073534
dogecoin,2025-10-01,0.2327703853015738,35172909747.73517,2028125144.741923,0.731578,8.69e-05,0.2327703853015738,0.2327703853015738,0.2327703853015738,0.2327703853015738
dogecoin,2025-10-02,0.24806693017750128,37470683028.53003,2779083637.1088796,0.731578,8.69e-05,0.24806693017750128,0.24806693017750128,0.24806693017750128,0.24806693017750128
dogecoin,2025-10-03,0.2617674571494343,39504530110.505844,3461397003.0761466,0.731578,8.69e-05,0.2617674571494343,0.2617674571494343,0.2617674571494343,0.2617674571494343
dogecoin,2025-10-04,0.2585990689382798,39150786619.10633,3163596710.6928363,0.731578,8.69e-05,0.2585990689382798,0.2585990689382798,0.2585990689382798,0.2585990689382798
dogecoin,2025-10-05,0.25088714295062026,37926155713.5251,1913004411.6609137,0.731578,8.69e-05,0.25088714295062026,0.25088714295062026,0.25088714295062026,0.25088714295062026
dogecoin,2025-10-06,0.25296284027536836,38276799495.93508,3110470554.8030787,0.731578,8.69e-05,0.25296284027536836,0.25296284027536836,0.25296284027536836,0.25296284027536836
dogecoin,2025-10-07,0.2663063497515599,40286449215.784775,3799101519.920578,0.731578,8.69e-05,0.2663063497515599,0.2663063497515599,0.2663063497515599,0.2663063497515599
dogecoin,2025-10-08,0.2474019998363525,37412345062.14425,3858405947.0936546,0.731578,8.69e-05,0.2474019998363525,0.2474019998363525,0.2474019998363525,0.2474019998363525
dogecoin,2025-10-09,0.2554779705215659,38655239791.687355,2833194614.214027,0.731578,8.69e-05,0.2554779705215659,0.2554779705215659,0.2554779705215659,0.2554779705215659
dogecoin,2025-10-10,0.24844379648914036,37569869673.972694,2920843495.681609,0.731578,8.69e-05,0.24844379648914036,0.24844379648914036,0.24844379648914036,0.24844379648914036
dogecoin,2025-10-11,0.19398560680787477,29363865692.185787,8100992365.578244,0.731578,8.69e-05,0.19398560680787477,0.19398560680787477,0.19398560680787477,0.19398560680787477
dogecoin,2025-10-12,0.18563301824171755,28084908607.39155,6261439168.809738,0.731578,8.69e-05,0.18563301824171755,0.18563301824171755,0.18563301824171755,0.18563301824171755
dogecoin,2025-10-13,0.20753659744853606,31345487239.03009,4841592543.587542,0.731578,8.69e-05,0.20753659744853606,0.20753659744853606,0.20753659744853606,0.20753659744853606
dogecoin,2025-10-14,0.21394989838012946,32374799370.765778,4517341896.36684,0.731578,8.69e-05,0.21394989838012946,0.21394989838012946,0.21394989838012946,0.21394989838012946
dogecoin,2025-10-15,0.20468099791201283,30986175598.735664,4523252918.613466,0.731578,8.69e-05,0.20468099791201283,0.20468099791201283,0.20468099791201283,0.20468099791201283
dogecoin,2025-10-16,0.196125970301963,29692979906.518795,2627147443.7439065,0.731578,8.69e-05,0.196125970301963,0.196125970301963,0.196125970301963,0.196125970301963
dogecoin,2025-10-17,0.1882065213549952,28520346231.548283,3241355827.074683,0.731578,8.69e-05,0.1882065213549952,0.1882065213549952,0.1882065213549952,0.1882065213549952
dogecoin,2025-10-18,0.18491410819207602,28017566647.82695,3111350004.410424,0.731578,8.69e-05,0.18491410819207602,0.18491410819207602,0.18491410819207602,0.18491410819207602
dogecoin,2025-10-19,0.18954325759734506,28692773109.21963,1190809147.2150729,0.731578,8.69e-05,0.18954325759734506,0.18954325759734506,0.18954325759734506,0.18954325759734506
dogecoin,2025-10-20,0.19520501124976605,29533652475.4517,1874656604.6280694,0.731578,8.69e-05,0.19520501124976605,0.19520501124976605,0.19520501124976605,0.19520501124976605
dogecoin,2025-10-21,0.19996595879779044,30284357031.020576,1988836300.0409455,0.731578,8.69e-05,0.19996595879779044,0.19996595879779044,0.19996595879779044,0.19996595879779044
dogecoin,2025-10-22,0.19449991155015053,29450097902.36554,2606141928.3068,0.731578,8.69e-05,0.19449991155015053,0.19449991155015053,0.19449991155015053,0.19449991155015053
dogecoin,2025-10-23,0.19001323956155677,28767067809.38771,2371226307.507437,0.731578,8.69e-05,0.19001323956155677,0.19001323956155677,0.19001323956155677,0.19001323956155677
dogecoin,2025-10-24,0.19477691026790134,29488219173.49132,1629446544.6487563,0.731578,8.69e-05,0.19477691026790134,0.19477691026790134,0.19477691026790134,0.19477691026790134
dogecoin,2025-10-25,0.19764132779850196,29926607273.09465,1406384513.7077901,0.731578,8.69e-05,0.19764132779850196,0.19764132779850196,0.19764132779850196,0.19764132779850196
dogecoin,2025-10-26,0.1965943046754672,29791835674.394855,1075226620.2515786,0.731578,8.69e-05,0.1965943046754672,0.1965943046754672,0.1965943046754672,0.1965943046754672
dogecoin,2025-10-27,0.20584151036172318,31177195854.827175,1581145815.6572616,0.731578,8.69e-05,0.20584151036172318,0.20584151036172318,0.20584151036172318,0.20584151036172318
dogecoin,2025-10-28,0.20052168840914944,30389994293.074062,1848345428.0483458,0.731578,8.69e-05,0.20052168840914944,0.20052168840914944,0.20052168840914944,0.20052168840914944
dogecoin,2025-10-29,0.19376247597702617,29375890794.953537,2597073599.5679064,0.731578,8.69e-05,0.19376247597702617,0.19376247597702617,0.19376247597702617,0.19376247597702617
dogecoin,2025-10-30,0.19235527078076486,29154497445.540794,2375728222.566507,0.731578,8.69e-05,0.19235527078076486,0.19235527078076486,0.19235527078076486,0.19235527078076486
dogecoin,2025-10-31,0.18266494236534228,27655387152.44982,2891292517.566665,0.731578,8.69e-05,0.18266494236534228,0.18266494236534228,0.18266494236534228,0.18266494236534228
dogecoin,2025-11-01,0.18645789100238466,28270346086.30853,1466701649.803549,0.731578,8.69e-05,0.18645789100238466,0.18645789100238466,0.18645789100238466,0.18645789100238466
dogecoin,2025-11-02,0.18727035305980386,28385376679.87382,789950913.1850047,0.731578,8.69e-05,0.18727035305980386,0.18727035305980386,0.18727035305980386,0.18727035305980386
dogecoin,2025-11-03,0.18638051983144605,28218955647.02002,900673677.7260317,0.731578,8.69e-05,0.18638051983144605,0.18638051983144605,0.18638051983144605,0.18638051983144605
dogecoin,2025-11-04,0.167088259411484,25336884829.70697,3426878777.3470144,0.731578,8.69e-05,0.167088259411484,0.167088259411484,0.167088259411484,0.167088259411484
dogecoin,2025-11-05,0.16288015004301348,24676012349.410652,4512763314.77479,0.731578,8.69e-05,0.16288015004301348,0.16288015004301348,0.16288015004301348,0.16288015004301348
dogecoin,2025-11-06,0.16736363848179914,25421797393.49717,2113003898.9125488,0.731578,8.69e-05,0.16736363848179914,0.16736363848179914,0.16736363848179914,0.16736363848179914
dogecoin,2025-11-07,0.1611765350860604,24434456868.769108,1761191836.4377356,0.731578,8.69e-05,0.1611765350860604,0.1611765350860604,0.1611765350860604,0.1611765350860604
dogecoin,2025-11-08,0.1789825325849445,27158752621.111706,2851625365.5900655,0.731578,8.69e-05,0.1789825325849445,0.1789825325849445,0.1789825325849445,0.1789825325849445
dogecoin,2025-11-09,0.17626014280423438,26740900247.53942,2106413764.2230885,0.731578,8.69e-05,0.17626014280423438,0.17626014280423438,0.17626014280423438,0.17626014280423438
dogecoin,2025-11-10,0.17908925000194684,27159758818.996647,1521006933.2410104,0.731578,8.69e-05,0.17908925000194684,0.17908925000194684,0.17908925000194684,0.17908925000194684
dogecoin,2025-11-11,0.18201794457446172,27601153911.05326,2095025563.8574345,0.731578,8.69e-05,0.18201794457446172,0.18201794457446172,0.18201794457446172,0.18201794457446172
dogecoin,2025-11-12,0.17195486145155725,26107321339.172913,1988978371.391877,0.731578,8.69e-05,0.17195486145155725,0.17195486145155725,0.17195486145155725,0.17195486145155725
dogecoin,2025-11-13,0.16994324383769366,25773145509.49191,1713240661.560612,0.731578,8.69e-05,0.16994324383769366,0.16994324383769366,0.16994324383769366,0.16994324383769366
dogecoin,2025-11-14,0.16419843945294735,24989238193.576595,2562744822.687431,0.731578,8.69e-05,0.16419843945294735,0.16419843945294735,0.16419843945294735,0.16419843945294735
dogecoin,2025-11-15,0.15788017890783018,24008527946.64763,2934556865.1146245,0.731578,8.69e-05,0.15788017890783018,0.15788017890783018,0.15788017890783018,0.15788017890783018
dogecoin,2025-11-16,0.16317232050926925,24765800250.47409,1223449546.6316926,0.731578,8.69e-05,0.16317232050926925,0.16317232050926925,0.16317232050926925,0.16317232050926925
dogecoin,2025-11-17,0.158885342685653,24118731180.68003,1692258688.5815175,0.731578,8.69e-05,0.158885342685653,0.158885342685653,0.158885342685653,0.158885342685653
dogecoin,2025-11-18,0.1517259112655674,23031169353.10367,2717616379.7304535,0.731578,8.69e-05,0.1517259112655674,0.1517259112655674,0.1517259112655674,0.1517259112655674
dogecoin,2025-11-19,0.16157155927313305,24521371650.922966,2393557029.342254,0.731578,8.69e-05,0.16157155927313305,0.16157155927313305,0.16157155927313305,0.16157155927313305
dogecoin,2025-11-20,0.15417594591610392,23389140168.370922,2189972407.907937,0.731578,8.69e-05,0.15417594591610392,0.15417594591610392,0.15417594591610392,0.15417594591610392
dogecoin,2025-11-21,0.14936991802723154,22733496999.72067,2468814238.2201114,0.731578,8.69e-05,0.14936991802723154,0.14936991802723154,0.14936991802723154,0.14936991802723154
dogecoin,2025-11-22,0.14013650514225232,21288544527.96837,3589044220.798609,0.731578,8.69e-05,0.14013650514225232,0.14013650514225232,0.14013650514225232,0.14013650514225232
dogecoin,2025-11-23,0.14033744565020795,21314789548.66435,1492192275.7281125,0.731578,8.69e-05,0.14033744565020795,0.14033744565020795,0.14033744565020795,0.14033744565020795
dogecoin,2025-11-24,0.14503697936177498,22053236403.160934,1306921819.1593063,0.731578,8.69e-05,0.14503697936177498,0.14503697936177498,0.14503697936177498,0.14503697936177498
dogecoin,2025-11-25,0.15186545225017462,23089427379.15303,1856045680.0088677,0.731578,8.69e-05,0.15186545225017462,0.15186545225017462,0.15186545225017462,0.15186545225017462
dogecoin,2025-11-26,0.153133415915494,23270745093.40436,1547034401.0443873,0.731578,8.69e-05,0.153133415915494,0.153133415915494,0.153133415915494,0.153133415915494
dogecoin,2025-11-27,0.15477076595978345,23508484016.77175,1513151991.0229554,0.731578,8.69e-05,0.15477076595978345,0.15477076595978345,0.15477076595978345,0.15477076595978345
dogecoin,2025-11-28,0.15276775634393502,23203200520.3155,920734455.2144679,0.731578,8.69e-05,0.15276775634393502,0.15276775634393502,0.15276775634393502,0.15276775634393502
dogecoin,2025-11-29,0.15031711838482992,22842767964.213512,1272576836.807874,0.731578,8.69e-05,0.15031711838482992,0.15031711838482992,0.15031711838482992,0.15031711838482992
dogecoin,2025-11-30,0.14857021850589083,22577795232.48095,653723151.0664574,0.731578,8.69e-05,0.14857021850589083,0.14857021850589083,0.14857021850589083,0.14857021850589083
dogecoin,2025-12-01,0.1466972817557756,22324219999.010845,721432628.5486178,0.731578,8.69e-05,0.1466972817557756,0.1466972817557756,0.1466972817557756,0.1466972817557756
dogecoin,2025-12-02,0.13577829077263187,20658116371.75227,1969111942.4169123,0.731578,8.69e-05,0.13577829077263187,0.13577829077263187,0.13577829077263187,0.13577829077263187
dogecoin,2025-12-03,0.14610777122799323,22209073249.121815,1467716733.3996437,0.731578,8.69e-05,0.14610777122799323,0.14610777122799323,0.14610777122799323,0.14610777122799323
dogecoin,2025-12-04,0.1519490079014202,23100432979.459904,1463453403.0980887,0.731578,8.69e-05,0.1519490079014202,0.1519490079014202,0.1519490079014202,0.1519490079014202
dogecoin,2025-12-05,0.14750673884052382,22428151481.101757,1199996534.8057668,0.731578,8.69e-05,0.14750673884052382,0.14750673884052382,0.14750673884052382,0.14750673884052382
dogecoin,2025-12-06,0.1395574899025586,22548272065.293034,1214940408.8488455,0.731578,8.69e-05,0.1395574899025586,0.1395574899025586,0.1395574899025586,0.1395574899025586
dogecoin,2025-12-07,0.13961195908450463,22555438196.971268,665841222.598522,0.731578,8.69e-05,0.13961195908450463,0.13961195908450463,0.13961195908450463,0.13961195908450463
dogecoin,2025-12-08,0.13819070715307746,22338189280.324684,1063844819.6406808,0.731578,8.69e-05,0.13819070715307746,0.13819070715307746,0.13819070715307746,0.13819070715307746
dogecoin,2025-12-09,0.14257837526799885,23037183522.375736,1129204428.9511545,0.731578,8.69e-05,0.14257837526799885,0.14257837526799885,0.14257837526799885,0.14257837526799885
dogecoin,2025-12-10,0.14814206543382394,22553650958.07186,1718540912.263944,0.731578,8.69e-05,0.14814206543382394,0.14814206543382394,0.14814206543382394,0.14814206543382394
dogecoin,2025-12-11,0.1435711895887641,21868056509.76656,1447500678.612225,0.731578,8.69e-05,0.1435711895887641,0.1435711895887641,0.1435711895887641,0.1435711895887641
dogecoin,2025-12-12,0.1404521990424531,21382924712.712284,1496443910.4202259,0.731578,8.69e-05,0.1404521990424531,0.1404521990424531,0.1404521990424531,0.1404521990424531
dogecoin,2025-12-13,0.1369938792828775,20854289796.007717,1073821005.3000586,0.731578,8.69e-05,0.1369938792828775,0.1369938792828775,0.1369938792828775,0.1369938792828775
dogecoin,2025-12-14,0.1391364520130514,23358085957.923992,507076566.20012134,0.731578,8.69e-05,0.1391364520130514,0.1391364520130514,0.1391364520130514,0.1391364520130514
dogecoin,2025-12-15,0.1342511327270273,22519273408.36393,832606252.9814545,0.731578,8.69e-05,0.1342511327270273,0.1342511327270273,0.1342511327270273,0.1342511327270273
dogecoin,2025-12-16,0.1296670313047204,21762468674.75188,1316670944.9694571,0.731578,8.69e-05,0.1296670313047204,0.1296670313047204,0.1296670313047204,0.1296670313047204
dogecoin,2025-12-17,0.13163341300230058,20021103530.783386,1055650226.5846183,0.731578,8.69e-05,0.13163341300230058,0.13163341300230058,0.13163341300230058,0.13163341300230058
dogecoin,2025-12-18,0.12617529888873202,19202480281.543976,1340216870.5505364,0.731578,8.69e-05,0.12617529888873202,0.12617529888873202,0.12617529888873202,0.12617529888873202
dogecoin,2025-12-19,0.12198946840416328,18560752110.516983,1757030418.0158772,0.731578,8.69e-05,0.12198946840416328,0.12198946840416328,0.12198946840416328,0.12198946840416328
dogecoin,2025-12-20,0.13223152145074435,22220787800.77784,1468906026.8405657,0.731578,8.69e-05,0.13223152145074435,0.13223152145074435,0.13223152145074435,0.13223152145074435
dogecoin,2025-12-21,0.13196089899121477,22164022300.85405,517883479.213873,0.731578,8.69e-05,0.13196089899121477,0.13196089899121477,0.13196089899121477,0.13196089899121477
dogecoin,2025-12-22,0.13107332764314425,22020292354.991695,637658360.8216943,0.731578,8.69e-05,0.13107332764314425,0.13107332764314425,0.13107332764314425,0.13107332764314425
dogecoin,2025-12-23,0.1324352250363626,22243949792.367107,1076904263.4595106,0.731578,8.69e-05,0.1324352250363626,0.1324352250363626,0.1324352250363626,0.1324352250363626
dogecoin,2025-12-24,0.12928287561180404,21721580397.54718,936274179.5466805,0.731578,8.69e-05,0.12928287561180404,0.12928287561180404,0.12928287561180404,0.12928287561180404
dogecoin,2025-12-25,0.12854637499400673,21597836573.729675,606433366.9428862,0.731578,8.69e-05,0.12854637499400673,0.12854637499400673,0.12854637499400673,0.12854637499400673
dogecoin,2025-12-26,0.1234735692376755,18808927675.24632,719527790.079642,0.731578,8.69e-05,0.1234735692376755,0.1234735692376755,0.1234735692376755,0.1234735692376755
dogecoin,2025-12-27,0.12199701828520598,18578288456.70482,1092602992.6854556,0.731578,8.69e-05,0.12199701828520598,0.12199701828520598,0.12199701828520598,0.12199701828520598
dogecoin,2025-12-28,0.12427372973988156,20885288408.507973,497107048.1218145,0.731578,8.69e-05,0.12427372973988156,0.12427372973988156,0.12427372973988156,0.12427372973988156
dogecoin,2025-12-29,0.12385595413327449,20814514139.879044,473196468.44849706,0.731578,8.69e-05,0.12385595413327449,0.12385595413327449,0.12385595413327449,0.12385595413327449
dogecoin,2025-12-30,0.12271386178229453,20626508050.22613,1061416930.683591,0.731578,8.69e-05,0.12271386178229453,0.12271386178229453,0.12271386178229453,0.12271386178229453
dogecoin,2025-12-31,0.1232611486337809,20710065590.206562,906778692.2955539,0.731578,8.69e-05,0.1232611486337809,0.1232611486337809,0.1232611486337809,0.1232611486337809
dogecoin,2026-01-01,0.11728672656235732,19713328746.151676,1007820054.8179834,0.731578,8.69e-05,0.11728672656235732,0.11728672656235732,0.11728672656235732,0.11728672656235732
dogecoin,2026-01-02,0.1266112971022498,21279039392.246357,1300858443.793732,0.731578,8.69e-05,0.1266112971022498,0.1266112971022498,0.1266112971022498,0.1266112971022498
dogecoin,2026-01-03,0.14153587561690467,23814630743.355232,3157651397.334022,0.731578,8.69e-05,0.14153587561690467,0.14153587561690467,0.14153587561690467,0.14153587561690467
dogecoin,2026-01-04,0.14302827593489156,24070556817.148827,1551881204.1109443,0.731578,8.69e-05,0.14302827593489156,0.14302827593489156,0.14302827593489156,0.14302827593489156
dogecoin,2026-01-05,0.14924315542751718,25084489227.153645,2334478146.095094,0.731578,8.69e-05,0.14924315542751718,0.14924315542751718,0.14924315542751718,0.14924315542751718
dogecoin,2026-01-06,0.1519393256021509,25583937359.507473,2070348594.2398338,0.731578,8.69e-05,0.1519393256021509,0.1519393256021509,0.1519393256021509,0.1519393256021509
dogecoin,2026-01-07,0.15067949515748766,25343866351.58175,2198136226.9361835,0.731578,8.69e-05,0.15067949515748766,0.15067949515748766,0.15067949515748766,0.15067949515748766
dogecoin,2026-01-08,0.14618070296026994,24587528575.049706,1434882082.205344,0.731578,8.69e-05,0.14618070296026994,0.14618070296026994,0.14618070296026994,0.14618070296026994
dogecoin,2026-01-09,0.14198298288524971,23886896871.98139,1588958622.0678587,0.731578,8.69e-05,0.14198298288524971,0.14198298288524971,0.14198298288524971,0.14198298288524971
dogecoin,2026-01-10,0.14049286062279476,23635071775.130913,1221485941.0304425,0.731578,8.69e-05,0.14049286062279476,0.14049286062279476,0.14049286062279476,0.14049286062279476
dogecoin,2026-01-11,0.13956550382681582,21290566236.93448,443153260.9392499,0.731578,8.69e-05,0.13956550382681582,0.13956550382681582,0.13956550382681582,0.13956550382681582
dogecoin,2026-01-12,0.13762170063565354,23154078291.64577,769733483.6176198,0.731578,8.69e-05,0.13762170063565354,0.13762170063565354,0.13762170063565354,0.13762170063565354
dogecoin,2026-01-13,0.13657612595384463,22987264609.37311,1282979688.4430864,0.731578,8.69e-05,0.13657612595384463,0.13657612595384463,0.13657612595384463,0.13657612595384463
dogecoin,2026-01-14,0.14775768523242752,24868119644.37002,1795687445.1508782,0.731578,8.69e-05,0.14775768523242752,0.14775768523242752,0.14775768523242752,0.14775768523242752
dogecoin,2026-01-15,0.14717593171884386,24771743560.60274,1715558937.285555,0.731578,8.69e-05,0.14717593171884386,0.14717593171884386,0.14717593171884386,0.14717593171884386
dogecoin,2026-01-16,0.13999017295875318,23558918163.280094,1477102786.953857,0.731578,8.69e-05,0.13999017295875318,0.13999017295875318,0.13999017295875318,0.13999017295875318
dogecoin,2026-01-17,0.13803590837513685,23230196980.60805,1331984168.8187118,0.731578,8.69e-05,0.13803590837513685,0.13803590837513685,0.13803590837513685,0.13803590837513685
dogecoin,2026-01-18,0.1377750977423629,23187082271.991787,579609198.7088249,0.731578,8.69e-05,0.1377750977423629,0.1377750977423629,0.1377750977423629,0.1377750977423629
dogecoin,2026-01-19,0.13205020983220853,22278398329.936348,769812737.7247313,0.731578,8.69e-05,0.13205020983220853,0.13205020983220853,0.13205020983220853,0.13205020983220853
dogecoin,2026-01-20,0.12913260545675517,21762952560.80257,1895947016.68821,0.731578,8.69e-05,0.12913260545675517,0.12913260545675517,0.12913260545675517,0.12913260545675517
dogecoin,2026-01-21,0.1232505409033576,20752897839.496906,1210321126.2257624,0.731578,8.69e-05,0.1232505409033576,0.1232505409033576,0.1232505409033576,0.1232505409033576
dogecoin,2026-01-22,0.12644451176398563,21298322630.011242,1518701620.2713366,0.731578,8.69e-05,0.12644451176398563,0.12644451176398563,0.12644451176398563,0.12644451176398563
dogecoin,2026-01-23,0.12415563067569813,20900438856.328594,767476355.9029032,0.731578,8.69e-05,0.12415563067569813,0.12415563067569813,0.12415563067569813,0.12415563067569813
dogecoin,2026-01-24,0.12459272073883498,20974090789.369133,834701811.5708479,0.731578,8.69e-05,0.12459272073883498,0.12459272073883498,0.12459272073883498,0.12459272073883498
dogecoin,2026-01-25,0.12407396440823537,20890295389.845135,345124746.0165281,0.731578,8.69e-05,0.12407396440823537,0.12407396440823537,0.12407396440823537,0.12407396440823537
dogecoin,2026-01-26,0.11928718890285936,20087179616.17877,974724398.8980706,0.731578,8.69e-05,0.11928718890285936,0.11928718890285936,0.11928718890285936,0.11928718890285936
dogecoin,2026-01-27,0.12234335135625338,20600811193.22603,1075145356.1210701,0.731578,8.69e-05,0.12234335135625338,0.12234335135625338,0.12234335135625338,0.12234335135625338
dogecoin,2026-01-28,0.126058502608312,21243999709.884617,1049583014.561851,0.731578,8.69e-05,0.126058502608312,0.126058502608312,0.126058502608312,0.126058502608312
dogecoin,2026-01-29,0.12488805275945465,21046248365.892105,1000570363.163675,0.731578,8.69e-05,0.12488805275945465,0.12488805275945465,0.12488805275945465,0.12488805275945465
dogecoin,2026-01-30,0.11710772670706057,19735342275.599613,1741317203.3263252,0.731578,8.69e-05,0.11710772670706057,0.11710772670706057,0.11710772670706057,0.11710772670706057
dogecoin,2026-01-31,0.11570615704260108,19502011492.368946,1669905331.352712,0.731578,8.69e-05,0.11570615704260108,0.11570615704260108,0.11570615704260108,0.11570615704260108
dogecoin,2026-02-01,0.10391816890451142,17501719548.82245,2749642215.501718,0.731578,8.69e-05,0.10391816890451142,0.10391816890451142,0.10391816890451142,0.10391816890451142
dogecoin,2026-02-02,0.10446571067651927,17607238710.016655,1575804137.1201124,0.731578,8.69e-05,0.10446571067651927,0.10446571067651927,0.10446571067651927,0.10446571067651927
dogecoin,2026-02-03,0.10791475617863952,18204555166.48805,2071984392.3646946,0.731578,8.69e-05,0.10791475617863952,0.10791475617863952,0.10791475617863952,0.10791475617863952
dogecoin,2026-02-04,0.10558766312015572,17807358031.1625,2014318853.1480677,0.731578,8.69e-05,0.10558766312015572,0.10558766312015572,0.10558766312015572,0.10558766312015572
figure-heloc,2025-08-26,0.9963328,0.0,24561674.948169015,1.37,0.155357,0.9963328,0.9963328,0.9963328,0.9963328
figure-heloc,2025-08-27,0.9963328,0.0,24561674.948169015,1.37,0.155357,0.9963328,0.9963328,0.9963328,0.9963328
figure-heloc,2025-08-28,1.027829,0.0,44119466.35375767,1.37,0.155357,1.027829,1.027829,1.027829,1.027829
figure-heloc,2025-08-29,1.0002922,0.0,907510245.1461282,1.37,0.155357,1.0002922,1.0002922,1.0002922,1.0002922
figure-heloc,2025-08-30,1.0561336,0.0,169415213.1324254,1.37,0.155357,1.0561336,1.0561336,1.0561336,1.0561336
figure-heloc,2025-08-31,1.0,0.0,475031.0,1.37,0.155357,1.0,1.0,1.0,1.0
figure-heloc,2025-09-01,1.0,0.0,476431.0,1.37,0.155357,1.0,1.0,1.0,1.0
figure-heloc,2025-09-02,1.0067018,12256109807.887861,13855609.18334009,1.37,0.155357,1.0067018,1.0067018,1.0067018,1.0067018
figure-heloc,2025-09-03,1.0067018,12256109807.887861,13855609.18334009,1.37,0.155357,1.0067018,1.0067018,1.0067018,1.0067018
figure-heloc,2025-09-04,0.9969653,12216018143.8496,33095148.512536354,1.37,0.155357,0.9969653,0.9969653,0.9969653,0.9969653
figure-heloc,2025-09-05,1.0337352,12658508663.59381,215620101.44826442,1.37,0.155357,1.0337352,1.0337352,1.0337352,1.0337352
figure-heloc,2025-09-06,1.0042326,12297237307.352343,27867114.90826798,1.37,0.155357,1.0042326,1.0042326,1.0042326,1.0042326
figure-heloc,2025-09-07,1.0,12245407396.008,501484.35000000003,1.37,0.155357,1.0,1.0,1.0,1.0
figure-heloc,2025-09-08,1.0,12245407396.008,18860.0,1.37,0.155357,1.0,1.0,1.0,1.0
figure-heloc,2025-09-09,0.9957785,12252877582.945795,10354758.487943126,1.37,0.155357,0.9957785,0.9957785,0.9957785,0.9957785
figure-heloc,2025-09-10,0.9974067,12272912294.762281,19219169.46678908,1.37,0.155357,0.9974067,0.9974067,0.9974067,0.9974067
figure-heloc,2025-09-11,0.9925529,12259019987.28523,22399365.610615987,1.37,0.155357,0.9925529,0.9925529,0.9925529,0.9925529
figure-heloc,2025-09-12,1.0361964,12829509664.652971,41642955.336604126,1.37,0.155357,1.0361964,1.0361964,1.0361964,1.0361964
figure-heloc,2025-09-13,1.0109149,12516490580.059622,29673999.921824303,1.37,0.155357,1.0109149,1.0109149,1.0109149,1.0109149
figure-heloc,2025-09-14,1.0,12381349389.607,539696.29,1.37,0.155357,1.0,1.0,1.0,1.0
figure-heloc,2025-09-15,1.0,12381349389.607,541566.29,1.37,0.155357,1.0,1.0,1.0,1.0
figure-heloc,2025-09-16,0.9956035,12369407615.656546,11819223.148008993,1.37,0.155357,0.9956035,0.9956035,0.9956035,0.9956035
figure-heloc,2025-09-17,0.9972857,12460007409.727129,25219156.632602043,1.37,0.155357,0.9972857,0.9972857,0.9972857,0.9972857
figure-heloc,2025-09-18,1.0247849,12806287473.7567,73434460.55382496,1.37,0.155357,1.0247849,1.0247849,1.0247849,1.0247849
figure-heloc,2025-09-19,1.0359037,12953118528.640133,233326938.30367655,1.37,0.155357,1.0359037,1.0359037,1.0359037,1.0359037
figure-heloc,2025-09-20,0.9974495,12525837975.301332,19697016.66800253,1.37,0.155357,0.9974495,0.9974495,0.9974495,0.9974495
figure-heloc,2025-09-21,1.0,12582021563.482,510170.0,1.37,0.155357,1.0,1.0,1.0,1.0
figure-heloc,2025-09-22,1.0,12582021563.482,511330.0,1.37,0.155357,1.0,1.0,1.0,1.0
figure-heloc,2025-09-23,0.9970039,12532064842.243576,10440473.50277677,1.37,0.155357,0.9970039,0.9970039,0.9970039,0.9970039
figure-heloc,2025-09-24,0.99701,12596423092.67929,29432185.919159602,1.37,0.155357,0.99701,0.99701,0.99701,0.99701
figure-heloc,2025-09-25,0.9998565,12628967366.7087,157323548.69183677,1.37,0.155357,0.9998565,0.9998565,0.9998565,0.9998565
figure-heloc,2025-09-26,1.0066126,12764285085.692226,19726395.839715328,1.37,0.155357,1.0066126,1.0066126,1.0066126,1.0066126
figure-heloc,2025-09-27,1.0251967,12999939547.459358,45124211.27457144,1.37,0.155357,1.0251967,1.0251967,1.0251967,1.0251967
figure-heloc,2025-09-28,1.0,12680434444.882,838193.0,1.37,0.155357,1.0,1.0,1.0,1.0
figure-heloc,2025-09-29,1.0,12732169313.862,2600.0,1.37,0.155357,1.0,1.0,1.0,1.0
figure-heloc,2025-09-30,1.0461777,13317086587.34813,56595165.07762864,1.37,0.155357,1.0461777,1.0461777,1.0461777,1.0461777
figure-heloc,2025-10-01,0.9980346,12722985078.665388,47084733.70355308,1.37,0.155357,0.9980346,0.9980346,0.9980346,0.9980346
figure-heloc,2025-10-02,1.0265476,13280294753.134142,72879200.90596998,1.37,0.155357,1.0265476,1.0265476,1.0265476,1.0265476
figure-heloc,2025-10-03,1.0078931,12918447257.707024,48817110.54580413,1.37,0.155357,1.0078931,1.0078931,1.0078931,1.0078931
figure-heloc,2025-10-04,1.0085216,12943375108.261536,16699332.149926813,1.37,0.155357,1.0085216,1.0085216,1.0085216,1.0085216
figure-heloc,2025-10-05,1.0,12834008818.712,754002.0,1.37,0.155357,1.0,1.0,1.0,1.0
figure-heloc,2025-10-06,1.0,12834008818.712,54120.0,1.37,0.155357,1.0,1.0,1.0,1.0
figure-heloc,2025-10-07,0.9975792,12812851360.514969,10282543.03382113,1.37,0.155357,0.9975792,0.9975792,0.9975792,0.9975792
figure-heloc,2025-10-08,0.9966629,12863570992.46928,28046251.45806028,1.37,0.155357,0.9966629,0.9966629,0.9966629,0.9966629
figure-heloc,2025-10-09,1.0170958,13143419145.750986,17291943.716665138,1.37,0.155357,1.0170958,1.0170958,1.0170958,1.0170958
figure-heloc,2025-10-10,1.0300279,13341026580.352184,122082234.07274982,1.37,0.155357,1.0300279,1.0300279,1.0300279,1.0300279
figure-heloc,2025-10-11,1.035177,13407718249.543758,61440288.230907105,1.37,0.155357,1.035177,1.035177,1.035177,1.035177
figure-heloc,2025-10-12,1.0,12952102152.138,603543.0,1.37,0.155357,1.0,1.0,1.0,1.0
figure-heloc,2025-10-13,1.0,12992316471.338,40148.0,1.37,0.155357,1.0,1.0,1.0,1.0
figure-heloc,2025-10-14,0.9984536,12966409292.453016,6332459.989789955,1.37,0.155357,0.9984536,0.9984536,0.9984536,0.9984536
figure-heloc,2025-10-15,0.9911608,12859165702.323864,5821840.824150176,1.37,0.155357,0.9911608,0.9911608,0.9911608,0.9911608
figure-heloc,2025-10-16,1.023089,13305078315.640379,73548928.18972512,1.37,0.155357,1.023089,1.023089,1.023089,1.023089
figure-heloc,2025-10-17,1.0429057,13611900866.322647,125088951.14719774,1.37,0.155357,1.0429057,1.0429057,1.0429057,1.0429057
figure-heloc,2025-10-18,0.9996274,13078156437.92207,104874703.69419956,1.37,0.155357,0.9996274,0.9996274,0.9996274,0.9996274
figure-heloc,2025-10-19,1.0,13083031175.338,718799.79,1.37,0.155357,1.0,1.0,1.0,1.0
figure-heloc,2025-10-20,1.0,13083031175.338,2000.0,1.37,0.155357,1.0,1.0,1.0,1.0
figure-heloc,2025-10-21,0.9967829,13088500620.589563,18432799.834144372,1.37,0.155357,0.9967829,0.9967829,0.9967829,0.9967829
figure-heloc,2025-10-22,1.020207,13434811299.837946,44613238.74164547,1.37,0.155357,1.020207,1.020207,1.020207,1.020207
figure-heloc,2025-10-23,1.0004296,13199109699.954145,608944295.8650364,1.37,0.155357,1.0004296,1.0004296,1.0004296,1.0004296
figure-heloc,2025-10-24,1.0092475,13339888589.445168,21246371.38764456,1.37,0.155357,1.0092475,1.0092475,1.0092475,1.0092475
figure-heloc,2025-10-25,0.498796,6601909734.459495,15100445.6741288,1.37,0.155357,0.498796,0.498796,0.498796,0.498796
figure-heloc,2025-10-26,0.9992996,13226420734.89258,1162831.3399950701,1.37,0.155357,0.9992996,0.9992996,0.9992996,0.9992996
figure-heloc,2025-10-27,1.0,13235691012.878,1500.0,1.37,0.155357,1.0,1.0,1.0,1.0
figure-heloc,2025-10-28,0.9972013,13208312097.480307,10969282.161826884,1.37,0.155357,0.9972013,0.9972013,0.9972013,0.9972013
figure-heloc,2025-10-29,1.0298624,13699201191.254921,64123209.54655461,1.37,0.155357,1.0298624,1.0298624,1.0298624,1.0298624
figure-heloc,2025-10-30,0.9991034,13324040297.191822,32268258.37232195,1.37,0.155357,0.9991034,0.9991034,0.9991034,0.9991034
figure-heloc,2025-10-31,0.2340344,3125308780.3634634,28778082.380990528,1.37,0.155357,0.2340344,0.2340344,0.2340344,0.2340344
figure-heloc,2025-11-01,1.044208,13970691852.538015,175553692.90114024,1.37,0.155357,1.044208,1.044208,1.044208,1.044208
figure-heloc,2025-11-02,1.0169749,13617887337.321474,529122.5004975564,1.37,0.155357,1.0169749,1.0169749,1.0169749,1.0169749
figure-heloc,2025-11-03,1.0169749,13617887337.321474,529122.5004975564,1.37,0.155357,1.0169749,1.0169749,1.0169749,1.0169749
figure-heloc,2025-11-04,1.00542,13461083453.033457,12529923.053922255,1.37,0.155357,1.00542,1.00542,1.00542,1.00542
figure-heloc,2025-11-05,1.0333763,13890293672.636763,24365591.8388614,1.37,0.155357,1.0333763,1.0333763,1.0333763,1.0333763
figure-heloc,2025-11-06,1.0312779,13881193366.30185,13173370.791810228,1.37,0.155357,1.0312779,1.0312779,1.0312779,1.0312779
figure-heloc,2025-11-07,1.0304729,13897920501.595179,15535189.725446973,1.37,0.155357,1.0304729,1.0304729,1.0304729,1.0304729
figure-heloc,2025-11-08,1.0287934,13892008294.645979,12764427.130911252,1.37,0.155357,1.0287934,1.0287934,1.0287934,1.0287934
figure-heloc,2025-11-09,1.046765,14158285932.04561,78296100.84079255,1.37,0.155357,1.046765,1.046765,1.046765,1.046765
figure-heloc,2025-11-10,1.046765,14158285932.04561,78296100.84079255,1.37,0.155357,1.046765,1.046765,1.046765,1.046765
figure-heloc,2025-11-11,1.0310212,13945339165.525007,9686806.268951438,1.37,0.155357,1.0310212,1.0310212,1.0310212,1.0310212
figure-heloc,2025-11-12,1.0373879,14023565575.067083,17018611.508782007,1.37,0.155357,1.0373879,1.0373879,1.0373879,1.0373879
figure-heloc,2025-11-13,1.0169999,13798738137.54935,6094146.3567297235,1.37,0.155357,1.0169999,1.0169999,1.0169999,1.0169999
figure-heloc,2025-11-14,1.0378869,14068602692.538517,52575702.83784043,1.37,0.155357,1.0378869,1.0378869,1.0378869,1.0378869
figure-heloc,2025-11-15,1.0376511,14107556198.5863,223032842.16531897,1.37,0.155357,1.0376511,1.0376511,1.0376511,1.0376511
figure-heloc,2025-11-16,1.02654,13984297001.329098,54760788.7416648,1.37,0.155357,1.02654,1.02654,1.02654,1.02654
figure-heloc,2025-11-17,1.02654,13984297001.329098,109521577.4833296,1.37,0.155357,1.02654,1.02654,1.02654,1.02654
figure-heloc,2025-11-18,1.0287422,14028277682.118343,13751317.648680367,1.37,0.155357,1.0287422,1.0287422,1.0287422,1.0287422
figure-heloc,2025-11-19,1.0314033,14139746999.13529,36963580.67377403,1.37,0.155357,1.0314033,1.0314033,1.0314033,1.0314033
figure-heloc,2025-11-20,1.0347975,14219413242.88838,21746659.340203494,1.37,0.155357,1.0347975,1.0347975,1.0347975,1.0347975
figure-heloc,2025-11-21,1.0172543,14009223435.97972,28730574.884189583,1.37,0.155357,1.0172543,1.0172543,1.0172543,1.0172543
figure-heloc,2025-11-22,1.0298158,14204428116.256542,21411061.798093036,1.37,0.155357,1.0298158,1.0298158,1.0298158,1.0298158
figure-heloc,2025-11-23,1.02621,14170843837.96877,7264132.5791661,1.37,0.155357,1.02621,1.02621,1.02621,1.02621
figure-heloc,2025-11-24,1.02621,14170843837.96877,7264132.5791661,1.37,0.155357,1.02621,1.02621,1.02621,1.02621
figure-heloc,2025-11-25,1.0310968,14231902443.103146,18840167.08982876,1.37,0.155357,1.0310968,1.0310968,1.0310968,1.0310968
figure-heloc,2025-11-26,1.0059241,13949095683.232878,778255602.0238465,1.37,0.155357,1.0059241,1.0059241,1.0059241,1.0059241
figure-heloc,2025-11-27,1.0360244,14366494933.130573,67457885.14636596,1.37,0.155357,1.0360244,1.0360244,1.0360244,1.0360244
figure-heloc,2025-11-28,1.0462745,14570619922.906961,395944.6910001443,1.37,0.155357,1.0462745,1.0462745,1.0462745,1.0462745
figure-heloc,2025-11-29,1.0397093,14476305353.954624,14897486.784285467,1.37,0.155357,1.0397093,1.0397093,1.0397093,1.0397093
figure-heloc,2025-11-30,1.0249049,14288575001.39299,146770.66648418247,1.37,0.155357,1.0249049,1.0249049,1.0249049,1.0249049
figure-heloc,2025-12-01,1.0249049,14288575001.39299,146770.66648418247,1.37,0.155357,1.0249049,1.0249049,1.0249049,1.0249049
figure-heloc,2025-12-02,1.0311473,14366803139.952652,24948607.88817753,1.37,0.155357,1.0311473,1.0311473,1.0311473,1.0311473
figure-heloc,2025-12-03,1.034684,14471421101.184189,22514903.939029437,1.37,0.155357,1.034684,1.034684,1.034684,1.034684
figure-heloc,2025-12-04,1.0017172,14047443465.58643,387788917.34718245,1.37,0.155357,1.0017172,1.0017172,1.0017172,1.0017172
figure-heloc,2025-12-05,1.001318,14044096701.847645,465289189.9224462,1.37,0.155357,1.001318,1.001318,1.001318,1.001318
figure-heloc,2025-12-06,1.0391568,14574808989.33461,292869584.7260512,1.37,0.155357,1.0391568,1.0391568,1.0391568,1.0391568
figure-heloc,2025-12-07,1.0285794,14469471305.539267,96951.20140193141,1.37,0.155357,1.0285794,1.0285794,1.0285794,1.0285794
figure-heloc,2025-12-08,1.0285794,14469471305.539267,96951.20140193141,1.37,0.155357,1.0285794,1.0285794,1.0285794,1.0285794
figure-heloc,2025-12-09,1.0302163,14489184585.178303,11942256.683227621,1.37,0.155357,1.0302163,1.0302163,1.0302163,1.0302163
figure-heloc,2025-12-10,1.0332595,14558626248.72926,20897522.575891305,1.37,0.155357,1.0332595,1.0332595,1.0332595,1.0332595
figure-heloc,2025-12-11,1.0205235,14420114241.621658,19645312.52251741,1.37,0.155357,1.0205235,1.0205235,1.0205235,1.0205235
figure-heloc,2025-12-12,1.0309078,14589683867.573374,221787599.18325055,1.37,0.155357,1.0309078,1.0309078,1.0309078,1.0309078
figure-heloc,2025-12-13,1.0314235,14596982192.38041,12473906.514016675,1.37,0.155357,1.0314235,1.0314235,1.0314235,1.0314235
figure-heloc,2025-12-14,1.0,14152268386.73,742053.62,1.37,0.155357,1.0,1.0,1.0,1.0
figure-heloc,2025-12-15,1.0,14152268386.73,742053.62,1.37,0.155357,1.0,1.0,1.0,1.0
figure-heloc,2025-12-16,1.0314763,14634010907.396612,12111588.651780896,1.37,0.155357,1.0314763,1.0314763,1.0314763,1.0314763
figure-heloc,2025-12-17,1.0331295,14713120306.993973,26140188.383997776,1.37,0.155357,1.0331295,1.0331295,1.0331295,1.0331295
figure-heloc,2025-12-18,1.001266,14282775361.241806,374611400.61144376,1.37,0.155357,1.001266,1.001266,1.001266,1.001266
figure-heloc,2025-12-19,1.0123518,14440911152.429815,401500511.5703746,1.37,0.155357,1.0123518,1.0123518,1.0123518,1.0123518
figure-heloc,2025-12-20,1.0017211,14289267233.598303,255443509.0611651,1.37,0.155357,1.0017211,1.0017211,1.0017211,1.0017211
figure-heloc,2025-12-21,1.0206502,14559285473.596947,237970.33563996552,1.37,0.155357,1.0206502,1.0206502,1.0206502,1.0206502
figure-heloc,2025-12-22,1.0206502,14559285473.596947,237970.33563996552,1.37,0.155357,1.0206502,1.0206502,1.0206502,1.0206502
figure-heloc,2025-12-23,1.0356124,14818159589.646303,40833245.21195993,1.37,0.155357,1.0356124,1.0356124,1.0356124,1.0356124
figure-heloc,2025-12-24,1.0267446,14683352778.579805,41704007.92441519,1.37,0.155357,1.0267446,1.0267446,1.0267446,1.0267446
figure-heloc,2025-12-25,1.0397183,14906294968.65512,67004532.50004985,1.37,0.155357,1.0397183,1.0397183,1.0397183,1.0397183
figure-heloc,2025-12-26,1.0389991,14924929393.375898,223095.4552000802,1.37,0.155357,1.0389991,1.0389991,1.0389991,1.0389991
figure-heloc,2025-12-27,1.025905,14734694024.897457,5752163.090418612,1.37,0.155357,1.025905,1.025905,1.025905,1.025905
figure-heloc,2025-12-28,1.02033,14668507311.229305,870976.4999325707,1.37,0.155357,1.02033,1.02033,1.02033,1.02033
figure-heloc,2025-12-29,1.02033,14668507311.229305,870976.4999325707,1.37,0.155357,1.02033,1.02033,1.02033,1.02033
figure-heloc,2025-12-30,1.035325,14878241978.942986,20018475.10575208,1.37,0.155357,1.035325,1.035325,1.035325,1.035325
figure-heloc,2025-12-31,1.0414937,15008878408.745598,306261881.9050355,1.37,0.155357,1.0414937,1.0414937,1.0414937,1.0414937
figure-heloc,2026-01-01,1.0363814,14928490472.689796,12908899.648511501,1.37,0.155357,1.0363814,1.0363814,1.0363814,1.0363814
figure-heloc,2026-01-02,1.0192229,14668505248.170382,497944.0261224057,1.37,0.155357,1.0192229,1.0192229,1.0192229,1.0192229
figure-heloc,2026-01-03,1.0326658,14858269135.012667,6150270.524097055,1.37,0.155357,1.0326658,1.0326658,1.0326658,1.0326658
figure-heloc,2026-01-04,1.0194508,14668128213.700861,655235.5101654236,1.37,0.155357,1.0194508,1.0194508,1.0194508,1.0194508
figure-heloc,2026-01-05,1.0194508,14668128213.700861,0.0,1.37,0.155357,1.0194508,1.0194508,1.0194508,1.0194508
figure-heloc,2026-01-06,1.032121,14850430408.268007,12949343.344468072,1.37,0.155357,1.032121,1.032121,1.032121,1.032121
figure-heloc,2026-01-07,1.0343359,14923589692.63742,16405474.463906191,1.37,0.155357,1.0343359,1.0343359,1.0343359,1.0343359
figure-heloc,2026-01-08,1.0335887,14947637073.967617,7472765.7452371195,1.37,0.155357,1.0335887,1.0335887,1.0335887,1.0335887
figure-heloc,2026-01-09,1.0344264,14980565647.327393,12098130.258840853,1.37,0.155357,1.0344264,1.0344264,1.0344264,1.0344264
figure-heloc,2026-01-10,1.0334133,14985688855.842459,19721345.77242891,1.37,0.155357,1.0334133,1.0334133,1.0334133,1.0334133
figure-heloc,2026-01-11,1.0,14519551285.836,209837.83,1.37,0.155357,1.0,1.0,1.0,1.0
figure-heloc,2026-01-12,1.0,14519551285.836,209837.83,1.37,0.155357,1.0,1.0,1.0,1.0
figure-heloc,2026-01-13,1.0378413,15062486165.901535,40994172.36075846,1.37,0.155357,1.0378413,1.0378413,1.0378413,1.0378413
figure-heloc,2026-01-14,1.033139,15052710702.7251,23706438.322822627,1.37,0.155357,1.033139,1.033139,1.033139,1.033139
figure-heloc,2026-01-15,1.0205298,14896066192.8857,337932.32959479466,1.37,0.155357,1.0205298,1.0205298,1.0205298,1.0205298
figure-heloc,2026-01-16,1.0299606,15057977082.194998,142660565.92506838,1.37,0.155357,1.0299606,1.0299606,1.0299606,1.0299606
figure-heloc,2026-01-17,1.0313127,15091692324.260902,13043083.516070208,1.37,0.155357,1.0313127,1.0313127,1.0313127,1.0313127
figure-heloc,2026-01-18,1.0,14633478598.936,57406.63,1.37,0.155357,1.0,1.0,1.0,1.0
figure-heloc,2026-01-19,1.0,14653817053.036,57406.63,1.37,0.155357,1.0,1.0,1.0,1.0
figure-heloc,2026-01-20,1.0261718,15030689939.997707,9399410.650564283,1.37,0.155357,1.0261718,1.0261718,1.0261718,1.0261718
figure-heloc,2026-01-21,1.0261718,15030689939.997707,9399410.650564283,1.37,0.155357,1.0261718,1.0261718,1.0261718,1.0261718
figure-heloc,2026-01-22,1.0331779,15122342250.00898,23097328.091078606,1.37,0.155357,1.0331779,1.0331779,1.0331779,1.0331779
figure-heloc,2026-01-23,1.0447746,15350449128.727465,64130695.476808935,1.37,0.155357,1.0447746,1.0447746,1.0447746,1.0447746
figure-heloc,2026-01-24,1.0223441,15042899422.710838,21412382.94325443,1.37,0.155357,1.0223441,1.0223441,1.0223441,1.0223441
figure-heloc,2026-01-25,1.0260047,15130953635.191433,250471.87803925213,1.37,0.155357,1.0260047,1.0260047,1.0260047,1.0260047
figure-heloc,2026-01-26,1.0260047,15170431156.51409,250471.87803925213,1.37,0.155357,1.0260047,1.0260047,1.0260047,1.0260047
figure-heloc,2026-01-27,1.0312612,15244258156.801975,17501528.545628257,1.37,0.155357,1.0312612,1.0312612,1.0312612,1.0312612
figure-heloc,2026-01-28,1.0324906,15310635193.388676,24626754.442471422,1.37,0.155357,1.0324906,1.0324906,1.0324906,1.0324906
figure-heloc,2026-01-29,1.0295606,15193424886.141218,77249565.12886375,1.37,0.155357,1.0295606,1.0295606,1.0295606,1.0295606
figure-heloc,2026-01-30,1.0376183,15346792550.431252,130638296.32426548,1.37,0.155357,1.0376183,1.0376183,1.0376183,1.0376183
figure-heloc,2026-01-31,1.0416674,15514058949.480436,126910099.33055554,1.37,0.155357,1.0416674,1.0416674,1.0416674,1.0416674
figure-heloc,2026-02-01,1.0,14891974533.847,235361.58,1.37,0.155357,1.0,1.0,1.0,1.0
figure-heloc,2026-02-02,1.0,14891974533.847,235361.58,1.37,0.155357,1.0,1.0,1.0,1.0
figure-heloc,2026-02-03,1.0326508,15361302252.710577,8262746.055164932,1.37,0.155357,1.0326508,1.0326508,1.0326508,1.0326508
figure-heloc,2026-02-04,1.0353861,15476219914.161678,26820187.82505099,1.37,0.155357,1.0353861,1.0353861,1.0353861,1.0353861
